# Resource object code (Python 3)
# Created by: object code
# Created by: The Resource Compiler for Qt version 6.7.2
# WARNING! All changes made in this file will be lost!

from PySide6 import QtCore

qt_resource_data = b"\
\x00\x00[.\
\x89\
PNG\x0d\x0a\x1a\x0a\x00\x00\x00\x0dIHDR\x00\
\x00\x02\x00\x00\x00\x02\x00\x08\x06\x00\x00\x00\xf4x\xd4\xfa\
\x00\x00\x00\x04sBIT\x08\x08\x08\x08|\x08d\x88\
\x00\x00\x00\x09pHYs\x00\x00\x0e\xc4\x00\x00\x0e\xc4\
\x01\x95+\x0e\x1b\x00\x00\x00\x19tEXtSof\
tware\x00www.inksca\
pe.org\x9b\xee<\x1a\x00\x00 \x00ID\
ATx\x9c\xec\xddw\xb8$U\xb5\xf7\xf1\xdf\x02\x06\
fHC\xce\x08\x08H\x90(9\x0f\xa0\x04E\xc1\x00\
\x0a\x08\x06D\xaf\x09\xf4\x1aPL\x981\xbc\x98\x10\xd4\
\xcbE\xaf\x01P\x90 H\x10\x14\x94\x9c\x83$\x89C\
\x1e\xf20L`\xe2\xf7\xfdc\xf7\xd1a8s\xba\xaa\
\xbbV\xed\xea\xee\xf5y\x9ey@\xe9Y\xb5*t\xd7\
\xaa];H!\x84\x10B\x08!\x84\x10B\x08!\x84\
\x10B\x08!\x84\x10B\x08!\x84\x10B\x08!\x84\x10\
B\x08!\x84\x10B\x08!\x84\x10B\x08!\x84\x10B\
\x08!\x84\x10B\x08!\x84\x10B\x08!\x84\x10B\x08\
!\x84\x10B\x08!\x84\x10B\x08!\x84\x10B\x08!\
\x84\x10B\x08!\x84\x10B\x08!\x84\x10B\x08!\x84\
\x10B\x08!\x84\x10B\x08!\x84\x10B\x08!\x84\x10\
B\x08!\x84\x10B\x08!\x84\x10B\x08!\x84\x10B\
\x08!\x84\x10B\x08!\x84\x10B\x08!\x84\x10B\x08\
!\x84\x10B\x08!\x84\x10B\x08!\x84\x10B\x08!\
\x84\x10B{\x96;\x81\x10B\xe8\x07\x80IZ]\xd2\
:\x92\xd6\x95\xf4*I+IZ~\xae?\x8bIZ\
D\xd2\x82\x92\x96l\xfd\xd5I\x92fK\x9a.i\x8a\
\xa4\xa7\xe7\xfa3A\xd2\xc3\x92\xee\x95t\x9f\xa4G\xcc\
\x8cz\xf6(\xf4\xbb(\x00B\x08\xa1$`\x94\xa4M\
$m\xd9\xfa\xb3\x85\xa4\x0d$\x8dv\xde\xf4K\x92\xee\
\x92t\xa3\xa4\x1bZ\x7fn3\xb3\x99\xce\xdb\x0d}(\
\x0a\x80\x10Bh\x03XP\xd2f\x92^\xdf\xfa\xb3\x83\
\xa41Y\x93\xfa\x8fi\x92n\x92t\x85\xa4K$\xfd\
=\x0a\x82PD\x14\x00!\x840\x0c`QI{I\
z\x9b\xa47IZ*oF\x85=/\xe9<Ig\
J\xba\xc8\xcc\xa6e\xce'4T\x14\x00!\x84\xd0\x02\
,$\xe9\x8d\x92\x0ei\xfds\xd1\xbc\x19um\x8a\xa4\
\xf3%\xfdF\xd2\x05f6+s>\xa1A\xa2\x00\x08\
!\x0c<\xe05\x92\x0e\x92\xf4>\xa5\xce{\xfdh\x82\
\xa4?H:\xc9\xcc\xfe\x99;\x99\x90_\x14\x00!\x84\
\x81\x05\xec(\xe9(\xa5&\xfeA\xfa=\xbcR\xd2w\
$\x9d\x17\xa3\x0a\x06\xd7 ]\xf0!\x840\xd4\x83\xff\
`I\xff-i\xe3\xcc\xe9\xe4v\x9b\xa4\xe3$\x9d\x12\
\x1d\x07\x07O\x14\x00!\x84\x81\x00, \xe9\xed\x92\xbe\
\xa94N?\xfc\xc7C\x92\xbe%\xe9\xe4\xe8'08\
\xa2\x00\x08!\xf4\xb5\xd6\x04=\xef\x94t\x8c\xa4\xf5\xf2\
f\xd3xwK\xfa\x8a\xa4\xd3\xe3\xd5@\xff\x8b\x02 \
\x84\xd0\xb7\x80\xd7I\xfa\xb1\xd2\xb8\xfdP\xdc\xf5\x92\x8e\
0\xb3kr'\x12\xfc,\x90;\x81\x10B\xa8\x1a\xb0\
\x02p\x92\xd2\x8d,n\xfe\xe5m%\xe9J\xe0\x17\xc0\
\xf2\xb9\x93\x09>\xa2\x05 \x84\xd0W\x80\xfd%\x9d \
i\xb9\xdc\xb9\xf4\x89\x89\x92\x8e2\xb3_\xe4N$T\
+\x0a\x80\x10B_\x00VQ\xba\xf1\xef\x9b;\x97>\
u\x81\xa4\x0f\x99\xd9#\xb9\x13\x09\xd5\x88W\x00!\x84\
\x9e\x07\xbcW\xa9\x03[\xdc\xfc\xfd\xec-\xe9\x9f\xc0!\
\xb9\x13\x09\xd5\x88\x16\x80\x10B\xcf\x02\x96\x90t\xa2\xd2\
\xb8\xfeP\x9f\xd3%}\xd0\xcc&\xe6N$t.\x0a\
\x80\x10BO\x02\xb6\x92t\xaa\xa4\xb5s\xe72\xa0\xee\
\x93t\xa0\x99\xdd\x90;\x91\xd0\x99x\x05\x10B\xe89\
\xc0\xbb%\xfd]q\xf3\xcfi\x1dIW\x00\x87\xe5N\
$t&\x0a\x80\x10B\xcf\x00\x16\x02\x8eUZ\xddn\
L\xee|\x82\x16\x91t\x12\xf0\xf3\xd6\x14\xcb\xa1\x87\xc4\
+\x80\x10BO\x00\x96\x93\xf4GI;\xe7\xce%\x0c\
\xeb2Io7\xb3\xe7r'\x12\x8a\x89\x02 \x84\xd0\
x\xc0\x9a\x92.TL\xe5\xdbt\xf7I\xda\xdb\xcc\xee\
\xcb\x9dHh/\x0a\x80\x10B\xa3\x01\x9bK:_\xd2\
J\xb9s)i\xa6\xa4\x07$\xdd/\xe9)I\x13$\
=)i\xaa\xa4\xd9\x92&\xb5>\xb7\xa4\xa4\x05%-\
*iE\xa5\xfd\x5cA\xe9\x1d\xfbZ\x92z\xadi\xfd\
qIo4\xb3[s'\x12F\x16\x05@\x08\xa1\xb1\
\x80\xdd$\x9d-i\x89\xdc\xb9\xb41E\xd2\x0d\x92\xae\
\x93t\xad\xd22\xbb\x0fv\xbb\xb2^\xeb\xbd\xfaZ\x92\
6\x95\xb4u\xeb\xcf\x96J\xc5B\x93M\x92\xb4\xaf\x99\
]\x96;\x910\x7fQ\x00\x84\x10\x1a\x09\xd8C\xe9\xe6\
\xdf\xd4\xce~7)\xbd\x96\xb8X\xd2Uf6\xa3\x8e\
\x8d\x02\x8bH\xda^\xd2\x1e\x92\xf6\x92\xb4Y\x1d\xdb\xed\
\xc0T\xa5\x22\xe0\x92\xdc\x89\x84\xe1E\x01\x10Bh\x1c\
`oIgJ\x1a\x9d;\x97y\xdc&\xe94I\x7f\
0\xb3\xfbs'#I\xc0\xba\x92\x0e\x90\xf4.I\x1b\
eNg^\xd3$\xbd\xd5\xcc.\xca\x9dH\x08!\x84\
\x86\x03\xde\x04\xbcDsL\x06N\x02\xb6\xce}l\xda\
\x01\xb6\x05N\x06\xa6d=b/7\x0d\xd8+\xf7\xb1\
\x09!\x84\xd0`\xc0v4\xe7\xe6\xf5\x14p\x0c\xb0L\
\xee\xe3R\x16\xb0$p$\xf0X\xd6#\xf8\x1fS\x81\
\x18\xbe\x19B\x08\xe1\x95\x80\xcd\x80\x89\x99oT\x00\x8f\
\x03\x1f\x05\x9a\xda\xf7\xa00`\x0c\xf0q\xe0\x89\xacG\
4y\x1e\xd84\xf71\x09!\x84\xd0 \xc0:\xc0\x84\
\x06\xdc\xa0>\x0f4\xbd\x87}i\xc0b\xc0\x17\xc8_\
`=\x01\xc4\xf4\xcd!\x84\x10$`\x19\xe0_\x19o\
Js\x80_\x03+\xe4>\x16\xdeZ\xc7\xfaG\xc0\xec\
\x8c\xc7\xfb~\xd2\xac\x8e!\x84\x10\x06\x150\x0a\xb84\
\xe3\xcd\xe86`\xfb\xdc\xc7\xa1n\xc0\x8e\xc0\xed\x19\x8f\
\xfb_\x89\xb5\x03B\x08ap\x01?\xcbt\x03\x9a\x09\
\x1cK\x1aS?\x90H\xc5\xd71\xc0\xacL\xe7\xe0\x7f\
s\x1f\x83\x10B\x08\x19\x90z\xa9\xe7p/=0\xa4\
\xaf.\xc0\xf6\xc0\x03\x99\xce\xc5Gs\xef\x7f\x08!\x84\
\x1a\x01\xdb\x00\xd33\xdcp\xce\x06\x96\xca\xbd\xffMC\
\x1a6\xf8\x87\x0c\xe7c\x06\x03\xf8\x0a&\x84\x10\x06\x12\
\xb0\x1c\xf0H\xcd7\x9a\x99\xc0\x91\xb9\xf7\xbd\xc9\x00\x03\
>E\xfd\xaf\x04\xc6\x03\xcb\xe6\xde\xff\x10B\x08\x8e\x80\
\x05\x80\x8bj\xbe\xc1<\x0f\xbc!\xf7\xbe\xf7\x0a`o\
\xe0\x85\x9a\xcf\xd1\x9f\x81\x05r\xef{\x08!\x04'\xc0\
\xa7k\xbe\xb1\xdc\x07\xac\x9f{\xbf{\x0d\xb0\x11\xe9\xc9\
\xbcN\x9f\xc8\xbd\xdf!\x84\x10\x1c\x00\xaf%\xcd\x0b_\
\x97;\x80Us\xefw\xaf\x02V\x06n\xad\xf1|\xbd\
\x04l\x9c{\xbfC\x08!T\x08X\x04\xb8\xa5\xc6\x9b\
\xc9u\xc4{\xe5\xae\x01K\x03W\xd5x\xden\x02\x16\
\xce\xbd\xdf!\x84\x10*B\x1as_\x97\xcb\x81\xc5s\
\xefs\xbf\x00\x96\xa0\xde\x22\xe0\xeb\xb9\xf79\x84\x10B\
\x05\x80MH\xc3\xbd\xeap5\xb0d\xee}\xee7\xc0\
X\xe0\xda\x9a\xce\xe1L`\xb3\xdc\xfb\x1cB\x08\xa1\x0b\
\xc0\x82\xa4\xe6\xf8:\xdc\x04\x8c\xcd\xbd\xcf\xfd\x8a\xf4:\
\xa0\xae>\x01W\x11\xa3\x02B\x08\xa1w\x01G\xd4t\
\xc3x\x10X)\xf7\xfe\xf6;`\x15\xea\x1b\x1d\xf0\xe1\
\xdc\xfb\xdb\xef,w\x02!\x84\xfe\x04\xac\x22\xe9.I\
\xdeM\xf2\xcfJ\xda\xd1\xcc\xeev\xdeN\x90\x04l(\
\xe9rI\xcb8o\xea\x05I\xeb\x9b\xd9\x04\xe7\xed\x0c\
\xachb\x09!x\xf9\xa6\xfco\xfe\xb3$\xed\x1f7\
\xff\xfa\x98\xd9\x9d\x92\xf6\x934\xd3ySc%E\x87\
\xc0\x10B\xe8%\xc0f\xd4\xb3\xe6|,&\x93\x09\xf5\
,\xe64\x1b\xd8\x22\xf7\xbe\x86\x10B(\x08\xb8\xac\x86\
\x9b\xc3I\xb9\xf7s\xd0\x01\xbf\xaa\xe1<_\x92{?\
C\x08!\x14\x00\xecW\xc3M\xe16`L\xee}\x1d\
t\xc0\xa2\xa4\x19\x17\xbd\xed\x93{_C\x08!\x8c\x80\
\xb4\xa2\x9c\xf7\x8c\x7f\xd3\x80Mr\xefkHHS<\
Oq>\xe7\xb7\x11\xc3\x02C\x08\xa1\xb9\x80\xfd\x9do\
\x04\x00\x87\xe7\xde\xcf\xf0r\xc0\x87k8\xefo\xcb\xbd\
\x9f!\x84\x10\x86AZ\xea\xf76\xe7\x9b\xc0\xc5@\x0c\
_n\x18R\xcb\xcf\x85\xce\xe7\xfev\xa2\x15 \x84\x10\
\x9a\x07x\x97\xf3\x0d`\x22\xb0Z\xee\xfd\x0c\xc3\x03\xd6\
\x00&9_\x03\xfb\xe7\xde\xcf\x10B\x08\xf3 M\xc5\
\xeb\xe9\x03\xb9\xf71\x07\xd2t\xca\xab\x03[\x00\x1b\x03\
\x8b\xe6\xcei~\x80\x8f8_\x03\xd7\xe7\xde\xc7\x10B\
\x08s\x01^\xef\xfc\xc3\x7f\x1d\x03\xd4\xfcKz\x9d\xb2\
/p\x16\xf0\xc2<\xc7b\x0e\xa9\xa3\xe514l\xfa\
\xe3V\xde\xde\x8b\x06\x8d\xcb\xbd\x9f!\x84\x10Z\x80\x0b\
\x1c\x7f\xf0g\x03[\xe7\xde\xc7\xba\x90\x9e\xf4o,x\
l\xa6\x01_\x06\x16\xca\x9d\xf7\x10`K|'\x81:\
7\xf7>\x86\x10B\x90\x04lDz*\xf5rb\xee\
}\xac\x0bp\x08\xf0R\x07\xc7\xe8\xaf4h%D\xe0\
\x7f*\xbd\x02^n\x0e\xb0~\xee}\x0c!\x84\x81\x07\
\x9c\xe0\xf8c\xff\x22\x0dk\xe6\xf6\x02\xbc\x13\x98\xd5\xc5\
\xb1\xba\x1c\x18\x9d{?$\x09X\x19\x98\x5c\xc1\xf9\x9f\
\x9f\x1f\xe7\xde\xc7\x10B\x18h\xa4\x99\xe0\x9ew\xfc\xa1\
\xffR\xee}\xac\x03\xb0\x03\xa99\xbf[?\xc8\xbd/\
C\x80\xafW\xb0?\xf33\x91\x06w\x86\x0c!\x84\xbe\
\x07\xbc\xdf\xf1G~\x02\xb0x\xee}\xf4\x06\xac\x05<\
Y\xd11\x9bEZ\xae7;`I\xe0\xe9\x8a\xf6k\
8\xef\xc9\xbd\x8f\xbdn`z\xd5\x86\x10\x5c|\xd01\
\xf6\xf7\xcdl\xb2c\xfc\xec\x80e$] i\x85\x8a\
B.(\xe9\xd3\x15\xc5\xea\x8a\x99M\x92\xf4C\xc7M\
\xc4\x8c\x90]\x8a\x19\xb5B\x08\x1d\x01^+\xe9v\xa7\
\xf0\xcfJZ\xb3\x9f\x0b\x00`aI\x17I\x1aWq\
\xe8I\x92V0\xb3\xe9\x15\xc7-\x0dXR\xd2xI\
K;mbC3\xbb\xcb)v\xdf\x8b\x16\x80\x10B\
\xa7\x0et\x8c\xfd\xc3>\xbf\xf9\x9b\xa4_\xa8\xfa\x9b\xbf\
$-)ig\x87\xb8\xa5\xb5Z\x01<;\xecy^\
\x83!\x84\x10\x86\x03\xdc\xeb\xf4nw\x0a\xb0l\xee\xfd\
\xf3\x04|\xc9\xe9\xd8\x0d9.\xf7>\x0e\x01\x96\x03\xa6\
:\xed\xe7}\xc4\xda\x10\x1d\x8b\x16\x80\x10Bi\xc0\xb6\
\x92\xd6q\x0a\xffk3{\xd6)vv\xc0\x01\x92\xbe\
\xea\xbc\x99\xbd\x9d\xe3\x17ff\xcfH:\xc5)\xfc\xda\
\x92\xb6p\x8a\xdd\xf7\xa2\x00\x08!t\xe2]Nq\x91\
\xf4\x13\xa7\xd8\xd9\x01;H\xfa?\xf9\xf7\xbfZ\x1fx\
\xb5\xf36\xca\xf0|\x0d\xe0u-\xf6\xbd(\x00B\x08\
\x9d\xd8\xcf)\xee\xa5fv\xa7S\xec\xac\x80\xb5$\x9d\
)\xa9\xae\xc9z\xf6\xaci;m\x99\xd9m\x92.w\
\x0a\xefu-\xf6\xbd(\x00B\x08\xa5\x00\x9bHZ\xc3\
)\xfc\xc9Nq\xb3\xa2\xfa\xe1~E4\xe65@\x8b\
\xd7\xb9]\x1b\xd8\xc0)v_\x8b\x02 \x84P\xd6>\
Nq_\x90t\x96S\xecl\x80Q\x92\xfe i\xbd\
\x9a7\xbd\x1b\x0d\x99\x1a\xb8\xe5t\xa5!\x8a\x1e\xde\xec\
\x14\xb7\xafE\x01\x10B(\xebMNq\x7fofS\
\x9dbg\xd1\xea\xa1\xfe?\x92v\xcf\xb0\xf9\xc5$\xed\
\x94a\xbb\xc32\xb3)J\x85\x90\x07\xaf\xa2\xb4\xafE\
\x01\x10B(\xac\xd5\x94\xbd\x8dS\xf8\xd3\x9c\xe2\xe6\xf4\
EI9\xa7\xacm\xdak\x80\xdf;\xc5\xdd\x1eX\xca\
)v\xdf\x8a\x02 \x84P\xc6.J\xd3\xcdVm\x82\
\xa4\x7f8\xc4\xcd\xa6\xa6\xe1~\xed4\xad\x00\xb8T\xd2\
S\x0eq\x17T\x83Z;zE\x14\x00!\x842\xc6\
9\xc5=\xc3\xccf;\xc5\xae]\x8d\xc3\xfd\xdai\xd4\
p\xc0\xd69\xf6\xea\xe7\xb1\x8bS\xdc\xbe\x15\x05@\x08\
\xa1\x8cqNq\xcfv\x8a[\xbb\x0c\xc3\xfd\xdai\xcc\
p\xc0\x16\xafs\xbd\xabS\xdc\xbe\x95\xbb:\x0d!\xf4\
\x08\xd2\xf4\xbcO\xa9\xfa\x07\x87)\x92\x96m\xc2\xe25\
\xddj\xf5\x91\xb8J\xf5\xf7\xf8\x1f\xc9\xb9f\xf6\x96\xdc\
I\x0ci\x8dLxV\xd2\xa2\x15\x87\x9e#i93\
{\xbe\xe2\xb8}+Z\x00B\x08Em/\x9f\xdf\x8c\
\x8b\xfb\xe4\xe6\x9fk\xb8_;\x8d\x1a\x0ehf/)\
\xf5\x05\xa8\xda\x02\x92\xb6u\x88\xdb\xb7\xa2\x00\x08!\x14\
\xe55\xe7\xfa\x85Nqk\x93y\xb8_;\x8d\x1a\x0e\
\xd8r\xbeS\xdc-\x9d\xe2\xf6\xa5(\x00B\x08Ey\
\xfd\xb8z<\x0d\xd6-\xf7p\xbfv\x9a6\x1a\xe02\
\xa7\xb8Q\x00\x94\x10}\x00B\x08\x85\x00OHZ\xa9\
\xe2\xb0\x13\xccl\xe5\x8ac\xd6\xaa5\xdc\xef45\xfb\
\xf7\xf4n3k\xcct\xb9\xad\x16\x93\x09\xaa~j\xe4\
\x9e\xbf\x9e\xea\x14-\x00!\x84\xb6\x80\xd5T\xfd\xcd_\
\xf2[ \xa6\x16\x0d\x1a\xee\xd7N\xd3\x86\x03\x22\xe9J\
\x87\xd0+\x01\xab8\xc4\xedKQ\x00\x84\x10\x8a\xd8\xc8\
)\xae\xc7M\xa0\x16\x0d\x1c\xee\xd7N\xd3\x86\x03z\x9d\
{\xafk\xb5\xefD\x01\x10B(\xc2\xab\xf9\xf8F\xa7\
\xb8\xae2\xad\xee\xd7\xad\xa6\xf5\x03\xf0:\xf7\xeb;\xc5\
\xed;Q\x00\x84\x10\x8a\xf0\xf8Q\x9d#\xe9V\x87\xb8\
\xae\x1a<\xdc\xaf\x9dF\x0d\x07\x94t\x93\xd25P\xb5\
^;/\xd9D\x01\x10B(\xc2\xa3\x00\xb8\xc7\xcc^\
t\x88\xeb\xa6\xe1\xc3\xfd\xdai\xd4p@3\x9b$\xe9\
~\x87\xd0\xd1\x02PP\x14\x00!\x84\x22<\x9e\xaan\
w\x88\xe9\xad\xe9\xc3\xfd\xdai\xdak\x80\x7f:\xc4\x8c\
\x02\xa0\xa0(\x00B\x08#\x02\xc6HZ\xd1!\xf4\xdd\
\x0e1\xdd4du\xbfn5\xad\x00\xb8\xc7!\xe6\xca\
\xc0\x22\x0eq\xfbN\x14\x00!\x84vVs\x8a\xfb/\
\xa7\xb8\x95\xcb0\xdc\xefnI\x1e\xab#\xae\xdf\x1a\xbd\
\xd0\x14\x1e\xd7\x80IZ\xd5!n\xdf\x89\x02 \x84\xd0\
\xce@\x17\x00\x19\x86\xfb=#i\x1fI78\xc5\xdf\
\xcb)n'\xbc\xae\x81\xd5\x9d\xe2\xf6\x95(\x00B\x08\
\xed\xbc\xca)\xee\x83Nq+\x93a\xb8\xdf4Io\
6\xb3\xfb[\xdb\xf5\xd0\xa4\xd7\x00\xe3\x9d\xe2z\x15\xad\
}%\x0a\x80\x10B;\x1e3\xabMWZ\x12\xb6\xb1\
2\x0c\xf7C\xd2afvM\xeb\x7f{\x15\x00M\x1a\
\x0e\xf8\xa4\xa4\x99\x0eq\xa3\x00( \x0a\x80\x10B;\
\xcb9\xc4|\xac5\x1dl#e\x1a\xeew\x94\x99\x9d\
:\xd7\xff\xbeA\xd2S\x0e\xdbi\xccp@3\x9b#\
\xe9q\x87\xd0\xcb:\xc4\xec;Q\x00\x84\x10\xdaY\xca\
!\xa6\xc7\x8f~\x95\xea\x1e\xee\xf7\xbff\xf6\xbd\xb9\xff\
\x8f\xd6\xcd\xf1/N\xdbk\xd2k\x80\xc7\x1cb.\xed\
\x10\xb3\xefD\x01\x10Bhg\x19\x87\x98O;\xc4\xac\
D\x86\xe1~\x97I\xfa\xc8|\xfe\xdb \xf4\x03x\xc6\
!f\x14\x00\x05D\x01\x10Bh\xc7\xa3\x00\x98\xe8\x10\
\xb3k\x19\x86\xfb\xdd%\xe9\xadf6c>\xff\xfdB\
\xf9\x0d\x07l\xca\xea\x80\x1e\xd7\x82\xc75\xdbw\x16\xca\
\x9d@\x08\xa1\xf1\xc6:\xc4\xa4A7\xa0!\xcbK:\
[\xf5\x0d\xf7{R\xd2\x1b\xcdl\xbe7@3{\x0e\
\xb8^\xd2\xb6\x0e\xdb\x7f\x17p\x9aC\xdc\xb2<\xd6\x03\
\xf0xm\xd5w\x9a\xbe\x86u\x08!3\xe0.\xc5\xf4\
\xaaU\x9b&i\x9c\x99]\xd7\xee\x83\xc0\x97\xd5\xfb3\
\x10\xd6\xed.3\xdb0w\x12M\x17\xaf\x00B\x08\xed\
,\x9c;\x81>3G\xd2!En\xfe-^\xfd\x00\
\xfa\xd9\xa8\xdc\x09\xf4\x82(\x00B\x08\xedD\x01P\xad\
\xcf\x9b\xd9\x1fK|\xfeF\xf9\x0c\x07\xecgq\xcd\x16\
\x10\x05@\x08\xa1\x9dx\x9a\xaa\xce\xc9f\xf6\xdd2\x7f\
\xa15\x1c\xf0\x22\xa7|\xfaU\x14\x00\x05D\x01\x10B\
h'\x0a\x80j\x5c,\xe9\xbf:\xfc\xbb\xf1\x1a\xa0\x9c\
(\x00\x0a\x88\x02 \x84\x10\xfc\xdd%\xe9\x003\xebt\
\xda\xdb\x8b\xe43\x1c\xb0_\xc5\xb1* \x0a\x80\x10B\
;\xf1c\xda\x9d\xb6\xc3\xfd\xda1\xb3\xe7$\x15\xed4\
\x18\xe2\x9a-$\x0a\x80\x10B;\xf1;\xd1\xb9iJ\
\x13\xfd\x8c\xaf \xd6\x85\x15\xc4\x18\x14q\xcd\x16\x10\x07\
)\x84\xd0N\xf4\x01\xe8\xcc\x1cI\x87\x9a\xd9\xd5\x15\xc5\
;\xbf\xa28\x83 \xae\xd9\x02\xa2\x00\x08!\xb4\x13\xbf\
\x13\x9d\xf9\xbc\x99\x9dQa\xbc\x9b\x94^'\x84\xf6\xe2\
\x9a- \x0eR\x08\xa1\x9d\x981\xb4\xbc\x93\xca\x0e\xf7\
k'\x86\x03\x96\x12\xd7l\x01Q\x00\x84\x10\xda\x99\x96\
;\x81\x1es\x99\xa4\x8f:\xc5\x8e~\x00\xc5L\xc9\x9d\
@/\x88\x02 \x84\xd0\xce\xa4\xdc\x09\xf4\x90;$\xed\
7\xc2\xea~\xdd\xfa\x8b\xa2\x87{\x11/\xe4N\xa0\x17\
D\x01\x10Bhg|\xee\x04z\xc4\x93\x92\xf613\
\xb7\x9b\x8f\x99=+\xa9\xaaN\x85\xfd\xec\x81\xdc\x09\xf4\
\x82(\x00B\x08\xed\xdc\x9b;\x81\x1e0M\xd2\xbe\x15\
\x0d\xf7k\xe775l\xa3\xd7\xc55[@\x14\x00!\
\x84v\x9e\xcd\x9d@\xc3\x0d\x0d\xf7\xbb\xb6\xa6\xed\x9d\x22\
\xe9\xf1\x9a\xb6\xd5\xab\x9e\xcb\x9d@/\x88\x02 \x84\xd0\
N\xfc\x98\x8e\xec\xe8\x8a\x87\xfb\x8d\xc8\xcc&K\xfat\
]\xdb\xebQ\x8f\xe6N\xa0\x17D\x01\x10Bh\xe7\x91\
\xdc\x094\xd8O\xcd\xec;uo\xd4\xccN\x95\xf4\x93\
\xba\xb7\xdbC\x1e\xca\x9d@/\x88\x02 \x84\xd0Nt\
\xa8\x1a\xdew$}<\xe3\xf6?!\xe9G\x19\xb7\xdf\
dQ\x00\x14\x10\x93%\x84\x10F\x04,+\xe9\x99\xdc\
y4\xc8C\x92>ifg\xe5ND\x92\x80\x03\x94\
\x0a\x81\x95r\xe7\xd2\x10HZ\xd4\xcc^\xca\x9dH\xd3\
E\x01\x10Bh\x0b\x98(il\xee<2\x9a.\xe9\
RI\xa7K:\xcd\xcc\xa6f\xce\xe7e\x80E%\xbd\
[\xd2\x81\x92\xb6\x954:oFYM0\xb3\x95s\
'\xd1\x0b\xa2\x00\x08!\xb4\x05\xdc\x22i\xd3\x8a\xc3^\
,\xe9\xf3\x15\xc7\xac\xdal\xa5\x1b\xca\x84\xdc\x89\x14\x05\
,,iEI\xcb\xab\xf9\xbf\xf1\xdf\x974\xae\xe2\x98\
\x7f7\xb3\xaac\xf6\xa5\x85r'\x10B\xe8\x09\xf7\xab\
\xfa\x02`]3\xbb\xb1\xe2\x98\x03\xaf5\x0b\xe1#\xea\
\x81\xce\x9b\xc0:\x0ea\xefp\x88\xd9\x97\xa2\x13`\x08\
\xa1\x88\xdb\x1cb\xae\x09\xac\xe8\x107\xf4\x00`eI\
\xab9\x84\xbe\xdd!f_\x8a\x02 \x84P\xc4\xcdN\
q\xb7r\x8a\x1b\x9ao\x1b\xa7\xb8\xd1\x02PP\x14\x00\
!\x84\x22nq\x8a\x1b\x05\xc0\xe0\xf2:\xf7Q\x00\x14\
\x14\x05@\x08\xa1-3{X>S\x02\xef\xec\x103\
\xf4\x86\x9d\x1cb>\xd2Z0)\x14\x10\x05@\x08\xa1\
(\x8fV\x80\x1d\x80%\x1d\xe2\x86\x06k\x9d\xf3m\x1d\
B_\xe9\x10\xb3o\xc5(\x80\x10JhM\x8a3V\
i\x9c\xf5\x18IKJZ\xb8\xf5\xcf\xe1L\x914c\
\x9e\x7f\xbe \xe993\x9b\xee\x9ep\xb5n\x94\xb4{\
\xc51GI\xdaU\xd29\x15\xc7\x0d\xcd\xf6\x06\xa5s\
_\xb5k\x1cb\xf6\xad(\x00\xc2\xc0\x03L\xd2*\x92\
\xd6P\xea\x95\xbc\xea\x5c\xff\xbe\x82\xa4e[\x7f\x96\x93\
\xb4`\x85\xdb\x9d\xaa\xb4\xd0\xces\x92&HzB\xd2\
\xc3\xad\x7f>\xda\xfa\xf7\xfb\xcclJU\xdb\xec\xd2\xe5\
\x92>\xeb\x10wOE\x010h\xf6v\x8a\x1b-\x00\
%4}\x92\x88\x10*\x03\x8c\x92\xb4\x81\xa4\x8d$\xad\
/\xe95\xad?\xebIZ4cj\xed<\xae\xb4\xbe\
\xf9}\x92\xee\x91t\xab\xa4\xdb\xcc\xec\x89:\x93\x00\xc6\
*\xf5\x03\xa8\xac\x08j\x19ofkU\x1c34\x18\
\xf0\xb0\xa4\xd5+\x0e;M\xd2X3\x9bYq\xdc\xbe\
\x15\x05@\xe8K\xad\xd9\xd0^'iKI\x9bI\xda\
\x5c\xe9\xc6\xbfp\xce\xbc*\xf6\xb4R1p\xab\xa4k\
%]cf\xae\x93\xbf\x00\xd7\xc9\xa7\xf7\xf6\xa6f\xe6\
1\xd7@h\x18`\x0bI78\x84\xbe\xcc\xccvu\
\x88\xdb\xb7\xe2\x15@\xe8\x0b\xc02\x92vh\xfd\xd9^\
\xe9\xc6?&kR\xfe\x96\x97\xf4\xfa\xd6\x1fI\x12\xf0\
\x84R1p\xb5\xa4\xcb$\xddhf\xb3+\xdc\xe6e\
\xf2)\x00\x0e\x96\xcfdC\xa1y\x0ev\x8a\xfb\x17\xa7\
\xb8}+Z\x00BO\x02F+\xdd\xec_\xaf\xd4\xa1\
hs\xc5\xa8\x96\xe1\xbc \xe9\x1f\x92\xfe&\xe9R3\
\xbb\xb5\x9b`\xc0\x9b$\x9dWEb\xf3xL\xd2\xab\
\xccl\x8eC\xec\xd0\x10\xc0\x02J}[Vu\x08\xff\
:3\xf3\x9a\xb0\xaa/E\x01\x10z\x06\xb0\xba\xa4\xb7\
\xb4\xfe\xec\xa4\xfe\x7f\xc2\xf7\xf0\xa8\xa4\xf3%\xfdY\xd2\
_\xcbv0\x04\x96Pz\xf5\xb0\x88Cn\xbb\x9a\xd9\
e\x0eqCC\x00\xafWZ\x04\xaajOJZ\xd9\
\xccp\x88\xdd\xb7\xe2\x89)4\x1a\xb0\x09\xf0e\xe0\x06\
\xa5u\xd8\x8f\x97\xb4\x87\xe2\xe6\xdf\xa9\xd5$}P\xa9\
\xd7\xfd3\xc0\xf9\xc0\xfb[\xafP\xda2\xb3\x17%\xfd\
\xd5)7\xaf\xa6\xe1\xd0\x1c^\xe7\xf8\xa2\xb8\xf9\x97\x17\
-\x00\xa1q\x805$\xed'\xe9=JM\xfb\xc1\xdf\
l\xa51\xd4\xa7K:\xc5\xcc\x9e\x9e\xdf\x07\x81\xc3%\
\xfd\xc2!\x87\x17$\xad\xde*2B\x9fiM\xfe\xf3\
\xa8\xa4%\x1c\xc2\x1flf\xa78\xc4\xedkQ\x00\x84\
F\x00\x96Wz:8P\xd2\xd6\x99\xd3\x19t\xd3%\
\x9d+\xe9WJOV\xb3\xe6\xfe\x8f\xc0\x0aJC\x13\
\xab\x1e\x0e(IG\x98\xd9O\x1c\xe2\x86\xcc\x80OJ\
:\xce!\xf4tI+\x9a\xd9\x0b\x0e\xb1\xfbZ\x14\x00\
!\x9bV\x87\xa0\xdd$\x1d\xae\xf4\xc4\xdfOC\xf4\xfa\
\xc5\x13\x92~'\xe9\x97fv\xe7\xd0\xff\x09\x5c\xa1\xd4\
\x09\xb3j\xf7IZ/:\x03\xf6\x97\xd6w\xfd\x1eI\
k;\x84?\xdb\xcc\xde\xea\x10\xb7\xefE\x1f\x80P;\
`\x05\xe0h\xa5\xc9m.\x96t\x80\xe2\xe6\xdfT+\
K\xfa\xb4\xa4;\x80K\x81\xfd[\x13*\x9d\xed\xb4\xbd\
u\xe47K\x5c\xc8g\x1f\xf9\xdc\xfc%\xe9\x0c\xa7\xb8\
}/Z\x00Bm\x80\xcd$\x1d\xa1\xd4\xcc?:s\
:\xa1s\x8fK:U\xd2'\xe4\xf3\x1a\xe0b3\xdb\
\xc3!n\xc8\x04\xf8\x9b\xd2\x9a\x0fU{I\xa9\xf9\x7f\
\x92C\xec\xbe\x17\x05@p\xd5j\xfa{\x8b\xa4#%\
\x8d\xcb\x9bM\xa8\xd8\x1c\xf9\xb4\x22\x22i\x1b3\xbb\xde\
!v\xa8\x19\xb0\x8d\xfc\x16\xe99\xd3\xcc\xde\xee\x14\xbb\
\xef\xc5+\x80\xe0\x02X\x00\xd8_\xd2\xed\x92\xceR\xdc\
\xfc\xfb\x91\xd7\xef\x87I\xfa\x9aS\xecP\xbf\xaf;\xc6\
\xfe\xa5c\xec\xbe\x17-\x00\xa1R\xad9\xf8\xdf+\xe9\
(I\xaf\xce\x9bM\xe8q\xe3\xcc\xec\xef\xb9\x93\x08\x9d\
\x03vTZE\xd2\xc3c\x92\xd6\xa8x\xaa\xeb\x81\x12\
-\x00\xa1\x12\xc0B\xad\xf1\xe1\xf7K\xfa\xb9\xe2\xe6\x1f\
\xba\xf7\x8d\xdc\x09\x84\xaey\x9e\xc3\x93\xe3\xe6\xdf\x9dh\
\x01\x08]\x01L\xa9\x17\xff\xd7\x94\x96\xd6\x0d\xa1J{\
\x98\x99\xc7\xd4\xb1\xc1\x19\xb0\x87\xa4\x8b\x9c\xc2\xcf\x91\xb4\
\xb6\x99\x8dw\x8a?\x10\xa2\x00\x08\x1dk}\xc1\xbf\xad\
\xb4\xecn\x08\x1e\xee\x94\xb4Y\xac\xf1\xde[Z\xaf\x02\
o\x91\xb4\x81\xd3&.2\xb3\xbd\x9cb\x0f\x8cx\x05\
\x10J\x03\xd6\x01\xfe\xa0T\xdd\xc7\xcd?x\xdaPi\
\x04I\xe8-\x9f\x94\xdf\xcd_\xf2\x99Qp\xe0D\x0b\
@(\x0cXL\xd2g$}N>\xab\xc1\x850\x9c\
\xa9\x9264\xb3\x87r'\x12\xdak\xad\xday\xa7\xa4\
\xc5\x9d6\xf1OI\x9b\xc6\xe2?\xdd\x8b\x16\x80P\x08\
p\x88R\x07\xbf\xaf(n\xfe\xa1^\x8bJ\xfan\xee\
$Ba?\x94\xdf\xcd_\x92\xbe\x1b7\xffjD\x0b\
@\x18\x11\xb0\x8e\xa4\x9fI\xda=w.5{^i\
\xc6\xbbG%M\x90\xf4\x88\xd2\xbc\xf8\x8fJ\x9a$\xe9\
EI\x13%M\x964\xa3\xf5w&\x0d\xf5J\x06\xc6\
(\xcdv\xb8\xa0\xa4%[\xff}\xac\xa4\x85$-\xdf\
\xfa\xb3\xa2\xa4\x95\xe6\xf9\xf75\xe6\xfa|x\xb97\x9b\
\xd9y\xb9\x93\x08\xf3\x07\xec+\xbfi\xa2\xa5\xf4\xfd{\
u\xf4\x09\xa9F\x14\x00aX\xadN<\x9f\x91\xf4E\
\xf5\xef\xb4\xbd3$\xdd\xad4Y\xd1?[\xff\xbc[\
\xd2cf6-WR\xc0\x8a\x92\xd6\x97\xb4\xae\xd2\xc8\
\x8au%\xad\xa74O\xfe\xa8\x5cy5\xc0\x93\x926\
\x1ei\xa9\xe2\x90O\xeb\xba\xfd\xa7RA\xeb\xe5Sf\
\x16\xef\xff+\x12\x05@x\x05`\x0b\xa5\xa5`7\xca\
\x9cJ\x95&K\xbaR\xd2\x0d\xfa\xcf\xcd\xfe\x9e^z\
\x92h\xb5*l.i+\xa5%\x93\xb7R*\x0e\x06\
\xc9\x9f\xccl\xdf\xdcI\x84W\x02\xceUZ\xf4\xc7\xcb\
\x13\x92\xd61\xb3\xa9\x8e\xdb\x18(Q\x00\x84\x7fk\xad\
\xf2v\xb4\xa4/\xa8\xf7\x9f4'I\xbaB\xd2\xdf[\
\x7fn\x9cw]\xfb~\x00,\xa3T\x0c\xec i\x0f\
I[\xc8g\x81\x9e&9\xdc\xccN\xca\x9dD\xf8\x0f\
\xe0\xbf$\x9d\xe8\xbc\x99\x8f\x9a\xd9\x09\xce\xdb\x18(Q\
\x00\x04I\x12\xb0\xa1\xa4_+\xdd@z\xd1\x0cI\x97\
*-/\xfcwI7\x0f\xe2,a\xad\x82`7\xa5\
b\xe0\x0d\x92\xd6\xcc\x9a\x90\x8f\xc9\x92\xb60\xb3{r\
'\x12$`}\xa5\x96\xb5\xc5\x1c73^\xd2zf\
6\xa3\xdd\x07CqQ\x00\x0c\xb8\xd6L~\x1f\x95\xf4\
=\xf5\xde\xbb\xfe\xa9\x92.\x94t\xa6\xa4?\x9b\xd9\xc4\
\xcc\xf94\x0e\xf0\x1aIo\x96\xb4\xbfRKA\xbf|\
\xe7\xff\xa5\xb4b\xe0\x0b\xb9\x13\x19d\xc0\x12J+\xfd\
m\xe8\xbc\xa9\xf7\x99\xd9\xaf\x9c\xb71p\xfa\xe5\xc7 \
t\xa0\xf5\xb4\xf8\xbf\x92\xf6\xcb\x9dK\x09\x13%\x9d\xa7\
t\xd3\xbf(\xde\x07\x16\x07\xac\xa9T\x08\xec\xaf\xd4\x7f\
\xa0\xd7\x9d#\xe9mf6'w\x22\x83\xa8\xb5\xd4\xf7\
9\xf2}\xef/\xa59\x056\xed\xc7Wx!d\x01\
l\x0f<Do\x98\x05\x9c\x0b\xbc\x994:!t\x09\
X\x0b8\x0a\xb8+\xe7\x89\xad\xc01\xb9\x8f\xe5\xa0\x02\
\xbeQ\xd39\xde3\xf7\xbe\x86\xd0\x17\x00\x03>\x03\xcc\
\xac\xe9\xcb\xdb\x8d\x87\x80/\x03\xab\xe5>n\xfd\x8at\
=\x8c\x03N\x01^\xcay\xb2;4\x07xk\xee\xe3\
8h\x80w\xb4\x8e\xbd\xb73r\xefk\x08}\x01\x18\
\x0d\xfc_\x0d_\xdan\xcc\x06.\x06\xf6\x07\x16\xca}\
\xcc\x06\x09\xb0\x14\xf0A\xe0\xf6\x9c\x17@\x07\xa6\x02;\
\xe7>~\x83\x82T0N\xab\xe9\xbc\xae\x99{\x7f\xfb\
Y\xf4\x01\x18\x10\xc0\xdaJ\xef\xcd7\xc9\x9d\xcb|L\
\x92t\x82\xa4\x9f\x98\xd9\xe3\xb9\x93\x19\x09\xb0\xa4\xa4\xa5\
[\x7f\xc6(\xf5~^X\xc3\xf7\x82\x9e,i\xa6\xd2\
\xcc\x823%='\xe9\x193{\xa9\x9el\xcb#u\
\x0c}\x83\xa4\xa3\x94F\x14\xf4\x82I\x92v5\xb3\x9b\
r'\xd2\xcf\x80M\x94F\xd9,U\xc3\xe6\xbejf\
\xc7\xd4\xb0\x9d\x81\x15\x05\xc0\x00 -\xdb{\xaa\xa4e\
r\xe72\x8cg$\xfdH\xd2\xf1M\xe8\xc5O\x9a\x0b\
a\x1d\xa5^\xcd\xebKZm\xae?+KZVi\
:\xdfnMQ\xda\xf7\xa1\xe9\x86\x1f\x95\xf4\xb0\xd2p\
\xa7\xbb%=\xd0\x84!O\xc0\xd6\x92>/\xe9-j\
\xfe\xda!OJ\xda\xd1\xcc\xee\xcb\x9dH?\x02\xd6U\
\x9a[c\x85\x1a6\xf7/\xa5e\xa0\x1b[(\xf7\x83\
(\x00\xfa\x1c\xf0\x01\xa5'\xeb\xa6M\xec\xf3\xa4\xd2\x1a\
\x03\xc7\x99\xd9\xa4\xba7\x0e,\xa84\xd3\xe1\x86\x92^\
\xabt\xb3\xdfP\xcd\x99nw\x96R1p\x87\xd2\xba\
\xea\xb7H\xba\xc5\xcc\xc6\xe7H\x86\xb4&\xc4\xc7%}\
H\xcd^\x0c\xeaAI\xbb\x98\xd9#\xb9\x13\xe9'\xc0\
\xab\x94\x9e\xfc\xd7\xacass$\xedlfW\xd6\xb0\
\xad\x81\x16\x05@\x9f\x22\x0d\xd1\xf9\xae\xa4O\xe5\xcee\
\x1e\x0fJ:V\xd2\xff\x99\xd9\xf4\xba6J\x9aFw\
+I;+\xcd\x9a\xb7\xbdzs\xd1\x9d\xa7%]\xad\
4\xad\xf1\x95\x92n\xa8\xf98\xae!\xe9\xcb\x92\xde\xa3\
\xe6\xce8\xf8\xb0\xa4\xd7\x9b\xd9\xbd\xb9\x13\xe9\x07\xc0Z\
\x92.\x91\xf4\xea\x9a6\xf9C3\xfbdM\xdb\x1ah\
Q\x00\xf4!`1I\xbfU\xb3\xc6\xf7O\x96\xf4\xff\
$}\xbb\x8e\x1b\x160Z\xe9\xfd\xf58\xa5\x1b\xfe\x96\
J\xef\xe9\xfb\xcd4I\x97+\xfd@_\x22\xe9\xd6:\
\xc6\xc5\x93f\x7f\xfb\x9a\xd2\x9c\x02M\xf4\xa4\xa4=\xcc\
\xec\xb6\xdc\x89\xf42\xd2\x0c\xa1\x17KZ\xa5\xa6M\x8e\
WZ\xf0irM\xdb\x1bhQ\x00\xf4\x19`YI\
\x7f\x96\xb4M\xee\x5cZfI\xfa\x85\xa4\xaf\x98\xd93\
\x9e\x1bj\x15>\xbb)\xdd\x94\xf6Uo>\xe1w\xeb\
\x19I\x17H:W\xd2\x05\xde?\xa4\xc08\xa5\x96\xa6\
&N,\xf4\xac\xa4\xbd\xcd\xec\xfa\xdc\x89\xf4\x22`\x1b\
I\xe7\xab\xbe\xbeCs$\xednf\x97\xd5\xb4\xbd\x10\
\xfa\x07\xb0*pG\x0d\xc3s\x8a\xba\x80\xf4\x04\xe1\xb9\
\xcf+\x03\x1f\x02.\x04\xa6g\xdd\xdb\xe6\x99\x0c\x9c\x0e\
\xbc\x8d\xd4\x22\xe2u\x0e\x0cx'\xf0@\xce\x9d\x9d\x8f\
\x17\x80\xbd\xbd\xf6\xbd_\x01\xfb\x00/\xd6|\xae\xbe\x91\
{\xbfC\xe8I\xc0k\x80\xf15\x7fa\xe7\xe7\x0e`\
/\xc7}\x1d\x0d\x1c\x0c\x5cF\x9a7 \xb47\x11\xf8\
%\xb0;i\x98\x9f\xc7yY\x148\x16\x98\x91q?\
\x873\x0b8\xcac\x9f\xfb\x11pd\xeb\x98\xd5\xe9\x1a\
\xd2\x08\x9cP\xa3x\x05\xd0\x07\x80\xcd$]\xa4z\x86\
\xe7\x8cd\x86\xa4oH:\xd6\xccfV\x1d\x1cXO\
\xd2\xfb$\x1d&i\xb9\xaa\xe3\x0f\x90G%\xfdN\xd2\
\x09f\xf6p\xd5\xc1\x81\x8d%\xfd\x5c\xd2vU\xc7\xee\
\xd2\xa9\x92\x0e3\xb3i\xb9\x13i\x22`\x11\xa5\x919\
\xef\xady\xd3\xcfK\xda\xdc\xcc\x1e\xaay\xbb\x03/\x0a\
\x80\x1e\xd7\xba\xf9_\xa24>=\xa7[$\xbd\xdf\xcc\
n\xae2(\xa9\xf7\xfe\x01\x92\x0eW\xea\xcc\x17\xaa3\
Ki1\x97\x1f\x99\xd9\xe5U\x06&\xb52\x1c\x22\xe9\
8\xe5\xbf6\xe7v\x95\xa4\xfd\x9b>\xd9T\xdd\x80U\
%\x9d!i\xdb\xba7-\xe9\xadfvN\xcd\xdb\x0d\
\xa1\xb7\x01[\x00\xcf\xd5\xdcT7\xaf\xa9\xc0gI\xe3\
\xea\xab\xdc\xb7\xe5\x80\xaf\x03\xcfg\xdd\xbb\xc1q#p\
(\x15/\xb6\x04\xac\x04\x9c\x91w\xd7^\xe1i`\xdf\
*\xf7\xb3\x97\x01\xfb\x01\xcfd:\x17\xf1\xde?\xa3h\
\x01\xe8Q\xc0\xe6J\xc3sr>]]\xad\xf4\xd4\x7f\
wU\x01\x81\xe5%}T\xd2'$\x8d\xad*n(\
\xecII?P\x9a\x92\xb9\xb2\xa5\x96\x81C%\x1d/\
i\x89\xaabV\xe07\x92>lfSr'\x92\x03\
\xa9u\xedXIGdJ!\x96s\xce,\x0a\x80\x1e\
\xd4\xba\xf9\xffM\xf5\xcc\xc7=\x9c\xe9\x92>'\xe9\xc7\
U}y\x81\xd5%}F\xd2\x07\x94\xe6\xd7\x0fy=\
\xa5\xd4|\xff\xd3\xaa\x86\x12\x92\xd6\xa3\xf8\xad\xeaof\
\x1e\xc9]\x92\x0e\xae\xfa\xd5U\xd3\x01\xafS\xea\x07\xb2\
~\xa6\x14\xee\x90\xb4\x9d\x99\xbd\x98i\xfbAQ\x00\xf4\
\x1c\xd2|\xdc\x97KZ1S\x0a\x8fH:\xc0\xcc\xae\
\xa9\x22\x18if\xb9/(\xcd,\xd7\x8f\x13\xf5\xf4\xba\
'%}K\xd2\xcf\xaaX\x9b\x80\xb4\xc2\xe3\xa7$}\
]\xcd\x98rYJ}!N\x90\xf4\xc5~\xbf!\x01\
\x8bJ\xfa\xac\xd2\xfa\x0e\xb9\xbeo\xcfI\xda&\xd6l\
\xc8/\x0a\x80\x1eB\x9a\x8f\xfb\x0aI\xabgJ\xe1\x5c\
I\xef1\xb3\xe7\xbb\x0d\x04,%\xe9h\xa5\xf9\xe5\xdd\
\xc6\xa8\x87\xca<\xa44\x05\xf0o\xabh\xf5\x01\xb6\x97\
t\x8a\xa45\xba\x8dU\xa1\xc7%}\xde\xcc~\x9d;\
\x11\x0f\xc0\x9b%\xfdDy\x8f\xf9KJ34V\xda\
\xe94t&\x0a\x80\x1e\xd1z7\xfe\x0f\xe5i\xb2\x9b\
%\xe9\x9b\x92\xbe\xd6\xed\x8f?i\xac\xefG$}I\
\xcd\xea\x1d\x1e\x8a\xb9^\xd2\x91fvu\xb7\x81H\xb3\
V\x9e\xaa\xb4\xf4p\x93\xfcI\xd2\x11\xfd2,\xad\xd5\
\xca\xf6c\xa5\x15\x1ds\x9a-\xe9\xed\xd1\xe3\xbf9\x9a\
\xbe\xbcg\x90\x04,.\xe9B\xe5\xb9\xf9?.i7\
3;\xa6\x82\x9b\xff.\x92n\x92\xf4C\xc5\xcd\xbfW\
m%\xe9J\xe0\xb7@W\xf3\xc3\x9b\xd9\xb3\x92\xde\xa8\
\xd4\xd7\xa0I\xde\x22\xe9N\xa0i\x0bi\x95B\x9a\xa1\
\xf1\xd3\x92\xeeT\xfe\x9b?\x92>\x147\xfff\x89\x16\
\x80\x86k\xbd3=G\xe9\x87\xb2n\x97Iz\xa7\x99\
=\xd5M\x10`EI\xdf\x97t\xb0\xe2\x9a\xeb'\x93\
\x94^\xe3\x9cXAqx\xb0\xa4\xffQ\xf3:\x80\xfe\
Ji\xf2\xa0\x9e\xea\xa9N\x1a\x96{\xb2\xa4Cs\xe7\
\xd2\xf2\x053\xfbV\xee$\xc2\xcbE\x0b@\xf3\x1d\xaf\
<7\xff\xdfJ\xda\xb3\x82\x9b\xff\xa1JO \xefV\
\xdc\xfc\xfb\xcd\x92J\xd7\xe7U\xc0&\xdd\x042\xb3\xdf\
)M\xf4\xd4\xb4f\xf7\xf7*\x15\xaf\xbd\xe685\xe7\
\xe6\xff\xed\xb8\xf97S\xfc 7\x18i\xfe\xf2c3\
l\xfa\x9b\x92\xbedft\x1a\x00XY\xd2\x89J\xab\
\xf2\x85\xfe7Ki\xb9\xe7/w3Z\xa0\xd5\xd7\xe5\
<I[W\x95X\x05P*\x86/\xce\x9dH\x11\xa4\
u8.\xc8\x9dG\xcb\xb7\xcc\xec\x0b\xb9\x93\x08\xc3\x8b\
\x02\xa0\xa1\x80\xb7J\xfa\xa3\xea=G\xb3\x94&F9\
\xa9\x9b \xc0!JO\x86\x83\xb8\x1c\xef\xa0\xbbA\xd2\
\xa1fvW\xa7\x01H\xcb:\x9f.\xa9I\xab\xf8\xdd\
.i\x93n\x8a\xe2:\x90\xa6`\xbeC\xd2\x06\xb9s\
\x91\xf4\x0d3\xfbR\xee$\xc2\xfc\xc5+\x80\x06\x026\
Pz\xf7X\xe7\xcd\x7f\xb2\xa4\xfd\xba\xb9\xf9\x03K\x01\
\xa7J\xfa\xb5\xe2\xe6?\xa8\xb6\x94t\x13\xf0q:\x5c\
u\xb053\xdf\x9b%uU\x88Vl#I\xbb\xe5\
N\xa2\x80=\xd5\x8c\x9b\xff\xb7\xe3\xe6\xdf|\x0b\xe5N\
 \xbc\x1c\xb0\x8c\xd2x\xfb:o\xa0\x8fKz\x93\x99\
\xdd\xd2i\x80\x86\x8e\xeb\xae\xc2sJ\xab\xe7=\xdc\xfa\
\xe7\xd0\xbfOPZ\xc5l\x96Rg\xb8\x19\x92\xa6H\
\x9ajf\xd3Is\xea/\xd6\x8a\xb1x\xeb\xdf\x97m\
\xfdYNi\xe5\xc6\xd5%\xad)i\xad\xd6\x9f~\x99\
\x0fa\xb4\xd2\xb0\xb3\xdd\x80\xc3\xcc\xec\xb9\xb2\x01\xccl\
6\xf0AI\xcfJj\xcaR\xbeo\x91\xf4\xd7\xdcI\
\xb4\xd1\x94Wn\x87\x013\x94\xa6\x94~6w2a\
x\xf1\x0bV\x95\xac\x00\x00 \x00IDAT\x0a\xa0\
AZ=w\xcf\x97\xb4G\x8d\x9b}H\xd283\x1b\
\xdf\xc9_n=\xe5}B\xd2w\xd4\x9c\x99\xdd:1\
S\xa9\xb3\xe2-\xad?\xb7J\xba\xa5\x8aI\x8f\x8aj\
M\xf4\xb4\xb1\xa4M$m\xda\xfa\xe7z\xea\xed\x96\xba\
\x87%\x1dhfWu\x1a\x008R\xa9S[\xee\xe3\
p\xad\x995i\x1a\xe3W\x00n\x94\xf4\xba\xdcy\xcc\
e\x8a\xd2h\x84\x1f\x9a\xd9\x03\xb9\x93\x09/\x17\x05@\
\x83\x00\xdfR\x9a\xa2\xb3.\x0fI\xda\xd5\xcc\x1e\xec\xe4\
/\x03c\x95\xbe\xdco\xab4\xabzLV\x1a\xe6x\
\x89\xd2\xd4\xca\xb7W1\xd5m\xd5\x80\xa5%m/i\
;I;J\xdaF\xbd\xd7R0C\xd2'\xcd\xec\x84\
N\x03\x00\x87I\xfa\x85\xf2\x16\x01O\x98YWs\x1f\
x\x03\x9eQ3\xe7\xd8\x98-\xe9,I\xdf7\xb3k\
s'\x13\x92(\x00\x1a\x02\xd8[\xa9\xf7s]?p\
\x8f(\xdd\xfc\xef\xef\xe4/\x03\xafQzU\xf1\x9aJ\
\xb3\xf23K\xd2uJ7\xfcK$]cf3\xf3\
\xa6T^k.\xf7]\x95:\xc8\xed-\xe9\xd5y3\
*\xe5\x97\x92>bf/u\xf2\x97\x81\xf7+\xcd\x15\
\x90\xab\x08x\xca\xccr\xad\xc1QH\x83\x0b\x80\xb9]\
!\xe9{\x92\xcemz\xa7\xca~\x17\x05@\x03\x00\xab\
I\xbaY\xe9\xddp\x1d\xba\xbd\xf9\xbfA\xd2\xef%-\
]iV\xd5\x9b\xa3\xf4t\x7f\x9a\xa43\xcc\xec\x99\xcc\
\xf9T\x0e\xd8P\xd2\x01\x92\xde\xa9|+\xbb\x95q\x9d\
\xa4}\xcdlB'\x7f\x19\xf8\x80RK@\x8e\xdf\xae\
\x7f\x99Y\xa3\x8f1p\xaf\xa4ur\xe7Q\xd0u\x92\
>gf\x97\xe6N$\x84,\x80\x85\x80\x7fP\x9f\x87\
\x81\x8e\x9f\x1a\x81\x8f\x013k\xcc\xb7\x13\xd7\x01\xff\x0d\
\xacZ\xe5\xb9j:`S\xe0\xdb\xc0\xe3Y\x8f~{\
\xe3\x81\x8d\xba\xd8\xcf\x8f\x01s2\xe4}z\x95\xe7\xcb\
\x03pV\x86\xe3\xd2\xad\x8bH\xcb\x13\x870X\x80\xaf\
\xd7\xf8E{\x98\xb4&{'y\x1a\xf0\xbd\x1as-\
\xeb\x05\xe0G\xa4W\x13\x03\x8dTT\xee\x07\xfc\x19\x98\
\x95\xf3\xa4\x8c\xe0\x05\xa0\xe3\xce\xae\xc0'2\xe4|X\
\x95\xe7\xc9\x03\xf0\xe1\x0c\xc7\xa5\x0as\x80\xd3H\xcb\x9d\
\x87\xd0\xff\x80\xed\xa8\xef\x07\xfa9\xd2\xfc\x02\x9d\xe4\xb9\
0\xf0\xbb\x9a\xf2,\xeb^\xe0\x08 \xe6\x1d\x18\x06\xb0\
\x06\xf0}\xd2\x0d\xb7if\x00\xef\xeeb\xdf\xbeTc\
\xae\xb3\x81\x95\xaa<7\x1e\x80\xe5\x80\xc95\x1e\x97\xaa\
\xcd\x00N\xa4\xcb\x85\xa6Bh4`1\xe0\x9e\x1a\xbf\
T\xbbw\x98\xe7\xe2\xc0\xc55\xe5Y\xc6%\xc0>@\
\xee\xa1a=\x01\x18\x0b|\x9a\xd4\x0a\xd4$\xb3\x81\x8f\
w\xb1_'\xd4\x98\xeb\x8f\xaa<'^\x80o\xd5x\
L\xbcL&]\xaf1WM\xe8?\xc0\xcfj\xfa\x22\
\xcd\x01\x0e\xea0\xc7%\x81+j\xca\xb3\xa8\x7f\x00;\
U}>\x06\x05\xa95\xe7#\xc0\xa3yO\xe3+\xfc\
\xb0\xc3\xfd\x19\x05\xfc\xad\xa6\x1c\xe7\x00{V}N\xaa\
\x06\x8c\x06n\xa9\xe9\x98x\xbb\x15\xd8.\xf71\x0d\xa1\
2\xc0\x1b\xa9\xaf\x13\xd3\xd1\x1d\xe6\xb84\xa93]S\
\xdc@Z\xe4$T\x80t\x93\xf8\x040!\xefi}\
\x99\xdfw\xb8/KP\xdf~<D\x0f\xbcn\x02\xd6\
\xa6yE^\xa7f\x93^\x0b,\x95\xfb\xb8\x86\xd0\x15\
\xd2Su]\xcd\xb0\x1d\xcd\xa5\x0e,\x03\xdc\x5cS\x8e\
\xed\xdc\x09\xbc\x8d\x0e\xe7\x95\x0f##\xdd<\xbf\x05L\
\xcbz\x96\xff\xe3\xcc\x0e\xf7\xe3U\xc0\xf4\x9ar<\xb1\
\xea\xf3\xe0\x81T\x04\xdcT\xd31\xa9\xc3\x13t\xd8\x9a\
\x19B#\x00?\xad\xe9\xcbr!\x1d\xbc?#\xbd+\
\xbe\xbe\xa6\x1cG2\x058\x0a\xe8\xe5\xe9\x85{\x06\xf0\
j\xe0\x8fyO\xf9\xbf\xfdO\x87\xfb\xb0\x0b\xe9i\xd1\
\xdb\x1c`\x5c\xc5\xa7\xc0\x05\xa9\xa5\xe7\xf3\xc0\xf35\x1c\
\x97\xba\xfc\x85\x0eG3\x85\x90\x0d\xb0#\xf5\xfc@\xdd\
\x05,\xd1A~\x8b\x03W\xd5\x90_;\xe7\x01k:\
\x9c\x82\xd0\x06\xf0\x06\xe0\xfe\xcc\xe7\x1f\xe0\x8b\x1d\xe6\xff\
\x9e\x9a\xf2\xbb\x8f4+cO\x00\x16\x05\x0e\x04N\x07\
&\xd5t\x8c<\xbd\x08\x1c\x9e\xfb\xb8\x86P\x08\xb0\x08\
pG\x0d_\x8ci\xc0\xa6\x1d\xe47\x1a\xb8\xb4\x86\xfc\
F\xf2\x08\xd0\x8b\xeb\x0a\xf4\x15\xd2\xcd\xe2\xfb\xe4\x9fC\
\xe0c\x1d\xe6\xff\xfd\x9a\xf2\xfbV\xd5\xc7\xbe\x0e\xa4\x8e\
\xa0{\x00?\x01\x1e\xac\xe9Xy9\x17h\xf4\xf4\xcc\
!\x08\xf8rM_\x88\xf7u\x90\xdb\x02\xc0\x195\xe5\
7?\xffC\x07\xad\x16\xc1\x0f\xb0%\xf5\x14\xad\xf33\
\x1b8\xb8\x83\xbc\xeb\x9a]s:\xd0\xe8\xa9\x81\x8b\x00\
6\x01\x8e\x06\xae\xa1\x9e\x16\xca\xaa=Et\x10\x0eM\
E\xea\xa0T\xc7\xe4\x1c\xbf\xeb0\xbf\x1f\xd6\x90\xdb\xfc\
L\x04\x0e\xac\xfa\x98\x87j\x90Z\x86~D\x9e\xa9w\
!\xcda1\xae\x83\xbcW\x04\x1e\xab!\xbfK\x1c\x0e\
{6\xad\xe3\xf6_\xa4\x02*\xd79\xef\xc4\x1c\xe0X\
b\xde\x80\xd04\xc0\x995|\x01n\xa7\x83w\x92\xa4\
\x8ev\xb9\xfc\x1dx\x95\xc71\x0f\xd5\x02\xbeB\xbe\xa7\
\xc3\xa7\x80\xb5:\xc8y;R\x01\xe1\xed\x9d\x1e\xc7<\
7\xd2\x83\xcb\xe7\x80\x7f\xd6p\x0c\xabr\x05\xb0z\xee\
c\x17\x82\xa4\x7fw\xaa\xf2\xf6\x22\x1dL\xf3K\x9a/\
>\xc7\x8f\xfaL\xe0\x18`A\x8fc\x1e\xaaCZ\x03\
\xe2\xa8L\xd7\xc9\xdc\xee\x04\xc6v\x90\x7f\x1d\x05\xee\xa3\
\xc0\xe2\x1e\xc7\xbf)\x80-\x80\x9f\xd3\x1b\x1d\x08\x9f\x06\
v\xcb}\xcc\xc2\x80#\xcdRvW\x0d\x17|\xe9\xf9\
\xd4I+\xc7\xbdXCn\xf3z\x06\xd8\xc5\xe3x\x87\
j\x91:\x03\xfe>\xc352?\xe7S\xb2h$\xf5\
o\xb9\xbc\x86\xdc\x8eq:\x0d\x8dB\x9a7\xe2\x83\xa4\
\x19\xfa\x9al\x06\xf0\xd1\xdc\xc7+\x0c0\xeaY\x99\xeb\
\x94\x0e\xf2Z\x81\xb4$k\xdd\xee$\xc6\xef\xf6\x04`\
5\x9a1\x1f\xc4\xbcJO\x19L\x9a\x10\xc7\xbb\x0f\xce\
d\x06l\x01\x1b`\x1c\xe9\xf5f\xee\xd1\x22#9\x09\
X8\xf7\xb1\x0a\x03\x864\xa6\xfe\x09\xe7\x8b\xfbi`\
\x85\x92y-H}s\xa7\xcf\xed\x22b*\xcf\x9e@\
\xfaa\x7f:\xc35R\xd4\x07;\xd8\xa7\xff\xaa!\xaf\
\x8ef\xde\xecu\xc0\x9a\xc0\x8fI\x93w5\xd1_\x89\
\xdf\x9eP'\xe0\xab5\x5c\xd8\xef\xea \xaf\x1c+\x85\
\xfd\x9c\x98\xd1\xaf'\x00\x07QO\xc7\xb9n\xbc\x04l\
^r\xbf\x8c\xf4\x0a\xc1\xd3\xec\xb2y\xf5\x13\xd2R\xc4\
\xc7\x90\x96\x1eo\x9a{\x80us\x1f\xa30\x00\x80\x95\
\xf0\x7f\xbf\xfe\xa7\x0e\xf2z#\xf5v\xe6\x9a\x03|\xc2\
\xe3\x18\x87\xea\x91^Y\xe5\xee\xecW\xd4]\xc0b%\
\xf7oU\xfcoN\xe7y\x9d\x9f^AZ\xef\xe4+\
\xc0\x0b\xce\xc7\xba\xac\x09\x0cp\x81\x16jB\x9aa\xcb\
\xd3D`\xd5\x929\xadJ\xea\x80W\x97\xd9t\xd0T\
\x1b\xf2 M\x04\xd3kJ\xaf\x19\x00\x1cZC^\xdb\
x\x9c\xa3^CZT\xec\x18\x9aU\x08\xbc\x08\xec\x9e\
\xfb\xd8\x84>\x05\xac\x0cLu\xbe\x88\x0f+\x99\xd3\x02\
\xc0%\xce9\xcdm\x16\x1d\xccH\x18\xeaGj\x1a\xff\
n\x8d\xd7F\xd5J\xbd\x06#\xed\xef\xa5\xce9]\xe0\
u\xbez\x11\xe97\xf1$\x9a\xd3\xba4\x15xS\xee\
\xe3\x12\xfa\x10\xa93\x8c\xa7\xbfQri\x5c\xe03\xce\
9\xcdm&1\xb3_O u\x08=\xa9\xc6k\xc3\
\xc3s\x94\x9cL\x0ax-\xfe\xfd\x1cv\xf2:o\xbd\
\x0a\xd8\x8c\xd4!\xaf\x09f\x00o\xcf}LB\x1f\x01\
V\xc1w]\xf5\x97\x80uJ\xe6\xb4\x19\xf5\xad\x93>\
\x9d\xf8R\xf5\x04\xd2\x93\xf0\xafj\xba.\xbc\xfd\x83\xf2\
\xf3\x03xO\x7f}\xb1\xd7\xb9\xebu\xc0[\x81\x87\x9d\
\x8f\x7f\x113\x88\xc5\xc7BU\xf0\xffQ\xf9v\xc9|\
F\x017;\xe74d\x0ep\x90\xd7\xb1\x0d\xd5\x02\xfe\
_M\xd7E]\x8e.\xb9\xffc\xf1\x1f\xa6\xbb\xb5\xd7\
\xf9\xebu\xa4I\xa6\x8e\xa1\xbe\x87\x93\xf9\x99E\x07\xa3\
\xa9Bx\x19R\x87\x17\xcf\xc9F&\x00K\x96\xcc\xe9\
\x0b\x8e\xf9\xcc\xeb3^\xc76T\x0b\xf8F\x8d\xd7E\
]\xa6Q\xbeu\xec\x10\xe7\x9cN\xf7:\x87\xfd\x02\xd8\
\x18\xb8\xce\xf9<\xb43\x03\xd8'\xf7\xb1\x08=\x0c\xf8\
\xa2\xf3E\xfa\x9e\x92\xf9\xac\x8f\xef\xeb\x88\xb9\x9d\xe0u\
\x5cC\xb5\xa8\xb7?H\xdd.*y,\x0c\xdfi\x82\
g\x11c\xcf\xdb\x22-\xdf|\x14\xe9\x15g.S\x81\
\x9ds\x1f\x8b\xd0\x83\x80E\xf0mN\xbc\x15X\xa0D\
>\xde?ls;\xbdLn!\x1f\xe0\xbd\xf4\xd6\x12\
\xaf\x9d(\xb52\x1f\xb05\xbe\xc7\xe4g^\xe7\xb3\xdf\
\x00\x1b\x017:\x9e\x8bv&\x02\x9b\xe5>\x0e\xa1\xc7\
\x00\x87;_\x98o,\x99\xcf{\x9c\xf3\x19\xf2\x0f`\
\xb4\xd7q\x0d\xd5!u\xbc\xca5\x0ck:p\x22\xfe\
\xc3c\x01\x1e\xa7\xe4\xaa\x81\xc0\xb9\x8e\xf9L\xa3\xe4t\
\xdd\x83\x0cX\x98\xd4?%W\xa1:\x01X3\xf7q\
\x08=\x82\xf4\xb4\xed\xb9\xe2\xdf\xdfK\xe6\xb3$\xe9G\
\xd0\xdb#\xc0\xf2^\xc75T\x07\xd8\x90|\x93\xb1\xdc\
\x09\xbc\xae\x95\xc7A5m\xf3\xc7%\x8f\xcff\xf8\x16\
G_\xf09\xb3\xfd\x0bx=\xf5\xfc\x8e\x0d\xe7N`\
\xe9\xdc\xc7 \xf4\x00`w\xe7\x8bq\xfb\x92\xf9x\xcf\
B\x08\xa9\xd3L\xa9\xbcB\x1e\xa4\xf9\xd9\x1f\xac\xe1\x9a\
\x18\xce\xc9\xc0\x98y\xf2\xa9\xe3\xfa\x9c\x05lY\xf28\
\x9d\xe6\x98\xcf\xc3\xc0B\xd5\x9e\xd9\xfeG\x9a@\xe8\x0a\
\xc7\xf32\x92\x8b\x89\xf5KB;\xc0\x19\x8e\x17\xe1\x85\
%sY\x8fz\x16r\x89\xf9\xfd{\x00i\x18h\x8e\
\x95\x1fg\x02G\x8d\x90S\x1d?\xea\xd7Rb\xc2,\
`\xddV\xde^\xdeZ\xdd\x99\x1d\x1c\xa4W\x02?u\
</#\xf9y\xee\xfd\x0f\x0dF\xaaP=o\xb8\xa5\
f\x13\x03\xcev\xcce\xc8\xe9\x94\x9c\x890\xe4Az\
\xef^\xb7\xa7\x81\xdd\xda\xe4\xb5\x0a\xf0T\x0d\xb9\x94\xba\
\xe9\x02\xff\xeb\x98\xcb%\xdd\x9d\xcd\xc1\x06\xbc\x8f<\xa3\
\x04b=\x930<\xe0K\x8e\x17\xde_K\xe6\xb2\xb3\
c.C\xee\xa1d\x07\xab\x90\x07ie\xbf\xba]\x0f\
\xac^0\xbf\xbd\xf1\xef\xe8u;\xe5F\xcf\xbc\x9a\xf4\
\xfa\xc0\xc3\x1c`\xbd\xce\xcfh\x00\xb6\xa7\x9e\xc2qn\
3\x80\x1ds\xef{h\x18\xd2\x02;\x0f9^x\xbb\
\x96\xcc\xc7\xbbYu\x06\xb1\x94fO M\xaeR\xd7\
\x1c\x10C.\x01\x96(\x99g\x1dM\xbb\x07\x97\xcc\xe9\
t\xc7\x5cJ\xcd\xe4\x19^\x89\xf4\x9a\xf3>\xc7s4\
\x9cG\x81\x15s\xef{h\x10\xe0\x0d\x8e\x17\xdc\x0d%\
s\xd9\xcd1\x97!_\xf7:\x96\xa1:\xa4)V=\
G\xa5\x0c\xe7L`\x91\x0er\x1d\x0d\xdc\xe6\x9c\xdb\xbd\
\x94\xe8\xcc\x05l\xe5\x98\xcb\xa3\x94\x5c\xb3 \xbc\x12\xb0\
<p\x83\xe3y\x1a\xceE\xc4|'a\x08\xf0\x1b\xc7\
\x8b\xad\xd4jz\xf8w\xf4\xba\x8b\x18\xef\xdf\x13\x80\x9f\
;_\x0b\xf3:\x91.~\x18I7\x5c\xaff\xf7!\
\x87\x97\xcc\xe9J\xc7\x5c\xf6\xea\xf4X\x85\xff\x00\x16\xa7\
\xde%\xce\x01>\x9b{\xbfC\x03\x00\x8b\x01/:]\
d\x8fP\xee\x89e[\xa7<\x86\xcc\x06v\xf0<\x9e\
\xa1\x1a\xc0~\xce\xd7\xc2\xbc*i\x15\x02\x8es\xce\xf3\
1\xe6\x19\x8e\xd8&\x9f\xb79\xe6rZ\x15\xc7,H\
\xc0\x18\xe0\xcf\x8e\xe7j^3\x80mr\xefw\xc8\x0c\
\xdf\x99\xf6\x86\x1d>5B.\xe7;\xe6\x02p\x9c\xd7\
q\x0c\xd5\x01V%\xf5\xc0\xaf\xcb\xd7*\xcc}1\xe0\
\x01\xe7|\x8f,\x91\xcf\x82\xf8\xbdg\x9eFt\xa4\xad\
\x0ci\x98\xe0\x9f\x9c\xce\xd5p\x1e\x00\x16\xcf\xbd\xdf!\
#\xd2$\x11\x1efP\xa2\xb3\x09\xb0\x85S\x1eC\xee\
\x07\x16\xf5<\x96\xa1{\xa4\xd9(\xebl\x0e\xfd\x81\xc3\
>\xec\xe9\x9c\xf3C\x94\x98\x8c\x07\xf8\xb8c.\x87V\
}\xfc\x06\x19\xa9\x088\xcf\xf1|\xcd\xab\xd4L\x93\xa1\
\x8f\x90fV\xf3\x9a0\xe4\xac\x92\xb9\x9c\xe5\x94\xc7\x90\
\xfd\xbc\x8ec\xa8\x0e\xf0~\xe7\xeb`n\xbf\xc2i\x1e\
\x08\xfc\xaf\xe7\x83J\xe42\x16\xbf\xb5\x0b\xce\xf58~\
\x83\x8c\xf4:\xa0\xaeI\xaffSr\x94V\xe8\x13\xf8\
.\xfc\xf3\xe6\x12yl\x88\xef8\xea\x7fx\x1e\xc7P\
\x0d`\x19\xea\x1b\x1b}\x06\x8e\xbd\xd8\x81\xb5\xf1\x9d\xec\
\xe5\xc6\x92\xf9\x9c\xe2\x94\xc7\x0c`\x19\xaf\xe38\xa8H\
\xeb\xa0\xdc\xe4t\xce\xe6\xf5\x00}\xd0:\x1a\xc3\x1a\xca\
{\xbbS\xdc\x09\x92\xcaL\xfd\xfb!I^3\xf2!\
\xe93N\xb1C\xb5\xbe'\xa9\x8eE\x99\xfe&\xe9@\
3\x9b\xed\xb5\x013\xbb_\xd2\x0f\xbd\xe2Kz\x1d\xb0\
K\x89\xcf\xff\xd2)\x8fQ\x92\x0a\x17\xfb\xa1\x183\x9b\
$iOI\xf7\xd6\xb0\xb9\xb5$}\xb9\x86\xed\x84\xa6\
\x00\x96\x22-m\xea\xe1\xd8\x12y\x8c\x01\x9es\xca\x03\
\xe0T\xcf\xe3\x18\xaa\x01\xecH=\xcb\xa6>\x00,W\
\xd3>-\x01<\xe9\xb8/\x85{\xe1\xe3;\xd9W\xbc\
\x06p\x02\xbc\x06x\xc6\xe9\xbc\xcdm\x06\xb0Q\xee\xfd\
\xedF\xb4\x00\x94\xb3\x8f\xa4\x85\x1d\xe2\x22\xe9\xe4\x12\x9f\
\x7f\x87$\xaf\xe5*gH\xfa\xa2S\xecP\x11R\x87\
\xb6\x9f\xca\xaf\x15h\xc8\x8b\x92\xdebf\xcf8oG\
\x92df/J\xfa\xae\xe3&\xde\x06\xacR0\x979\
\x92~\xed\x94\xc7n\x94\x18\x9a\x18\x8a3\xb3{$\xed\
/i\xa6\xf3\xa6FI\xfa\x19=\xbc6J\x14\x00\xe5\
\xbc\xc9)\xee\x15\xad\x8b\xb6\xa8R\x13\x9b\x94t|\xab\
)64\xdb\xa7$m\xe2\xbc\x8d9\x92\x0e2\xb3\xdb\
\x9d\xb73\xaf\x13$=\xee\x14{\x94\xa4\xf7\x95\xf8\xfc\
\xc9J\x05z\xd5\x16\x954\xe2\xa2I\xa1sfv\xa9\
\xa4O\xd6\xb0\xa9\x1d$\x95\x9an:\xf4 \xd2\xd8\xe0\
g\x9d\x9a\x92\x0e+\x91\xc7\x06N9@\xea\x80\xb5\x92\
\xe7q\x0c\xdd#\x8dDy\xc1\xf1:\x18\xf2\xb9\x8c\xfb\
\xf8Q\xc7\xfd\xba\x8frK\x05_\xee\x94\xc7\x09\x9e\xc7\
0H\xc0/\x9c\xce\xdd\xdc\x1e\xa1G;\x04F\x0b@\
q\xdbJ\xf2\xe8\xb9;[\xd2\x9fJ|\xfe\x03\x0e9\
\x0c\xf9\xad\x99Mp\x8c\x1f\xaa\xf1\x05IK:o\xe3\
/\x92\xbe\xe3\xbc\x8d\x91\x9c$\xe91\xa7\xd8kK\xda\
\xaa\xc4\xe7K\x0d\xcf-a\x1fz\xb8\xf9\xb8G|\x5c\
\xd2\xcd\xce\xdbXM\xd2\xa7\x9d\xb7\xe1\x22\x0a\x80\xe2\xf6\
v\x8a{\xb5\x99=]\xe4\x83\xc0\xc2\x92\x0eq\xca\x03\
I1\xeb_\xc3\x01kH\xfa\xb0\xf3f\x9e\x96\xf4^\
3\xf3h\xfa.\xc4\xcc\xa6K\xfa\x89\xe3&\xca\xac\xb7\
\xe1U\x00\xac.iC\xa7\xd8A\xff\xbe\x8e\xde\xa5\xd4\
\x97\xc5\xd3g\xe9\xc1\xd6\xd3(\x00\x8a\xf3*\x00\xce)\
\xf1\xd97\xc9o\xc8\xd7\xb9fv\xa7S\xecP\x9d\xaf\
J*\xbd\xf2^\x09H:\xcc\xcc\x9ep\xdcFQ?\
\x97\xdf\x0f\xf7\x01\x14\x5c\xc4\xc8\xcc\x1e\x94t\xabS\x1e\
\xbb;\xc5\x0d-\xad\xfeU\xdeE\xf3b\x92\x8ev\xde\
F\xe5\xa2\x00(\x804w\xf7\xa6N\xe1\xcb4\xff\xbf\
\xd5)\x07\xc9\xb7\xe7u\xa8\x00\xb0\xbe\xfc;\x1c\xfd\xd8\
\xcc\x1a1D\xcd\xcc&*\xbd\x0a\xf0\xb0\x8a\xa42s\
\x02\x9c\xed\x94\xc78\xa7\xb8a.f\xf6;I\xbfw\
\xde\xcc\x87\x805\x9d\xb7Q\xa9(\x00\x8a\xd9Y\x92\xc7\
\x0chw\x16\xed\xfdOZ!\xd0k\x14\xc25fv\
\xa5S\xecP\x9dc%\x15\x9e\xcf\xbe\x03wI\xca\xd6\
\xf1o>~\xac4\x1a\xc1C\x13^\x03\xec\x8a\xe3\xec\
\x8a\xe1e>\xaa4\xe1\x9a\x97\x85\xd5c\xad\x00Q\x00\
\x14S\xe6I\xa1\x8c2\xcd\xff\xbb\xc8\xa7\x13\xa2$\x9d\
\xe8\x147T\x04\xd8\x5c\xd2\xbe\x9e\x9b\x90\xf4a3{\
\xc9q\x1b\xa5\x99\xd9xI\x17;\x85\x7fG\xab_M\
\x91<n\x95\xf4\x80C\x0eKI\xda\xcc!n\x98\x87\
\x99=+\xe9\x83\xce\x9byo\xab\x9fNO\x88\x02\xa0\
\x18\xaf\x02\xa0L\xf3\xbf\xd7\x8f\xffdI\x7ft\x8a\x1d\
\xaa\xf3)\xe7\xf8\xbf2\xb3\xbf;o\xa3S\xbfp\x8a\
\xbb\xb4\xa4=J|\xfe\xcfNy\x8cs\x8a\x1b\xe6\xd1\
z\xbdu\xba\xe3&FI\xfao\xc7\xf8\x95\x8a\x02\xa0\
\x0d`\x09\xf9T\xe8OI\xba\xae`\x0e&\xbf\x02\xe0\
\x0c3\x9b\xe2\x14;T\x00XUif3/\xcfI\
:\xca1~\xb7\xfe$\xc9\xabS\xe2\x1bK|\xf62\
\xa7\x1c\xb6s\x8a\x1b\x86w\x84\xa4\x17\x1c\xe3\x7f\x80\x9a\
\xa6\xce\xeeV\x14\x00\xedm%\x9f\xf7\xae\xffhM5\
Z\xc4\x96JC\x86<xMu\x1a\xaas\x84|\xa6\
\xa0\x1e\xf2\x99\xa2CQs0\xb3Y\x92~\xeb\x14\xfe\
\x0d%>{\x99|\xfa#D\x01P\xa3\xd6\x5c'_\
q\xdc\xc4\xa2J\xfd\x0d\x1a/\x0a\x80\xf6\xb6v\x8a[\
\xa6\xd3\x9dW\xef\xff\x87$5\xb5\xd97H\x02\x16\x97\
\xef{\xcbk\xe4\xb7\xea]\x95\x0a/\xe2S\xd2:E\
{n\x9b\xd9s\x92<\xa6E^\x05X\xcd!n\x98\
\xbf\xe3%\xdd\xe1\x18\xff\xc3E\xfb\x97\xe4\x14\x05@{\
ef\x0c+\xa3L\x01\xf0z\xa7\x1c~]\xa2\x15\x22\
\xe4q\x98RG1/G\xe7\x9c\xf0\xa7(3\xbbI\
~\xcb\xbc\x96\xf9~]\xe6\x94\xc3\xb6Nq\xc30Z\
\xcbZ\x7f\xd6q\x13+\xca\xf7\xb5]%\xa2\x00ho\
K\x87\x98S$\xddR\xe4\x83\xc0b\x926w\xc8A\
\x92Nq\x8a\x1b*\xd0\x9a\xa8\xe6\x08\xc7M\x5c\xd0Z\
4\xa5W\xfc\xc1)n\x99\x02\xc0\xebxm\xe3\x147\
\xcc\x87\x99\x9d/\xbf\x11&R\x0f\xbc\x06\x88\x02`\x04\
\xc0\x8a\x92^\xe5\x10\xfaZ3+\xbaT\xe5\xb6\xf2\xe9\
\x83p\xbf\x99\xdd\xed\x107Tg7I\xafv\x8a=\
GiM\x81^\xe2U\x00\xecVtV@I\xff\x90\
O?\x00\xaf\x89\xc6\xc2\xc8>'\x9f\xd5\x1e%i;\
\xe0uN\xb1+\x11\x05\xc0\xc8\xbc\xbe\x94W\x94\xf8\xec\
NN9\x9c\xef\x147T\xe7=\x8e\xb1O13\xef\
ER*ef\xb7)\xf5[\xa9\xda\xf2*\xb8\xb4r\
\xab\x1f\xc0]\x0e9x/\xed\x1c\x86\xd1z\xb5\xe49\
\xf3e\x99\xa5\xa7k\x17\x05\xc0\xc86r\x8a[\xa6\x00\
\xd8\xd1)\x87\x0b\x9c\xe2\x86\x0a\xb4\x86\x9fzu\xfe\x9c\
%\xe9\x18\xa7\xd8\xde.t\x8a[\xe65\x80G\xe1\xb4\
b\xab\xc51\xd4\xef\xab\xf2k\x058\x08\xf0\x5c\xbb\xa3\
+Q\x00\x8c\xccc\xa5\xae9J=\xaf\xdb\x02\x16\x92\
\xcf\xbb\xc1i\x8a\xde\xffM\xb7\xbf\xd2\x02#\x1e\xce4\
\xb3\xfb\x9db{\xf3*\x00\xb6/\xf1Y\xaf\x96\x93h\
\x05\xc8\xa0\xd5\x0a\xe0\xd5\x22\xba\x8c\xa47;\xc5\xeeZ\
\x14\x00#{\xadC\xcc\x07\xcd\xac\xe8\x0ag\xaf\x93\xb4\
\xb8C\x0e\x97\x9a\xd9T\x87\xb8\xa1:\x9e\xcd\xff?p\
\x8c\xed\xed\x12I\xd3\x1d\xe2\x96\x19\xedS\xa8\x03o\x07\
6v\x8a\x1b\xda\xfb\x9ec\xecC\x1dcw%\x0a\x80\
\xf9h\xcd\xbe\xe7\xd1\x02Pf\xc9\xdd\x1d\x1c\xb6/E\
\xf3\x7f\xa3\xb5\xc6\xa5{\xf5\xfd\xb8\xc2\xcc\x0a\xb5@5\
\x91\x99M\x96t\x83C\xe8\xd5\x80\x95\x0b~\xf6f\xf9\
4\x19\xbf\xc6!f(\xa05\x0d\xb6\xc7u%I{\
\x02K;\xc5\xeeJ\x14\x00\xf3\xb7\x8a\xa4%\x1d\xe2\x96\
\xe9@\xe4\xb5H\xc8\xe5NqC5\xde-\xc9\x9cb\
\xf7\xf2\xd3\xff\x10\xaf\x95+\x0b\xb5\x02\x98\xd9\xf3\x92\x1e\
v\xd8\xfe\xba\x0e1Cq\xc7;\xc5]X\xd2>N\
\xb1\xbb\x12\x05\xc0\xfc\xad\xed\x14\xb7L\x0b\x80G\x0b\xc4\
T\xf9\xce\x80\x15\xba\xe7\xf5\xce\xf0~\x95[\x81\xb2\xa9\
\xbc\x0a\x802\xa3~<\xfa\x01\xac\xe3\x103\x14w\x9a\
$\xaf)\xb1\xdf\xe1\x14\xb7+\x9ek\x8b\xf7\xba\xb5\x9c\
\xe2\x16j\x01h\xbd\x82X\xcfa\xfb7\xb6\xe6V\x0f\
\x0d\x04\xac \x9f\xc9\xa7$\xe9\xe4\xd6\x0ch\xaeZ\xeb\
\xdb\xef$iO\xa55,V\x94\xf4\xbc\xa4\xc7\x94f\
\xd2\xbb\xb8\xcb>(W*5\xc1W\xddJR\xa6\xcf\
\xcf\xed\x92\xf6\xabx\xfb\xab\x01c\xcclZ\xc5q\x1b\
\x0fXTie\xc6]$\xad\xaa\xb4R\xe3\x93J-\
-\x17)\xbd\xbar\xbdv\xcdl:\xf0\x1b\xf9\xac\xe6\
\xb7'\xb0D\x89\xfe_!'\xe0\x18\xaa7\xa75\xbc\
\xab\xc8\xf6_\xe5\xb0}\x80\xe3\xbc\x8f]\xe8\x1c\xf0~\
\xa7\xf3>\x1b\xf0\x98\xd4j\xee\xdcG\x01\x1f\x06\x1eo\
\x93\xcb\x8b\xc0\xd7\x81\x8e_\xb1\x01\xffr8F\x85\xe7\
\xf9\x07\xde\xe7\xb0}\x00\x8f\x8e\xc7\x8d\x05\x8c\x05\xbe\x09\
Lns\x5c\x1e\x03>D\x1a\x19\xe5\x99\xcfk\x9d\xce\
+\x80\xd7\x8a\xae\x1d\x8bW\x00\xf3\xe71\x03\xdb#%\
*\xc0\x0d\x1c\xb6/I\xd7;\xc5\x0d\xd5x\x93S\xdc\
K\xcd\xcc\xe3\xbd\xb5\xa4\x7f/Y|\x95\xa4\x13$\xb5\
\xebL\xb7\xb8\xa4/J\xba\x03\xd8\xa2\xc3M\xde\xda\xe1\
\xdf\x1b\xc9k(\xbe\x80\xcbx\x87\xedK\xd2\x1aNq\
\x1b\x07\xd8J\xe9u\xe4\xd1j?\xe4u\x15I?\x93\
t%\xb0\x8aWNfv\x87\x0a\x0e\xd3\xee@\x99\xa5\
\xa7k\x11\x05\xc0\xfc\xad\xe9\x10\xb3L\x07@\x8f\xf7\xff\
\x92t\xadS\xdc\xd0\xa5\xd6\xcd\xa7\xcc\xf2\xb4e\xb8-\
\xfb\x0c\xbcZ\xd2u*\xff\xeab5I\x97\x03\x9d,\
v\xf5\xcf\x0e\xfeN;\xa3T\xfc{\xff\x80\xc3\xf6\xa5\
\xd4\xfc\xdd\xf7Z\xe7\xfc\xef*\xbf\xbf[K\xba\xbeu\
\xcdy\xf9\x9dS\xdc7\x92^\xed6F\x14\x00\xf3\xe7\
Qe>X\xe2\xb3\x1e-\x00\x13K\xe6\x10\xea\xb5\x8b\
\xa4B\xaf\x88J\x9a\x22\xe9L\x87\xb8\x225\xe3\xffI\
\x9d\x7f_\xc6H\xfa\x03P\xb6\x07\xfcm\x1dn\xaf\x9d\
\xa27\x96G%\x15]\xcf\xa3\x8c\xbe/\x00\x80\xd7(\
\xad\xeb0\xa6\xc3\x10\xabH:\x87\x82\xafS;\xf0G\
\xf9\xac\xf7\xb0\x9a\xfc\x1e\xec:\x12\x05\xc0\xfc\xad\xe4\x10\
\xf3\xc9\x12\x9f\xf5(\x00\xee\xef\x85\xa5_\x07\xd8\x9eN\
q\xff\xd4\x1a?\xef\xe1\x18u?a\xd6\xd2\x92N*\
\xf9w\xbc\x0a\x80B\x9d\x7f[\x1d\xd2<^\xa9\xf4}\
\x01\xa0\xd4\x94\xdf\xed\xb8\xf8\x8d$}\xb9\x82\x5c^\xc1\
\xcc\x9eP\xb9\xe9\xda\xcb\x18\xe7\x14\xb7#Q\x00\x0c\xa3\
UYzL\xc3:\xa1\xc4g=F!x5[\x86\
jx\xad\xfbp\x9eGP`uI\x1f\xa9(\xdc\xce\
\xc0^%>\xff\x90|f\x04,\xf3\xbd\xf3hM\xeb\
\xeb\x02\x00\xd8[\xd2\xae\x15\x85\xfbX\xeb\x1a\xf4p\x86\
S\xdc]\x9c\xe2v$\x0a\x80\xe1\xad\xe0\x14\xb7P\x0b\
\x00i\x18\x95\xc7\xc2 \xd1\xfc\xdfP\xa4\x05C<&\
~\x9a\xad4\x8c\xca\xc3A\x92\xaa\x5c\xe8\xa4\xf0\xf4\xc7\
f6G>O\xe0eFJxl\xbf\xdf\x17\x04\xaa\
ru\xbc\xd1\x92\xdeYa\xbc\xb9\xb9\x14\xcd\x92vi\
R?\x80(\x00\x86\xe7\xd1\xfc/\x15o\x01XY>\
s4D\x0b@sm\xa5jo\xa6C\xae6\xb3g\
\x1d\xe2J\xd5\xcfn\xb6w\xc9a^\xe3+\xde\xbeT\
\xee\xbb\xefq\x5c\x97q\x88\xd9\x08\xc0(U\xff\x9a\xcb\
e\xd2,3{P\xd2\xbf\x1cB\xaf \x9f\xf9]:\
\x12\x05\xc0\xf0\xbc\xbe\x84E\x0b\x00\xafa.Q\x004\
W\x99\xd5\xe8\xca\xf8\xb3S\x5c\xa9\xfa\x0eMcU\xee\
\xda\xf7\xb8\x9e\xcb\x14\x00\xcf9l\xbfo\x0b\x00\xa5N\
pUO\xaf\xee\xd9\xa9\xcek\xe5\xc9\xad\x9d\xe2\x96\x16\
\x05\xc0\xf0\xc6:\xc5-\xda\x09\xd0\xeb\x15D\x14\x00\xcd\
\xb5\xadS\x5c\x97eN[\xaf,<\x168)\xf3\x0e\
\xdc\xa3\x09>w\x01\xb0d\xebI\xb9\x1fy\xb4\xac.\
\xdb\xba\x16=\xfc\xc5)n\x99\x95']E\x010<\
\x8fE\x80^(1\xfd\xa9\xd7\xcaQO8\xc5\x0d\xdd\
\xdb\xce!\xe6\xb3\xf2\x19//I\x8b\xcag\xc1\xa22\
\x9do=\xe6m\x1f[\xe2\x86\xe2Q\x00H~\xdf\xff\
\xdc<:V\x9b\xd2\xb5\xe8\xe1\x0a\xa5>4U\xf3\x9a\
\xea\xbb\xb4(\x00\x86\xe7\xd1\x02P\xe6\xc7\xc2\xa3\x19p\
f\x97\xf3\xaf\x07'\xc0\x1a\xf2y:\xba\xa6\xcf\x87}\
z\xf5m(\xfa\x00\xe0\xb5\xfd\xa5\x9c\xe2\x86\x12\xccl\
\x92|\x0a\xe8\xcd\x9a\xd2\xca\x13\x05\xc0\xf0<Z\x00\xca\
\x0cY\xf2x\x02x\xc1!f\xa8\x86\xd7{\xcc\xab\x9c\
\xe26\xc53Nq\x8b>\x00x\xb5\x00\x8cv\x8a\x1b\
\xca\xf3\x98\x0f`\xb4\x1a\xb2\xf2c\x14\x00\xc3\xf3h\xaa\
\x9aQ\xe2\xb3\x8b;l\x7f\xa2C\xccP\x8d\xf5\x9d\xe2\
^\xed\x14\xb7)r\xb7\x00x}\xa7:\x9d!/T\
\xcf\xeb;\xd4\x88E\x9f\xa2\x00\x18^\xd1\x05A\xca(\
\xd3\x02\xe0\xf1\x030\xc9!f\xa8\x86\xc7\xb0\xa0\xd9\xea\
\xff\x85\x9f\xbc\xae\xe9\xa2S\xccz-\xab\xed\xd5\xa9-\
\x94w\xb3S\xdcFL\x09\x1c\x05\xc0\xf0<\xc6\xe0\xe7\
.\x00\xa2\x05\xa0\xb9<\x0a\x80;\x1c\xa7\xffm\x0a\x8f\
\x99\x00\xa5\xb4(P\x11^\x05@\xb4\x004\xc7=\x92\
<\xfaNm\xe4\x10\xb3\xb4(\x00\x86\xe7Q\x00\x94y\
\x05\xe0\xf1\x0e\xb0\xe82\xc4\xa1~\x1e\xaf\x00\xeep\x88\
\xd94^\x05@\xd1\x16@\x8f\x1e\xe2R\xb4\x004F\
k\xcd\x07\x8fu'\xa2\x0f@\x83y\xf4\xd0,\xf3c\
\xe5\xb1\xfd~\xee\x0d\xde\xb3\x80\xb1\xf2\x19\x01\xe01\x8b\
Y\xd3x\x15\x00E\x1f\x00\xbc\x0a\x80\xd0,\xb7;\xc4\
\xf4X\xeb\xa5\xb4(\x00\x86\x97\xbb\x05\xc0c)J\x8f\
}\x0a\xdd\xf3\x9a\x16\xf4\x1e\xa7\xb8MR\xe6;UF\
\xeeW\x00\xa1Y\xees\x88\xb9\x14\x90}\xb8g\x14\x00\
\xc3\xf3\xb8\x01{\xac\x1d^\xc6\x82\x99\xb7\x1f\x86\xe7\xb5\
\xfa\xdb \xb4\x00x5\x95\x17\xfd\xaeF\x0b\xc0`\xb8\
\xd7)n\xf6V\x80(\x00\x86\xe7Q\xd9\x97\xe9\xd8\xe3\
\xd1\x5c\x1f-\x00\xcd\xe41\xed3\xf2\xfb\xd1j\x12\xaf\
\xcerE_-x\x15\x00\xf1\xba\xaeY\xbcZ\xd3\xca\
\xac<\xe9\x22\x0a\x80\xe1y\x14\x00e\xe6\x16\xf0h\xda\
l\xc4\xccS\xe1\x15\x96s\x88\xf9\xa4\x99\x0dB\xa7O\
\xaf)`\x8b\x16\x00^\x05H\x14\x00\xcd2\xde)n\
\xf6\xa5\x9f\xa3\x00\x18^\xee\x02`\x9a\xc3\xf6\xe3\x15@\
3y\xfc\x08\x14]u\xb2\xd7\xe5.\x00<&\xec\x92\
\xa4\x97\x9c\xe2\x86\x0e\xb4\x86\xd3z\xcc9\xe1\xb5\xec|\
aQ\x00\x0c/w\x010\xc5a\xfb1\xb6\xb8\x99<\
^\x01x,\x92\xd3D\xb9_\x01x\x15\x00\x1e\x0f\x00\
\xa1;\x8f9\xc4\x8c\x16\x80\x86\xf2\x98\xf8\xa1L\x01\xe0\
\xb1\xfd\xe5\x1db\x86\xeeE\x01\xd09\xaf\x16\x80\xa27\
`\xaf\x02\xc0\xe3\x01 t'\x0a\x80\x01\xe2\xf1\xfe\xb4\
L\x01\xe0\xb1\xfd\xec\x17[\x18\x96\xc7yy\xca!f\
\x13y\xdd\x80\x8b.\xf2\xe3\xb1f\x88\xe4\xf3\x00\x10\xba\
\xe3\xf1\x9d\xf2Xu\xb6\x94(\x00\x86\xe7\xf1\xbe\xa7\xcc\
\x8f\x85\xc7\x22'\xa3\x01\x8fU\x0eCw<nb\x83\
\xd2\x02\xb0\x9aCLT\xfc\xfb\x17-\x00\x83\xc3c*\
\xf5\xa2kN\xb8\x89\x02`x\x1e\x05\xc0\x18\xa0hG\
<\xafeN\xa3\x15\xa0y<\x86g>\xef\x10\xb3\x89\
Vw\x889\xd1\xcc\x8a\xf6\x01\xf2j\x01\x18\x84\x11\x1c\
\xbd\xc6c9\xf5\xec\x0fdQ\x00\x0c\xcfk\x95\xb1\xa2\
\xef\xe1\xbd\x0a\x00\x8f\xf7\xcd\xa1;\x1e\xc33sO:\
U\x17\x8f\x16\x802\xdf=\x8f\xef\xd3\x0c3\x8b\x95;\
\x9b'\x0a\x80\x01\xe2\xb5\xcex\xd1\x1f,\xafw\xb8\xd1\
\x02\xd0<\x1e-\x00\x832C\x9dG\x01P\xe6\xbb\x9f\
\xbb\x00\x09\xf5\xf1h\x95\xc9>2+\x0a\x80\xe1y\xdd\
\x80\x8b6Y>\xea\xb4\xfd\xb5\x9d\xe2\x86\xcey\xb4\x00\
\x0cJ\x01\xe0\xf1\x0a\xe0\x89\x12\x9f\xf5\x98\xc6\xd9\xeb\xe1\
#t\xc7\xa3U-\xfb\xec\xacQ\x00\x0c\xcf\xab\x00(\
\xf4\xc4`fS\xe5\xf3C\xe0\xb1\xecl\xe8\x8e\xc7\x8f\
\xc0\xa0,R\xe31\x95\xea\x83%>\x1b\x05\xc0\xe0\xf0\
(\x00\xb2\xcf\xce\x1a\x05\xc0\xf0\x9e\x91\xcf\x82@e\x9a\
\x0c\x1fq\xd8\xfe\x86\x0e1Cw\xa2\x05\xa0\x03\xc0\xb2\
\xf2y\x87:\xbe\xc4gWq\xd8\xfe\xa0\x8c\xe0\xe85\
}9={\x14\x00\xc30\xb3\xd9\xf2y\x17W\xa6\x00\
x\xc8a\xfb\x1b8\xc4\x0c\xcd3\x08\xd3>o\xe6\x14\
7w\x0b\x80G\xe1\x1f\x9a\xc9r'\x10\x05\xc0\xfcy\
\xbc\x87/S\x00x\xac@5\x16\xf0xj\x09\x9d\xf3\
\x18\xf3\x9d}\x8e\xf1\x1a\xbc\xce)n\xa1\x02\xa0\xb5\x96\
\xbb\xc7<\x00\x0f;\xc4\x0c\xdd\xf3(\xf6\xb2\x0f\xf7\x8c\
\x02`\xfe\xc6;\xc4,\xd3i\xc9k=\xf7x\x0d\xd0\
,\x1eC\xbe<~\xac\x9afS\x87\x98\xa8\xf8\xf7\xfe\
\xd5\x0e\xdb\x97\xa2\x00h*\x8f\x07\xa7\xec\xc3=\xa3\x00\
\x98\xbf\xf1\x0e1W\x03\x16.\xf8Y\xaf5\xa87q\
\x8a\x1b:\xe3\xf1\x14\xb0\xadC\xcc\xa6\xf1x\x05\xf0\x90\
\x99\x15m\x91\xf1*\xa4\xbdF\x00\x85\xeel\xe7\x103\
\x0a\x80\x06\xf3x\x07?J\xc5\xdf\xc3\xdf\xed\xb0}I\
\xda\xc1)n\xe8\x8c\xc7\x13\xdf\xb6\xc0\xca\x0eq\x1b\x01\
\x18#i=\x87\xd0\xb7\x95\xf8\xacW\x01\x10-\x00\x0d\
\x03\xac*ik\x87\xd0\x1e\xf7\x98R\xa2\x00\x98\xbf\xf1\
Nq\x0b=\x81\x9b\xd9\xd3\x92\x1ew\xd8\xfe\x8e@\xf6\
\xce'\xe1\xdf<^\xf5, \xe9 \x87\xb8M\xb1\xb1\
|\x86O\xe6.\x00&\x99\xd9\x93\x0eqCw\xde-\
\x9f\x0e{^\xad\xbc\x85E\x010\x7f^'g\xe3\x12\
\x9f\xbd\xd9a\xfb+HZ\xd7!n\xe8\x8cW_\x8f\
/\x00\xcb8\xc5\xcem\x17\xa7\xb8\xb9\x0b\x00\xafk!\
t\x08XZ\xd2g\x9d\xc2{\xb5\xf2\x16\x16\x05\xc0\xfc\
\xdd/\x9f\xb1\x9fe:/\xdd\xe2\xb0}I\xda\xd1)\
n(\xcf\xeb\x1c/-\xe9\x18\xa7\xd8\xb9\xed\xee\x14\xb7\
P\x01\x00\x8c\x96O'\xc0\xecO\x84\xe1\x15\xbe!\xc9\
\xab\x90\xbe\xd5)naQ\x00\xcc\x87\x99\xcdT*\x02\
\xaaV\xa6\x13\x9eG\x0b\x80\x14\x05@\x93\x5c'\xbf\xe1\
@\x1f\x07>\xe0\x14;\x0b`\x11I;9\x84~Q\
\xd2}\x05?\xbb\x9e|\xe6Z\x88\x02\xa0A\x80\xf7H\
\xfa\x88S\xf8\x17%\xdd\xe8\x14\xbb\xb0(\x00Fv\x97\
C\xcc\x95\x80\xa2\xab\x88]\xed\xb0}I\xda\xd9)n\
(\xa9\xb5\xf4\xec\xe5\x8e\x9b8\x1ex\x8bc\xfc\xbam\
'iQ\x87\xb8\xd7\xb4&\x00+\xc2k\x12\xa2x\x05\
\xd0\x10\xc0\xbe\x92~\xe1\xb8\x89\xcbJ,;\xed&\x0a\
\x80\x91y\x14\x00R\xf1\x8e\x80\x8f\xab\xdc\xccdE\xad\
\x0d\xc4\xba\x00\xcdq\xb1c\xecE$\x9d\x05\x1c\xdd'\
\x9d?_\xef\x14\xf7\x8a\x12\x9f\xf5\x18\x12&I\xfft\
\x8a\x1b\x0a\x02\x16\x00\xbe$\xe9LIE\x87lw\xe2\
/\x8e\xb1\x0b\x8b\x02`d^\xefh\xca\xccbv\xa5\
S\x0e\xfb9\xc5\x0d\xe5\x9d*\xdf\x05|\x16\x90\xf4M\
I\xb7\x01\xfb8n\xa7\x0e^\x05@\x99\xef\xd9\xf6\x0e\
\xdb\x9f\xa6h\x01\xc8\x0ax\xbd\xa4\xeb%}M\xbe\xf7\
\xc6Y\x92Nw\x8c_X\x14\x00#\xbb\xc9)n\x99\
&\xf8(\x00\xfa\x5ck\xe8\x97g+\xc0\x90\x8d$\x9d\
\x0b\xdc\x0c\x1c\x03l\x0d\xacX\xc3v+\xd1zu\xb6\
\xa5C\xe8Y\x92\xae-\x98\xc3\x92\x92^\xeb\x90\xc3m\
%^A\x84\x0a\x00+\x02\xdb\x00_\x05nQ\xfa\x0e\
zM1=\xb7\x0b\x9b2\xdc\xb3\x1f\x9a\x04\xdd\xb4\x9a\
L\x9fU\xeaQ]\xa5\x17%-S\xe4\x1d\x10\xf0\x1a\
\xf9<\x19 iu3{\xcc!v(\x098@\xd2\
\xef3m~\xa6\xa4\xc9%\xff\x8eIZ\xca!\x97\xc9\
\x9a\xff\xd2\xab\x8b\xc8\xe7\xfd\xff\x0df\xb6U\x91\x0f\x02\
{I\xba\xc0!\x87\xe9\x92\xa6:\xc4m\x92Q\xf2Y\
?a\xa2\xd2\xefY\x19\x8b+\xdfj|\xef0\xb3?\
f\xda\xf6\xcbxL\xa6\xd17\xcc\x8cVe\xb8k\xc5\
\xa1\x97\x90\xb4\xb9RsS\xbb\x1c\xee\x01\xc6KZ\xb3\
\xe2\x1cL\xd2\xbe\x92N\xa88n\xe8\xcc\x99J\xa3N\
\xd6\xce\xb0\xedQ\xaa\xbe\xc8\xed\x94\xc7\x0d\xa2\x9d2\xef\
c\xbd\xde\xff/\xd2\xfa\x13\xca\xf3(D\xbd\xdc#\xe9\
\xec\xdcI\x0c\x89W\x00\xedy\xbd\x06\x18W\xe2\xb3\x7f\
s\xca\xe1\xadNqCI\xad\xd6\xa0\xef\xe4\xcec@\
\x95y\xa2\xf7*\x00\xc2`\xf8v\x93^\xf5D\x01\xd0\
\xde5Nq\xc7\x95\xf8\xacW\x8f\xd1q\xb1<p\xa3\
\xfc\x9f\xfc\xa6\xa0\x0e\xc3\x9b\xa8\x82\xdf\xf1\xd6B^\x83\
\xb0\xd0R\xf0q\xbf\xa4\xdf\xe5NbnQ\x00\xb4\xe7\
5F{'\xa0\xe8+\x98\x0b\xe53+\xe1B\x92\xde\
\xeb\x107t\xc0\xccfH\xfaD\xee<\x06\xcc\xc5%\
\xc6c\xef\xa4\xf4\xfa.\x84N\x1c\xd9\x9a`\xae1\xa2\
\x00h\xa3\xd5[\xb3\xe8\x0cae,\xa1\x82=N\xcd\
\xec\x05I\xffp\xc8A\x92>\x00\xc4u\xd0\x10fv\
\x8e\xa4ss\xe71@.,\xf1\xd9w\xb9e\x11\xfa\
\xddYf\xf6\xe7\xdcI\xcc+~\xf8\x8b\xf1\x1a\x8aW\
fL\xf39N9\xacU2\x8f\xe0\xef\x08I/\xe4\
Nb\x00\xcc\x96t^\x89\xcf\xef\xef\x95H\xe8k\x13\
\xd5\xd0\x96\xbd(\x00\x8a)3KX\x19e:\xe1\xfd\
I\xe5\x87\xba\x14u\xb8S\xdc\xd0\x013\x1b/\xa9\xaf\
\xe6\xf0o\xa8K\xcd\xec\xa9\x22\x1f\x046\x904\xd69\
\x9f\xd0\x7f\x90t\x98\x99=\x9c;\x91\xe1D\x01P\xcc\
%Nq\xb7\x04\x0a\xad*\xd6\xba\x80\xaer\xcac_\
`e\xa7\xd8\xa1\x03fv\x86\xa4\xe3s\xe7\xd1\xe7N\
+\xf1\xd9\x8f\xb9e\x11\xfa\xd9\x8f\xcd\xec\xcc\xdcI\xcc\
O\x14\x00\x05\xb4\x9e\xc8<V\x06\x94\xca\xb5\x02\x9c\xea\
\x94\xc3(E+@\x13}J\xf5\xcc\x108\x88f\xaa\
\xdcx\xec]\xbc\x12\x09}\xeb\x22I\x9f\xc9\x9d\xc4H\
\xa2\x00(\xcek(\xde\xdbK|\xf6\x0f\xf2\x9b3\xfe\
H z87HkT\xc0\xdbT`\xc2\xa8P\xda\
%f\xf6l\x91\x0f\xb6\xbe\x17\xeb9\xe7\x13\xfa\x8e\xa5\
\x04\xdd\x00\x00\x1a\x93IDAT\xcbu\x92\xde\xde\xb4\
^\xff\xf3\x8a\x02\xa08\xaf'\xb1m\x81\xd5\x8b|\xd0\
\xcc\x9e\x96\xdf\xeb\x88e$}\xd8)v\xe8\x90\x99M\
\x96\xf4FI\xb7\xe5\xce\xa5\xcf\x94\x19\x8f\xfdV\xc5\xac\
\xa9\xa1\xb8[%\xbd\xc9\xcc\xa6\xe4N\xa4\x9d(\x00\x8a\
\xbbT\xf3\x9f\xa3\xbc\x1b\xa6r\x0b\xf3\x9c\xec\x90\xc3\x90\
\xff\x06<\xe6Z\x0f]0\xb3g\x94\x16\x90\xfa{\xee\
\x5c\xfa\xc4lIg\x95\xf8\xfc\xc1^\x89\x84\xbes\x99\
\xa4]Z\xdf\xd9\xc6\x8b\x02\xa0 3\x9b(\xbfI\x81\
\xca\xbc\x068GR\xa1\x9e\xcb\x1dXQ\xd1\xfb\xbc\x91\
ZsA\xec\xa5\xf4\x1a(t\xe7\x9ffVh\xe1\x9d\
\xd6\x0a\x84\xbb9\xe7\x13\xfa\xc3i\x92\xf6j}W{\
B\x14\x00\xe5x\x8d\xc5\xdf\x11X\xb5\xc8\x07[\xef\x85\
\x7f\xed\x94\x87$}\x06\x88EI\x1a\xc8\xcc^2\xb3\
w*\xcd\x130=w>=\xec\xa7%>{\x90\xa2\
\xf9?\x8cl\xba\xa4\x8f\x99\xd9\x81f\xd6S\xdf\xcb(\
\x00\xca9[>c\xf1\x17\x94\xf4\xfe\x12\x9f?\xc9)\
\x0fIZM\xd2\x87\x9cb\x87\x0a\x98\xd9O$\xed \
\xe9\xae\xdc\xb9\xf4\xa0)\x92\xfe\xb7\xc4\xe7\xa3\xf9?\x8c\
\xe4\x0eI\xdb\x99Y\x99\xa2\xb21\xa2\x00(\xa15\x16\
\xffV\xa7\xf0\x87\x03\x0b\x16\xcc\xe3_JCL\xbc\x1c\
\x03,\xe7\x18?t\xc9\xccn\x94\xb4\xa9\xa4\xcf)\xdd\
\xd4B1?6\xb3B\xc53\xb0\xae\xa4-\x9d\xf3\x09\
\xbdi\xb2\xa4\xcfJ\xda\xdc\xccn\xce\x9dL\xa7\xa2\x00\
(\xafL\xe7\xa12V\x97\xb4w\x89\xcf\xff\xc8)\x0f\
)\xad\x0d\xff5\xc7\xf8\xa1\x02f6\xd3\xcc\xbe#i\
\x03I\xbfP\xbc\x16hg\x92\xa4cJ|\xfe0\xa7\
<B\xef\x9a.\xe9g\x9260\xb3\xef5}\x98_\
;\x96;\x81^\x03\xac#\xe9^\xa7\xf0\xe7\x9a\xd9[\
\x0a\xe6aJ\xcdO\x1b8\xe52[\xd2\x16f\xe6\xd5\
\xe2\x11*\xd6\xeaG\xf2i\xa5\x15\x1e\x97\xca\x9bM#\
\x1def\xdf-\xf2\xc1V?\x98\x87%\xad\xe0\x9bR\
\xe8\x11\x13%\xfdR\xd2\xf7\xcd\xec\xf1\xdc\xc9T%\x0a\
\x80\x0e\x007\xaa\xe0J~%\xcd\x96\xb4\xb6\x99=T\
0\x8f\x0f)U\xa3^.5\xb3\xe8\x01\xddc\x80\xd1\
\x92\xde,\xe9\x10I{H\x8aN\x9d\xd2\x8b\x92^\xd5\
\x1a\xcd\xd3\x16\xf0~\x95\xeb+\x10\xfa\xcft\xa5W\xad\
\xbf\x91t\x9e\x99\xbd\x949\x9f\xcaE\x01\xd0\x01\xe0\xd3\
\x92\xbe\xe7\x14\xfe\xabfvL\xc1<\x16Q\x9a\xa2\xb8\
\xd0\x08\x82\x0e\xbd\xc3\xcc\xfe\xe8\x18?8\x02\xc6(u\
\x18\xdcU\xd2\xf6J-F+fM*\x8f\xe3\xcc\xec\
SE?\x0c\xdc i\x0b\xc7|B\xf3L\x90t\xb7\
\xd2\xea\xaf\x97J\xba\xca\xcc\xa6\xe5M\xc9W\x14\x00\x1d\
\x00V\x91\xf4\x88|\xfaP<!i\x8d\xa2\xef\x96\x80\
OJ:\xce!\x8f!\x8fI\xda\xd8\xcc\x9ew\xdcF\
\xa8\x110Vij\xdb\xb1J\xaf\x0a\x96P\xf5C\xdd\
FIZG\xd2\xb2\xad\xf8\xd3$=\xa7T\xb0\xce\xdb\
iqK\xf9\xaeE\xf1\x92\xa4u\xcd\xec\xd1\x22\x1f\x06\
v\x90\xdf\x0a\xa0\xf7K*\xf4\x1ab\x00-&im\
\xa5YI\xc7(\xb5\xda<+\xe9>U?\x09\xdb\xac\
V\xfc\x89\xad?\xf7\xf4\xd2\xf8\xfd\x90\x19\xf0W\xfc\x1c\
P\x22\x8fE\x81\xa7\x1cs\x01\xf8\xad\xe7\xb1\x0c\x83\x0b\
X\x02x\xd4\xf9\xfa-\xd5a\x168\xd51\x97XU\
0\x84^\x07\x1c\xe4\xf8#q+\xa9\x93_\xd1\x5c>\
\xeb\x98\xcb\x902\xb3\x15\x86P\x08p\xb2\xf3u;\x85\
\x12K]\x03+\x033\x9cr\x99\x06,\xeby<C\
\x085\x00F\x03\xcf9\xfdP\x00\x14\x1a\x0d0W.\
\x8f8\xe6\x02\xf04\xb0\x92\xe71\x0d\x83\x05x\x87\xf3\
5\x0bP\xaa\xaf\x0e\xf0}\xc7\x5c\xca,@\x14Bh\
2\xe0x\xc7\x1f\x8b\x1b)\xd7\x0a\xf0_\x8e\xb9\x0c\xf9\
\x93\xe7\xf1\x0c\x83\x03X\x1d\xdf\x02\x1a`2i.\xff\
\xa29-\x07\xbc\xe8\x98O\x8c\xa8\x09\xa1_\x00\x9b9\
\xfeX\x00\xecY\x22\x97Q\xc0}\xce\xf9\x00\xc4\xe4(\
\xa1+\xc0B\xc0\x955\x5c\xab_*\x99\xd7\xf7\x1cs\
\xb9\x8f\x12\x05}\x08\xa1\x07\xe0\xfbCVj\xf5A\xe0\
\xed\x8e\xb9\x0c\x99\x06l\xe5u<C\xff\x03\xbe^\xc3\
u\xfa0%\x96\xb6\x06\x96'\xb5\x18x9\xda\xf3\x98\
\x86\x102\x00\xde\xe5\xf8\xa3\x010\xaed>\x7fs\xce\
\x07\xd2\x8fk\xcc\x90\x16J\x03\xde\x00\xcc\xaa\xe1\x1a-\
<\x92\xa6\x95\xd7w\x1dsy\x09\x18\xc4\xb9\x17B\xe8\
o\xa4\xa6w\xcfaL\x97\x94\xccgC`\xa6c>\
C\xae\x00\x16\xf6:\xae\xa1\xff\x00\xeb\xe1\xff\xde\x1fR\
\xab\x5c\x99\xfe3\xcb\xe3\xfb\xee?f\x14\x0c\x8d\x14\x8b\
\x01u\xa95a\x8f\xe7t\xbc\xbb\x03\x85\x17\x092\xb3\
;%\xfd\xdc1\x9f!;(&4\x09\x05\x01\xcbH\
:Wi\xa1)O\xb3%}\xbc\xe8\x8a\x7f-GI\
Z\xdc)\x1f\xc9w\xe1\xae\x10BN\xad'\x88\xa9\x8e\
O\x10w\x02\xa3J\xe43\x16x\xdc1\x9f\xb9\x1d\xe2\
ylC\xef#\xb5\x92\xd5\xf1j\x0a\xe0\x07%s[\
\x07\x98\xee\x98O\xa9\x16\xbc\x10B\x0f\xc2wH \xc0\
\x91%\xf3\xd9\xdf9\x9f!3(\xd1B\x11\x06\x0fp\
bM\xd7\xe2x\xa0\xd4\x93<p\x96sN\xfbx\x1d\
\xd7\x10BC\x90\xc65{\xcd \x06\xe9\xdd\xe9r%\
s:\xcf1\x9f\xb9M\x06\xb6\xf3:\xb6\xa1wQ\xcf\
,\x95C\x0a\x0f\x9bm\xe5\xb6\xabs>w\x00\xf1\x9a\
5\x84A\x00\xfc\xda\xf9\x07\xe5\xa7%\xf3Y\x95z:\
]\x01L\x046\xf7:\xb6\xa1\xf7\x00\x1f\x03\xe6\xd4t\
\xfd\xfd\xbadn\x0b\x92\xa6\xdc\xf6\xf4.\xafc\x1bB\
h\x18`\x03`\xb6\xe3\x0f\xca,`\x93\x929\x1d\xea\
\x98\xcf\xbc\x1e\x07\xd6\xf6:\xbe\xa1w\x00\x1f\xa4\xbe\x9b\
\xff\xe3\x94o\x1d\xf3\x9e9\xf3>\xa0\xea\x15\x16C\x08\
M\x06\xfc\xc1\xf9\x87\xa5t\xa7\x22\xfc\xdfs\xce\xed~\
\xd2r\xc9a@\x01\xef\xc1\xb7\x10\x9e\xdb\x1c\xe0\x0d%\
\xf3[\x1ax\xd29\xaf\xf7{\x1d\xdf\x10BC\x91Z\
\x01\xbc':)\xd5\xb4\x08\xac\x08Lp\xcein\xf7\
\x03\xaf\xf6:\xc6\xa1\xb9\x80\x03\xa9g\xa2\x9f!\xff\xaf\
\x83\x1c\xbdW \x1cO\x89Q;!\x84>\x82\x7f_\
\x80g(\xb92\x1f\xb0\x07\xf5=\x95Aj\x96\xdd\xd8\
\xeb\x18\x87\xe6\x01\xdeG=\x93P\x0d\xb9\x05X\xa4d\
\x8e\xbb\xe3\xffj\xe2\xbdN\x878\x84\xd0t\xc0\x9a\xf8\
\x8e-\x068\xa7\x83\xbc\xbe\xed\x9c\xd3\xbc\x9e\x03\xb6\xf7\
8\xc6\xa1Y\x80/R\xdf;\x7f\x80)\xc0\x86%s\
\x5c\x8c\xd4:\xe5\xe9n\xe2\xdd\x7f\x08\x83\x0d\xf8\x99\xf3\
\x0f\x0d\xc0\xc1%s\xaak\x15\xb6\xb9M\xa6\xe4\xf0\xac\
\xd0;H\xbd\xe9\xeb\x1a\xe7?\xb7\x83:\xc8\xd5{\xae\
\x0e\x80\xb7y\x1c\xe7\x10B\x0f\x01V\x00^p\xfe\xb1\
y\x1eX\xadd^\xab\x02O8\xe75\xaf\xe9\xc0\xa1\
^\xc7:\xe4\x01\x8c\x01\xce\xae\xf9Z\x02(=\xb5.\
\xb0=\xfe\xaf\xc0\xae#\x96\xfc\x0d!H\x12\xf0\x05\xe7\
\x1f\x1c\x80s;\xc8kG|'-\x9a\x9f\x1f\x11\xcd\
\xa3}\x81\xd4\xb1\xf4\xaa\x0c\xd7\xd0\xe5\x94\xec`Gj\
\xfa\xbf\xa7\x86\xdcv\xf5:\xde!\x84\x1e\x03\x8c&\xf5\
\x08\xf6\xf6\xde\x0er\xfbh\x0dy\x0d\xe72b)\xe1\
\x9e\x06\xecL}kM\xcc\xed1`\xe5\x0e\xf2\xfde\
\x0d\xb9\x9d\xe1q\xacC\x08=\x0cxw\x0d?>\xcf\
\xd3\xc1z\xe3\xd4\xf3Nt8\x8f\x02\xdbx\x1c\xef\xe0\
\x070\xe0H\xf2\xb4\x1eM\xed\xe4\x9a\xa1\x9e\xef\xdf4\
b\xd8k\x08a^\xa4\x1f\xcdKk\xf8\x11:\xb9\x83\
\xdc\x16\x02.\xa8!\xb7\xe1L\x03>\xe0q\xccC\xf5\
H\x93\xe7\x9c\x93\xe9Z\x99\x05\xbc\xa5\x83\x9c\xd7\xc1\xbf\
\x1f\x0e\xc07=\x8ey\x08\xa1\x0f\x00\xaf\xc5\xff\xa9i\
6\xb0z\x07\xb9-\x09\xdc\xe6\x9c\xdbH\xce\xa1\x83\xd6\
\x8bP\x1f`k\xe0\x81\x8c\xd7\xc8\xc7;\xc8y\x11\xe0\
\xc6\x1ar\x9b\x00,\xe9q\xdcC\x08}\x02\xf8~\x0d\
?F\x9f\xed0\xb7\xd5\x80\x87j\xc8o~\x9e\x06\xde\
Q\xf51\x0f\xdd!\xf5\xf2\xff\x1e\xf5\xce\xec7\xaf\x1f\
t\x98\xfbOj\xca\xef\xc0\xaa\x8f{\x08\xa1\xcf\x00\x8b\
\x03\x8f8\xff\x18\x95\x9e\x1ch\xae\xfc\xd6\xa1\xde\xe9\x82\
\x87\xf3\x07`\xd9*\x8f{\xe8\x0ci\xd8\xdc]\x99\xaf\
\x87\xdf\xd0\xc1r\xba\xc0\x015\xe5w\x81\xc7\xb1\x0f!\
\xf4\x19\xd2\xd3\xd4\x15\xce?H\xf7t\x99\xe3\x16\xd4\xf3\
\xcet$\x8f\x01o\xaf\xea\xb8\x87rH\x85\xea\xf1\xd4\
;m\xf4p\xfeH\x07CFI\xd7\xf0\x94\x1a\xf2\x9b\
\x02\xac\xe5q\x0eB\x08}\x84\xf4>\xf2\xbc\x1a~\x94\
\x1e\xa9 \xd7\x9d\x80\x17k\xc8\xb5\x9d\xbfQr\xe9\xe3\
\xd09Rg\xd5\x03\xa8g\xd8j;\x17\x00\x0bw\xb0\
\x0f+\xe3\xdf\xca6\xe4\xd3\x1e\xe7!\x84\xd0GHO\
\xfe\x17\xd5\xf4\xa3t\x7fE9\xefL\x9a\xc27\xb7Y\
\xa4ifK\xad\xf5\x1e\xca\x01v\x00\xae\xce{\xaa\xff\
\xed2`\xd1\x0e\xf6a\x0cp}M9\xdeHLh\
\x15B\x18\x09\xf5=\xf9\x0f\xf9s\x85\xb9\x8f\xa3\x19E\
\x00\xa4E\x85\x8e\xa4\xe4\xcaoad\xa4~\x1fg\xe4\
=\xb5/\xf3\x17`\xb1\x0e\xf6\xc3\x80Sj\xca\xf1%\
b\x95\xcb\x10\xc2H\xa8\xf7\xc9\x7f\xc8\x17+\xde\x87\x1d\
\x81\x895\xef\xc3H\x1e%\x15\x02\xa5\x9f\x10\xc3\x7f\x90\
\xd6\x83\xf8\x11\xfe+V\x96q\x0e\x1d\x16x\xc015\
\xe6yT\xd5\xe7#\x84\xd0G\xa8\xff\xc9\x7f\xc8\xba\x0e\
\xfb\xb29\xf0d\x86}\x19\xc9\xd3\xa4\x1f\xfd\xa5\xaa\xde\
\xdf~Fz\xe2\xff\x11i\x12\xa6&9\x95\x92\xf3\xfb\
\xcf\xb5O\xef\xa3\xbee\x88\xaf\x02\x16\xac\xfa\xbc\x84\x10\
\xfa\x04y\x9e\xfc\xc1q.r`=\xf2\xce\x130?\
\xcf\x92\x0a\x81\x95\xbc\xf6\xbd\x1f\x90\xfat\x9cK}7\
\xca2~F\x877U\xe0]\xd47Za\x0a\x0e\x05\
v\x08\xa1O\x90\xef\xe6\xff\x22\xces\x91\x93zX_\
\x9ba\xdf\x8a\x98A\x1a6\xb6\x17\x1d\x8c\x1b\xefG\xa4\
\xe1|\x87\xd2\x9c\xce}\xf3\x9a\x03|\xae\x8b\xfd{\x13\
\xf5\xaeIpx\x95\xe7'\x84\xd0G\xc8\xd7\xec?\x07\
8\xa0\xc6}\xfcM\x86},\xe3Q\xe0X`\x8d:\
\x8eI\x93\x00\x0b\x90\xfam\xfc\x1c\x98\x94\xf3$\xb4\xf1\
\x12pP\x17\xfb\xb9=\xf5vP\xfdC\x95\xe7)\x84\
\xd0G\xc8\xf7\xe4?\x07\xf8p\xcd\xfbj\xa4f\xf7&\
6'\xcfm&p\x09i\xd9\xe3\xd5\xea<Fu#\
\xad5\xf1M\xe0\xe1\x9c\x07\xbc\xa0g\x80\x1d\xbb\xd8\xd7\
-\xa9w\xb2\xaa\xfb\x88\xb9\xfeC\x9f\xb2\xdc\x09\xf4:\
`\x8c\xa4\xb3%\xed\xf1\xff\xdb\xbb\xfbh;\xaa\xf2\x8e\
\xe3\xdf\xc7\x10L \x01ZHx\xc7 \x1a\xa1\xbc\x08\
bj\x05\x84\x92\xa2\x16( \xba\xac\x05\x11\xb5%\xb0\
\xc8\x0b\xda\x96U\xac\xb6\xb5*Z)K\x96\xa0\x80\xa6\
\xadXP\xac\x02%Ay\x87\xf2b\xa4J(\x12^\
\x1aRM\x02\x14\xd2\x90\x08I \x09!7\xc9\xaf\x7f\
\xec\x09^bn\xb8\xf7\x9c\x99\xd9s\xce\xf9}\xd6\x9a\
u\xb3V\x92\xd9\xcf\x9c\xb9\xf7>\xcf\xde3{\xef\xba\
\x9b\x06\xa6F\xc4e5\xb7\x9b\x1a\x97>\x04\x5c\x01\x8c\
\xcc\xd1\xfe\x10\x09x\x00\xb8\x1e\x98\x11\x11s3\xc7\xd3\
\x16\xa5Y\x10\x13\x81\xe3\x80c\x81qY\x03\x1a\xbc9\
\xc0\xfb#bA+\xffY\xd2\x04\xe0f\xa0\xae\xe5\xa2\
\xd7\x02GD\xc4\xec\x9a\xda3\xab\x95\x0b\x806H\x1a\
\x01\xcc\xa4\xc7\x92\xff+AH\xbfK*~v\xcd\x19\
G\x0b\x16\x02?.\x8eY\x11\xf1x\xe6x\xb6H\xe9\
\x0d\xf9\x03\x81#I\x09\xffH`D\xd6\xa0\x86\xee;\
\xc0Y\x11\xb1\xba\x95\xff,\xe9H\xe0\x87@\x9d\xbd\xf1\
s\x22\xe2k5\xb6gV+\x17\x00-R\x9a\xb3|\
\x1dp|\xddM\x93~1}\xbd\xe6v7K\xd2\xae\
\xc0\x95\xc01\xb9ci\xc3\x12\xe0'\xc0,\xe0\x11\xe0\
\xf1\x88h{Y\xe5VH\x0a`<0\xa1\xdfq\x08\
\x9d\x97\xf07\xea\x03\xfe\xb2\x9dD*i\x22\xa9\xd0\x1e\
UZT\xaf\xed\xbb\x11qZ\x8d\xed\x99\xd5\xce\x05@\
\x0b\x9c\xfc_M\xe9\xcd\xfbs\x81\xf3\x81\x96\xe6s7\
\xd0\x8b\xc0\xe3\xc0\x7f\x17_\x17\x00\x8b\x81\xa5\xc0\x92\x88\
x\xae\xd5\x13K\x1aM\x1a5y\xe3\x00\xc7\xe8\xb6\x22\
o\x8e'\x81S#\xe2\xbeVO \xe9D\xe0\xfb\xd4\
[\x00\xcd\x01\x0eku\xb4\xc2\xacS\xb8\x00\x18\x22'\
\xff\x81Iz;p5\xd0\x0b\xf3\xa5\xfb(\x8a\x01`\
=\xa9`X\xb7\xc9\xdf\xaf\x07\xb6'\x0d[o\x07\xec\
P\x1c\xbd\xf0s\xf7=\xe0\xec\x88X\xd1\xea\x09\x94f\
\x0a\xfc+P\xe7\xba\xfb\xcf\x03\x13Z}O\xc1\xac\x93\
\xf4\xc2/\xa2\xd2d~\xe6?%\x22.\xaf\xb9\xdd!\
+^\x8a\xfc2pN\xeeX,\x8b\x17\x81s#b\
z\xab'(\x1e\x83|\x1a\xf8\x02\xf5\xfe\x8e\xea\x03\x8e\
\x8d\x88;kl\xd3,\x1b\x17\x00\x83\xe4\x9e\xff\xd0H\
:\x05\xb8\x8c\xd4\xe3\xb5\xdep/\xf0\xf1vz\xcf\xc5\
\xcf\xd9t\xe0\xf4\xd2\xa2\x1a\xbc\xb3#\xe2\x1b\x19\xda5\
\xcb\xc2\xab\xa6\x0d\x82\x93\xff\xd0E\xc4\xf7\x80}\x81\xab\
H\xd7a\xddk\x05\xf0I\xe0\xe86\x93\xff\x8e\xc0\xad\
\xe4I\xfe\xff\xe0\xe4o\xbd\xc6#\x00\xaf\xc1\xc9\xbf}\
\x92\x8e\x02.\x07\xf6\xcb\x1d\x8b\x95\xeeG\xc0\xe4vg\
MH\x1aO\x9a\xe67\xbe\x94\xa8\x86\xe6Z\xe0C\x11\
\xb1!C\xdbf\xd9x\x04`\x0b\xfa=\xf3\xcf\x91\xfc\
\xa7tC\xf2\x07\x88\x88{HS\xd9\xfe\x1eX\x937\
\x1a+\xc9\x13\xa4E}N(!\xf9\x1f\x07\xdcO\x9e\
\xe4?\x0b8\xdd\xc9\xdfz\x91G\x00\x06P\xf4\xfc\xaf\
\x05\xfe\xa8\xee\xa6\xe9\x92\x9e\xff\xe6H\xda\x07\xb8\x14x\
o\xeeX\xac%\xab\x81\x0b\x81\x0b\x22\xe2\xa5vN$\
i+\xe0o\x80\xbf%Og\xe4\x11\xe0\xa8\x88X\x96\
\xa1m\xb3\xec\x5c\x00lF\xd1\xf3\x9fA\xfdI*\xeb\
\xdb\xfe\x92\xf6\x05N\x01\xdeIz~?\x0a\xf8\x150\
\x8f\xd4S\xfanD<]R['\x92\xde\xf2>\xa8\
\x8c\xf3Y\xe5DZ\xcd\xef\xaf#\xe2\x99\xb6O&\xed\
I\x9a*xx\xbb\xe7j\xd1|\xd22\xbf\x8b3\xb5\
ofM#i\x84\xa4[\xaa\xdaYd\x0bj\xdf\xd8\
\xa7\xdf5\xbfY\xd2\x8cA\xc4\xb8^\xd2\x15\x92v.\
\xa9\xdd\xd7)\xed\xe9>\xaf\xaa\x0f\xd5Jq\xa3\xa4C\
\xcb\xb8\xe7\xc5}?^iS\xa0\x5c\x16\xa9\xe2\xed\xb3\
\xcd\xac\xc3\xa87\x93\xff\xfb%\xad\x1ab\xbc\xcb$\x95\
\xf6\xa6\xb6R!\xf0AI\xf3\xcb\xfdX\xadM\xb3\x94\
^\xe0,\xeb>\x0f\x97t\xa1\xf2\xee$\xb9D\xd2\x01\
e]\x93\x99u\x01\xf5f\xf2?[\xa9W\xdf\xaa\x99\
\x92v)1\x9e\xd7K\x9a\xa6\xd4C\xb3|\xeeP\x89\
\x89\xbf\xb8\xb7\x07K\xfay\xe6\xebZ\x22\xe9\xc02\xaf\
\xcb\xcc:\x9cR\xe2\xf9a\x86_H\x1b$M\xcdt\
\xcd\x93TNOl\x99\xa43K\x8emkI\xa7K\
z\xa4\x84\xf8lp\xd6+\xfd\x0c\xbc\xa3\xe4{9\x5c\
\xd2y\x92^\xcezu\xd2\xf3*\xf11\x86\x99u\x01\
\xf5f\xcf\x7f\xb2\xca\x1f\x86\xfd\x81\xa41%\xc7\x19J\
\xcf\x8boU{#\x156\xb0\x15\x92.\x92\xb4W\x99\
\xf7\xae\xb8\x7f\x87Jz8\xef\xe5I\x92\x96Jzk\
\xd9\xd7gf\x1dLN\xfee{V\xd2\xc7\x95\xd6r\
/;\xee}$}Yi\x18\xd7\xda\xf7\x80\xa43%\
\x95\xbe\xc5\xae\xd2\x88\xda\x17%\xf5e\xbd\xc2d\x91\xfc\
\xcc\xdf\xcc\xfa\x93\x87\xfd\xab\xf4\x80\xa4\xdf\xab\xe8\x1a^\
/\xe9dI\xdf\x97\xb4\xba\x86k\xe9&K%}U\
\xd2\xfeU\xdc\x9b\xe2\xfe\x9c \xe9\x97y/\xf3\x15O\
H\xea\x85\x9d)\xcdl\xb0\xe4\xe4_\x87\xf5\x92\xaeT\
\xc9\x8f\x056\xb9\xa6\x91J\x09\xe7\x07\xca\xff\x8c\xb9\xa9\
\x96)\xdd\x87\x13$\x0d\xaf\xf0^\xec+\xe9\xa6\xacW\
\xfajs%\xedQ\xd5\xf5\x9aY\x07\x92\x87\xfd\xeb\xf6\
\x9c\xd2l\x83a\x15_\xe3\x8e\x92\xce\x92t\xa7\xa45\
\x99\xae\xb5)\xfeO\xd2\xb7\x94\xde\x9f\xd8\xba\x86\xcf\xfd\
R5c\xb8\x7f\xa3\x9fI\xda\xa9\xca\xeb6\xeb\x06=\
\xb5\x12\xa0zp\x85?I\x93\x81\xaf\x93\xff^?N\
\xda\x0b\xe0\x9a\xaa\xd7]\x974\x92\xb4\xc2\xdc1\xc5q\
\x08\xdd\xbd\xef\xc5z\xe0!\xe0\x0e\xd2\xe6<\xf7\xd5\xf4\
\x19\x9fMZ\xca\xf7\xb7\xaalk\x88f\x00\x1f\x8e\x88\
\xd5\xb9\x031k\xba\xdcI\xa16J=\xa1\xeb\xe8\xa1\
\xb5\xfd%M\x02\xbeI\xb3\xee\xf3c\xc0\xe7\x80k#\
\xa2\x96m\x82%\x8d\x05\xfe\x80T\x0cL\x04\xc6\xd5\xd1\
n\x85^\x02f\x93\x96g\xbe\x0f\xf8ID,\xaf\xa3\
\xe1\xe2\xe7\xe8c\xc0g\x81\xdd\xeahs\x08.\x01\xfe\
\xdc\x1b\xfb\x98\x0dN\x93\x12Ce\x9c\xfc\x1b\xe9a\xe0\
\xfc\x88\xb8\xa6\xee\x86\x95\x962\x9eP\x1co\x07\x0e\x00\
J\x9f\x06W\x92\xd5\xa4\xa2i\x0ei\xf3\x9a\xd9\xc0\x7f\
E\xc4\xda:\x83\xe8\x97\xf8\xff\x0e\xd8\xbd\xce\xb6\x07a\
=\xf0\x17\x11qI\xee@\xcc:IS\x93Ci\x8a\
a\xff\xeb\x81?\xac\xbbi<\xec?\x18\xf7\x01\x17\x01\
3\x22b}\xae $m\x07\xec_\x1c\xfb\x00o\x04\
\xf6.\x8e\xaa\x9f'\xbfL\xda^wa\xbf\xaf\x0bH\
E\xd2\xfc\xcc\x9f\xcb6\xc0\x9f\x02\x9f\xa2y\x89\x1f`\
9pjD\xdc\x9c;\x10\xb3N\xd3\x09\x09\xa2e\xee\
\xf9w\x94\x85\xa4\xb8\xa77m{V\xa5\xad\xa1w&\
\x0dy\x8f%\x15\x04\xdb\xf5;F\x17\xfft\x040\xb2\
\xf8\xf3\xcb\xa4\xde;\xc0\xc6\xeby\x81\xb4\xbb\xe2R\xe0\
\xb9~\xc7\xb3u=\x0e\x19,I\xbb\x01g\x02S\x81\
\x1d3\x873\x90_\x00'E\xc4\xdc\xdc\x81\x98Y\x83\
(-'\xeb\xa9~\x9d\xe7\x05I\x17K\x1a\x97\xe33\
\xecuJ\xab\xf7]\xa9f\xbd\xd5\xbf97I\xda!\
\xf7\xe7ef\x0d\xa34\xd5\xef\xe6\x0c\xbf\x94zu\xaa\
_\x15\xd6I\xbaA\xd2\x07T\xf1T\xb6^'i{\
IgHz(\xe7\x0d\x1f\xa4u\x92>+\xa9\x9bg\
u\x98Y+\x94\xb7\xe7?%\xd35wC\xcf\x7fK\
\x96I\xfa\xa6\xa4#r|\xbe\xddH\xd20I\xc7(\
\xf5\xf6W\xe6\xbc\xb9C\xb0DR\xddSx\xcd\xbaV\
\xa7='\xde\x22\xf9\x85\xbf^\xf0\x18\xf0m\xe0\xba\x88\
X\x989\x96\x8e#i\x02p\x1ap\x0aP\xd9*\x8d\
\x15\xf8\x0f\xd2\xfc\xfe\xc5\xb9\x031\xeb\x16]\x934\x9c\
\xfc{\xd2\xc3\xc0\xcc\xe2x\xb0i/\xd25\x81\xd2\xe3\
\x93w\x01\xc7\x03'\x00o\xca\x1b\xd1\x90\xf5\x01_\x00\
\xbe\x94s6\x84Y7\xea\x8a\xc4\xe1\xe4o\xc0\xd3\xc0\
\x0d\xc51+\x22Ve\x8e'\x1b\xa5u\x0e\x8e\x07\x8e\
\x03\xde\xc3\xafg)t\x9ay\xc0G\x22bv\xee@\
\xcc\xbaQ\xc7'\x0f'\x7f\xdb\x8c>\xd2\x829\xf7\x02\
\xf7\x90V\xca{1oH\xd5Q\x9a\xb2wxq\xbc\
\x0b8\x98\xce^\xfaX\xc0e\xc0_yI_\xb3\xea\
tt\x02q\xf2\xb7AZ\x07<\x08\xfc\xb8\xf8:\x07\
\x98\x17\x11\xeb\xb2F\xd5\x82bH\x7f?\xe0\xb0\xe28\
\x82\xce_\xda\xb8\xbf'\x81\xb3\x22\xe2\xd6\xdc\x81\x98u\
\xbb\x8eM\x22N\xfe\xd6\xa65\xa4\x17\x0a\x1f\x22\x15\x04\
\x0f\x03\xf3\x81EMXK^\xd2V\xa4\xe7\xf5\x07\xf0\
\xeb\x15\x0a\x0f\x00\xde\x0cl\x951\xb4\xaal }o\
\x7f&\x22V\xe6\x0e\xc6\xac\x17td\x22q\xf2\xaf\xd5\
}\xa4u\xf2{eo\xf5\xb5\xc0S\xa4\x9e\xe8\x13\xc5\
\xf1$i\xf5\xbee\xfd\x8e\xe5\x11\xd17\xd4\x93+\xed\
\xa27\x8a\xf4\x5c~'\xd2\xea\x82\x1b?\xdf\xdd\x81=\
\xfb\xfd\xb9W\xd6?x\x14\x98\x14\x11?\xcd\x1d\x88Y\
/\xe9\xb8\x02\xc0\xc9\xbfV\xb7\x03'\x01\xc3H\xbb\xbf\
}\x02\x18^s\x0cM\xb6\x92T\x0c\xf4/\x04\xd6\x01\
\xfd\xdf7\x18\x09lKZ2x{:\xfb\xd9|\xd9\
V\x01\xe7\x03\x17\xd5\xbd\xb9\x91\x99uX\x01\xa0\xbck\
\xfbO\x8b\x88Kkn7\xe7\xda\xfe\xb7\x93\xd6Y\x7f\
\xa9_,o!\x15\x22\xc7\xd4\x1c\x8bu\x9f\x1f\x01S\
#\xe2\xc9\xdc\x81\x98\xf5\xaa\x8e\xe9\x8d(m\xc82\x93\
<\xc9\x7fJ\xa6\xe4?\x99\x86$\x7f\x80\x88\x98G\x9a\
V\xf6a\xd20\xb9\xd9P=\x0a\x1c\x1d\x11'8\xf9\
\x9b\xe5\xd5\x11\x05\x80\xa4a\xc0U\xe4\x19\xf6\x9f\x96i\
\xd8\x7f\x12\x19\x87\xfd7M\xfe\x1bE\x84\x22\xe2j\xd2\
\xcbh\x9f\x04V\xd4\x19\x9cu\xacg\x80\xb3\x80C\x22\
\xe2\xee\xcc\xb1\x98\x19\x1d\xf2\x08@\xd2\xbf\x90\xf6$\xaf\
\xb5Yz\xef\x99\xffm\xc0\xfb\x06J\xfe\x9bS,:\
\xf39\xd2\xfd\xf1\xfb\x01\xb6\xa9\x15\xc0\x05\xc0\xc5\x9e\xd3\
o\xd6,\x8d/\x00$\x9d\x03\x5c\x5cw\xb38\xf9\x0f\
\x89\xa4}H/\x0a\x9eJzi\xd0z\xdb*\xe0r\
\xe0\x82\x88\xf8U\xee`\xcc\xec75\xba\x00\x90t\x18\
p7\xf5\xf6,s&\xff)\xc0\xd7\xe8\xb0\xe4\xdf\x9f\
\xa4\xfdH#\x02\x1f\xa0C\x1e1Y\xa96&\xfe\x0b\
#bI\xee`\xccl`\x8d-\x00$mKZ\xa4\
\xa5\xce\xcdK\x9c\xfcK\x22\xe9w\x80\xf3H\xbb\xce\xf9\
\xd1@\xf7{\x91\xf4\xc2\xaa\x13\xbfY\x87hr\x01\xf0\
U\xd2\xbc\xf3\xda\x9a\xc4\xc9\xbft\x92\xde\x00\x9cKz\
G`\x9b\xaa\xda\xb1l\x9e\x01.\x01\xa6G\xc4\xf2\xdc\
\xc1\x98\xd9\xe05\xb2\x00(z\x8fs\xa8o\xc9S'\
\xff\x8aI\x1a\x03L\x02\xce\xa6wV\x15\xecfs\x80\
\x8b\x80\x7f\xf3\x22>f\x9d\xa9\xa9\x05\xc0\x8d\xa4\xadL\
ki\x0e'\xff\xda\x14k\xdc\x9f\x0cL#\xed\x5cg\
\x9d\xe3e\xd2B\x5c\x97G\xc4\xac\xdc\xc1\x98Y{\x1a\
W\x00H\x9a\x00\xdc_Ws8\xf9g#\xe9@\xe0\
\x0c\xe04\xe0\xb73\x87c\x03[\x00L\x07\xbe\x15\x11\
Ks\x07cf\xe5hb\x01\xf0\xef\xa4\x1eb\xe5M\
\xe1\xe4\xdf\x08\xc5*\x8f'\x03\x7f\x06L\xc4\xb3\x07\x9a\
\xe0\x05\xe0Z\xe0J\xe0\xde\x88P\xe6x\xcc\xacd\x8d\
*\x00$\xedF\xday\xad\xeag\xffN\xfe\x0d%i\
w\xe0\x8fI\xb3\x07&d\x0e\xa7\xd7\xac\x05\xee\x00\xbe\
\x03\xcch\xfa\xf7\x8a\x99\xb5\xa7i\x05\xc0\xa7\x81/V\
\xdd\x0cN\xfe\x1dA\xd2\x9b\x80?!\x8d\x0e\xbc-s\
8\xdd\xeae\xd2\xf2\xcf\xd7\x027D\xc4\xb2\xcc\xf1\x98\
YM\x9aV\x00\xfc\x1c8\xb8\xca&p\xf2\xefH\x92\
\xf6\x02N$mO|\x14^[\xa0\x1dKI\xdf\x17\
7\x027E\x84\xf7s0\xebA\x8d)\x00$\xedM\
z\xd9\xa8\xb2&p\xf2\xef\x0a\x92\xb6\x03\x8e\x06\xdeM\
\xda\x9a\xf8-y#j\xbcu\xc0\x03\xc0-\xc0\xcd\xc0\
\x03\x11\xb1!oHf\x96[\x93\x0a\x803\x80\x7f\xaa\
\xea\xf48\xf9w\xadbt`\x22iZ\xe1\xe1\xb8 \
\xe8\x03f\x03\xf7\x00\xf7\x02\xb3\x22be\xde\x90\xcc\xac\
i\x9aT\x00\x5c\x01|\xac\xa2\xd3\x7f)\x22>S\xd1\
\xb9\x07\xe4\xe4\x9f\x87\xa4\xb1\xc0a\xc0;I\xef\x0e\xbc\
\x8d\xee\x9ef8\x9f\x94\xf0g\x93\xa6\xd0>\xe8\x9d\xf7\
\xcc\xec\xb54\xa9\x00x\x14\xd8\xbf\x82S\xdf\x06\x1c[\
\xf7\x90\xa7\x93\x7f\xb3H\x1aG*\x04\xde\x0a\xecW\x1c\
\xe3\x81\xad3\x865T\xcb\x81\xc7\x8a\xe3\xd1\xe2\xebC\
\x11\xf1|\xd6\xa8\xcc\xac#5\xa2\x00\x904\x1cXI\
\xf9\xbf\x8c7\x00\x07G\xc4#%\x9fw\x8b\x9c\xfc;\
C\xb1*\xe1\xde\xa4G\x06\xe3\x807\xf4;\xf6\x04\xc6\
P\xdfr\xd4\x00+\x80E\xc0b\xe0\x09`!\xe9\xbd\
\x98\x85\xc0\x82\x88X\x5cc,f\xd6\xe5\x9aR\x00\x8c\
\x07\xe6Up\xea\x99\x11\xf1\xbe\x0a\xce; '\xff\xee\
R\xeca0\x96T\x0c\x8c\x01\xb6\x03F\x03\xa3\x8a\xaf\
;\xf4\xfb\xe7\xa3x\xf5\xec\x84\x15\xa4\x22\x14`\x0di\
\xab\xdc\x15\xa4\x9e\xfc\x0a\xd2b;\xcbII\xffY\xdf\
;3\xabS\x9d\xbd\x9b-\xd9\xb5\xa2\xf3^_\xd1y\
7K\xd2\x99\xe4I\xfe\xb7\xe3\xe4_\x89b\xe9[/\
\x7fkf]\xa7)K\xae\xeeT\xd1y\xef\xae\xe8\xbc\
\xbf\xa1\xe8\xf9\x7f\x83<=\xff\x93\x9c\xfc\xcd\xccl(\
\x9aR\x00T\xb1O\xbcHC\xab\x95\xcb\xd8\xf3\xf7\xb0\
\xbf\x99\x99\xb5\xa4)\x05\xc0\xb0\x0a\xce\xb9:\x22\xfa*\
8\xef\xabd\xee\xf9;\xf9\x9b\x99YK\x9aR\x00\xac\
\xab\xe0\x9c\xdbJ\xaabd\xe1\x15~\xe1\xcf\xcc\xcc:\
US\x0a\x80\xaa\xd6\x22\x1fW\xd1y\x9d\xfc\xcd\xcc\xac\
\xa35\xa5\x00\xa8j!\x93\xf7VqR'\x7f33\
\xb3\x12H\xda]\xd5\xf8\xcf\x0ab\x9d\x22iCE\xf1\
n\xc9\xad\x92F\x96}=fff\xd9Hz\x9d\xa4\
\xd5\x15%\xce\xe3J\x8c\xd3\xc9\xdf\xcc\xcc\xacL\x92~\
ZQ\xf2\x9c\xab\xb4}l\xbb\xf19\xf9\x9b\x99Y\xd7\
h\xca;\x00\x90v2\xab\xc2\xbe\xc0U\x92Z\xbeV\
IS\xf13\x7f33\xb3\xf2I\xfa`\xc5=\xe9\x1b\
4\xc4\x91\x00I\xc3$\xfdc\xc5q\x0d\xc4=\x7f3\
3\xeb~\x92v\x90\xd4WqR\x9d+\xe9\xf8A\xc6\
s\xa8\xa4\xbb*\x8eg N\xfeffV\xa9F\xec\
\x06\xb8\x91\xa4;\x81\x8954u?p\x0di\x88}\
AD\xac\x944\x82\xb4\x05\xec\xd1\xc0I\xc0\xb1\xe4\xf9\
|<\xecoff\x95kZ\x01\xf0Q\xe0\xdb\x19\x9a\
^\x03\x8c\xc8\xd0\xee\xa6\x9c\xfc\xcd\xcc\xac\x16M+\x00\
F\x916\xf0\x19\x9d;\x96\x0c\x9c\xfc\xcd\xcc\xac6M\
\x9a\x05@D\xac\x04\xfe9w\x1c\x198\xf9\x9b\x99Y\
\xad\x1a5\x02\x00 i/\xe0\x97\xc0\xf0\xdc\xb1\xd4\xc4\
\xc9\xdf\xcc\xccj\xd7\xa8\x11\x00\x80\x88x\x8a\xb4\xbdn\
/p\xf273\xb3,\x1a7\x02\x00 i\x0c\xf0\x0b\
`\xfb\xdc\xb1T\xc8\xc9\xdf\xcc\xcc\xb2i\xdc\x08\x00@\
D,\x05>\x95;\x8e\x0a9\xf9\x9b\x99YV\x8d\x1c\
\x01\x00\x90\x14\xc0]\xc0Q\xb9c)\x99\x93\xbf\x99\x99\
e\xd7\xd8\x02\x00@\xd2\x1e\xc0\x83\xc0\x98\xdc\xb1\x94\xc4\
\xc9\xdf\xcc\xcc\x1a\xa1\x91\x8f\x006\x8a\x88\xa7\x81\x8f\x00\
\xebs\xc7R\x82\xdb\x80\x93\x9c\xfc\xcd\xcc\xac\x09\x1a]\
\x00\x00D\xc4\xad\xc0\xe4\xdcq\xb4ic\xcf\x7fM\xee\
@\xcc\xcc\xcc\xa0\x03\x0a\x00\x80\x88\x98\x0e|>w\x1c\
-r\xcf\xdf\xcc\xcc\xac\x1d\x92\xce\xcb\xb4;_\xab\xae\
\x97w\xf5333k\x9f\xa4\xc9\xaa~\xdb\xe02\x5c\
&iX\xee\xcf\xcb\xcc\xcc\xackHz\xb7\xa4\xa5\x99\
\x13\xfc@\xd6H\x9a\x96\xfb3233\xebJ\x92v\
\x96ts\xe6d\xbf\xa9\x85\x92\xde\x91\xfb\xb3133\
\xebj\x92B\xd2\xe9\xca?\x1a\xb0V\xd2\xc5\x92zq\
\x1bc33\xb3<$\x8d)\x12\xf0\x9a\x9a\x13\xff\x06\
I3%\x8d\xcf\xfd\x19\x98\x99\x99\xf5,I{I\xfa\
\x8a\xa4e\x15'\xfeu\x92\xae\x96tP\xeek63\
3\xb3\x82\xa4Q\x92>*\xe9\x16\x95;c\xe0g\x92\
>!i\x97\xdc\xd7hff\xd6\x8eF\xef\x05P\x06\
I;\x00\xbf\x0f\x1c\x0d\x1c\x0a\x1c\x04\x0c\xe6Y\xfdK\
\xc0\xff\x00\xb3\x81\xbb\x81\xbb\x22bQ5Q\x9a\x99\x99\
\xd5\xab\xeb\x0b\x80M)\xed2\xb8\x0b\xb0\x070\x16\xd8\
\xa68V\x03/\x00\xab\x80\xa7\x80\xff\x8d\x08\xe5\x8a\xd3\
\xcc\xcc\xcc\xcc\xcc\xcc\xcc\xcc\xcc\xcc\xcc\xcc\xcc\xcc\xcc\xcc\
\xcc\xcc\xcc\xcc\xcc\xcc\xcc\xcc\xcc\xcc\xcc\xcc\xcc\xcc\xcc\xcc\
\xcc\xcc\xcc\xcc\xcc\xcc\xcc\xcc\xcc\xcc\xcc\xcc\xcc\xcc\xcc\xcc\
\xcc\xcc\xcc\xcc\xcc\xcc\xcc\xcc\xcc\xcc\xcc\xcc\xcc\xcc\xcc\xcc\
\xcc\xcc\xcc\xcc\xcc\xcc\xcc\xcc\xcc\xcc\xcc\xcc\xcc\xcc\xcc\xcc\
\xcc\xcc\xcc\xcc\xcc\xcc\xcc\xcc\xcc\xcc\xcc\xcc\xcc\xcc\xcc\xcc\
\xcc\xcc\xcc\xcc\xcc\xcc\xcc\xcc\xcc\xcc\xcc\xcc\xcc\xcc\xcc\xcc\
\xcc\xcc\xcc\xcc\xcc\xcc\xcc\xcc\xcc\xcc\xcc\xcc\xcc\xcc\xcc\xcc\
\xcc\xcc\xcc\xcc\xcc\xacv\xff\x0f\xcc\xfc%e\xd0\xb4=\
\xd1\x00\x00\x00\x00IEND\xaeB`\x82\
\x00\x000\xb1\
\x89\
PNG\x0d\x0a\x1a\x0a\x00\x00\x00\x0dIHDR\x00\
\x00\x02\x00\x00\x00\x02\x00\x08\x06\x00\x00\x00\xf4x\xd4\xfa\
\x00\x00\x00\x04sBIT\x08\x08\x08\x08|\x08d\x88\
\x00\x00\x00\x09pHYs\x00\x00\x0e\xc4\x00\x00\x0e\xc4\
\x01\x95+\x0e\x1b\x00\x00\x00\x19tEXtSof\
tware\x00www.inksca\
pe.org\x9b\xee<\x1a\x00\x00 \x00ID\
ATx\x9c\xed\xddw\xb8\xa5ey\xef\xf1\xef=\x0c\
 M\x0d\x10\xa3\x08\xd2AA\x22\xa8X\x01A\x83b\
\xc1\x0ez\x8e\x22\xa2\x89\xb1EMbKb/9*\
\x9a\x93\x18\xdbA\xc5\x86\xb1a\x17[D\x10\x05\xbbF\
\xc0\x82\xf4n\x01\x942 \xcc\xc0}\xfex\xd7\xe80\
\xcc\xcc^{\xef\xb5\xd6\xfd\x96\xef\xe7\xba\xf65m\xed\
\xb5~0\xb3\xd7\xf3\xdb\xcf\xfb<\xcf\x1b\xa8\xf52s\
K`\xdb\xd1\xc7\xd6\xc0\x16\xab|l9\xfa\xb85\x10\
\xc0mG\x9f\xb6>\xb0\xe9\xcc\xc3J\xc3\xf2{ \x81\
\x1b\x81\xab\x80\x15\xc0\xe5\xab|\x5c1\xfa\xf1\x12\xe0<\
\xe0|\xe0\xc2\x88X^\x11VZUT\x07P#3\
7\x04v\x03\xee:\xfa\xd8\x0d\xd8\x9ef\xd0w \x97\
\xfa\xe3F\xe0R\xe0\x1c\xe0\xe7\xc0i\xc0\xe9\xc0i\x11\
qEe0\x0d\x8b\x05\xa0@f\xae\x0f\xdc\x1d\xb8/\
p\x1f\xe0/\x81\x9d\x81\xa5\x95\xb9$\x95\xbb\x18\xf81\
\xf0\x1d\xe0d\xe0\xfb\x11\xb1\xac6\x92\xfa\xca\x020\x03\
\x99\xb9\x09p\x00\xb0\x1f\xcd\xa0\x7fO\xe0V\xa5\xa1$\
u\xc1\x0a\xe0T\xe0\x14\xe0x\xe0\xf8\x88\xb8\xba6\x92\
\xfa\xc2\x020\x05\x99\x19\xc0\xdd\x80\x87\x00\x0f\x06\xf6\x01\
6(\x0d%\xa9\x0f\x96\x03\xdf\x06\xbe2\xfa\xf8qD\
\xdcT\x1bI]e\x01\x98\x90\xcc\x5c\x8f\xe6\xbb\xfc\xc7\
\x03\x8f\x02n_\x9bH\xd2\x00\x5c\x0c|\x128\x168\
\xd92\xa0\xf9\xb0\x00,Bf.\x05\x1eH3\xe8?\
\x86f5\xbe$U\xb8\x94\xa6\x0c|\x1c\xf8VDd\
q\x1e\xb5\x9c\x05`\x012\xf3.\xc0\xd3\x81\xc3\x80\xdb\
\x15\xc7\x91\xa4\xd5\x9d\x09\x1c\x0d| \x22.\xad\x0e\xa3\
v\xb2\x00\x8c)37\x05\x0e\xa5\x19\xf8\xefW\x1cG\
\x92\xc6\xb1\x02\xf8\x12\xf0\x1e\xe0\x0b^\x22\xd0\xaa,\x00\
s\xc8\xcc\x9d\x80\xe7\x03\x87\x03\x9b\x15\xc7\x91\xa4\x85:\
\x07x+p\xb4;\x09\x04\x16\x80\xb5\xca\xcc\xfd\x81\x17\
\x00\x07\x03Kj\xd3H\xd2\xc4\x5cI3#\xf0\x9f\x11\
q~u\x18\xd5\xb1\x00\xac\x223\x97\xd0L\xf3\xbf\x18\
\xd8\xab8\x8e$M\xd3\x0a\xe0C\xc0\xeb\x22\xe2\x9c\xea\
0\x9a=\x0b\x00\x7f\x1c\xf8\x0f\x01^As\x04\xaf$\
\x0d\xc5r\xfeT\x04\xce\xad\x0e\xa3\xd9\x19t\x01\x18\x0d\
\xfc\x8f\xa7\x19\xf8w/\x8e#I\x95\x96\x03\xef\x07^\
\x15\x11\x97\x14g\xd1\x0c\x0c\xb6\x00d\xe6\x83\x80\xb7\xd0\
\x9c\xd8'Ij,\x03\xde\x04\xbc9\x22\xae\xad\x0e\xa3\
\xe9\x19\x5c\x01\xc8\xcc]\x80\xd7\xd1L\xf9K\x92\xd6\xec\
b\xe05\xc0{\xdc>\xd8O\x83)\x00\x99\xb9\x05\xcd\
T\xff\xb3\x80\xf5\x8b\xe3HRW|\x0fxfD\xfc\
\xb8:\x88&k\x10\x05 3\x0f\x01\xde\x0e\xfcyu\
\x16I\xea\xa0\x15\xc0;\x80\x7f\x89\x88k\xaa\xc3h2\
z]\x00F\x87\xf8\xbc\x0bxPu\x16I\xea\x81s\
\x81gG\xc4\x97\xab\x83h\xf1zy\xc0Mf\xae\x9f\
\x99\xffDs\x1fm\x07\x7fI\x9a\x8c\xed\x81/e\xe6\
\x073\xf36\xd5a\xb48\xbd\x9b\x01\xc8\xcc\xdd\x81c\
\x80=\xab\xb3HR\x8f]\x00<%\x22\xbeQ\x1dD\
\x0b\xd3\x9b\x19\x80\xcc\x8c\xcc|\x06\xcd\x82\x15\x07\x7fI\
\x9a\xae;\x01'd\xe6\x7fd\xe6\x86\xd5a4\x7f\xbd\
\x98\x01\xc8\xcc;\x02\xef\x03\x0e\xac\xce\x22I\x03\xf4?\
\xc0\x13#\xe2\x8c\xea \x1a_\xe7g\x002\xf314\
\xd7\xfa\x1d\xfc%\xa9\xc6\x9e\xc0\xf72\xf3\xb1\xd5A4\
\xbe\xce\x16\x80\xcc\x5c/3_\x05\x1c\x0bl^\x1cG\
\x92\x86\xee\xd6\xc0\xb1\xa3K\x02\x9e\xb5\xd2\x01\x9d\xbc\x04\
\x90\x99[\x02\xff\x85\xdf\xf5KR\x1b}\x13xBD\
\x5cZ\x1dDk\xd7\xb9\x02\x90\x99\xf7\x00>\x09l[\
\x9dE\x92\xb4V\x97\x00\x07G\xc4\x8f\xaa\x83h\xcd:\
u\x09 3\x9f\x0a\x9c\x82\x83\xbf$\xb5\xddV\xc0\x89\
\x99yPu\x10\xadY'\x0a\xc0h\x8b\xdf\xab\x80\xa3\
\x81\x0d\x8a\xe3H\x92\xc6\xb3\x19\xf0\x85\xcc|Nu\x10\
\xddR\xeb/\x01\x8c\xf6\x97\xbe\x17xRu\x16I\xd2\
\x82\x1d\x09\xbc$\x22\xb2:\x88\x1a\xad.\x00\x99\xb99\
\xf0)\xe0\x01\xd5Y$I\x8bv\x0cpDD\xac\xa8\
\x0e\xa2\x16\x17\x80\xcc\xdc\x0a\xf8o`\xb7\xea,\x92\xa4\
\x89\xf9(\xcd\x11\xc2\xcb\xab\x83\x0c]+\x0b@fn\
\x0b|\x0d\xd8\xa9:\x8b$i\xe2\x8e\x03\x0e\x89\x88\xeb\
\xaa\x83\x0cY\xeb\x0a@f\xeeB3\xf8oS\x9dE\
\x9245_\x03\x1e\x15\x11\xd7V\x07\x19\xaaV\x15\x80\
\xcc\xbc\x0b\xcd?\x8a\xad\xaa\xb3H\x92\xa6\xee\x9b\xc0\xc3\
\x22\xe2\x9a\xea C\xd4\x9a\x02\x90\x99{\x00'\x00[\
Tg\x91$\xcd\xcc\xd7i\x0e\x0cr&`\xc6ZQ\
\x002s'\xe0$\xe0\x0e\xd5Y$I3\xe7L@\
\x81\xf2\x02\x90\x99\xdb\xd0\x0c\xfe\xdb\x15G\x91$\xd5\xb1\
\x04\xccX\xe9I\x80\x99\xf9\x174[\xfd\xb6\xab\xcc!\
I*\xb7/\xf0\xc5\xcc\xdc\xb4:\xc8P\x94\x15\x80\xd1\
!?_\x07v\xad\xca Ij\x95}\x81\xcff\xe6\
\xc6\xd5A\x86\xa0\xe4\x12\xc0\xe8x\xdf\xaf\x02\xfbU\xbc\
~\x87\xad\x00\xce\x06\xce\x1b}\x9c\x0f\x5c\x04\x5c\x0e\x5c\
1\xfa\xf1r \x81\xe5m\x9dJ\xcb\xcc\x8f\x03\x87T\
\xe7X\x87C#\xe2\x13\xd5!49\x99y(\xf0\xb1\
\xea\x1c\x1a\x9b\x0b\x03g`\xe9\xac_03\x83\xe6l\
\x7f\x07\xffu\xbb\x16\xf8>\xf0]\xe0T\xe0\xa7\xc0\xcf\
\x22\xe2\x86\xd2T\x924}\x0f\x04>\x9f\x99\x96\x80)\
\x9ay\x01\x00^\x8d7\xf6Y\x93e\xc0\x8943#\
'\x03?\xf1\xbcli0.\xa7\xb9\xd3\xe9f\xd5A\
Z\xc4\x120e3-\x00\x99y8\xf0\xb2Y\xbef\
\xcb]\x00|\x92\xe6X\xccoE\xc4\xf5\xc5y$\xd5\
8\x1ex2p\x7f\xe0q\xc0c\xf1@4\xb0\x04L\
\xd5\xcc\x16\x01f\xe6}\x80\xa3h\xc1\xd6\xc3b\x97\x00\
o\x01\xee\x03l\x17\x11\xff\x10\x11\xc7;\xf8K\xc3\x16\
\x11\xcb#\xe2\xc4\x88\xf8;\x9a\xa3\xd0\xf7\xa5y\xcf\xbc\
\xaa6Y\xb9\x95%\xc0\x85\x81\x136\x93\x02\x90\x99\xb7\
\x03>A3\xc55D\xcb\x81\xcf\x00\x07\x03w\x8a\x88\
\x17F\xc4w\xbd/\xb6\xa45\x89\x88\x9b\x22\xe2[\x11\
\xf1\xb743\x01G\x00\xdf.\x8eU\xc9\x120\x05S\
/\x00\x99\xb9\x1e\xf0\x11`\xebi\xbfV\x0b]\x06\xbc\
\x1e\xd86\x22\x1e\x13\x11_\x88\x88\x1b\xabCI\xea\x8e\
\x88X\x16\x11\xef\x8f\x88\xfb\x01\xf7\xa6\xd9\xcd0\xc4\xf5\
A\x96\x80\x09\x9b\xc5\x0c\xc0\xebi\xfe\xe2\x86\xe4\x97\xc0\
\xdf\xd2|\xb7\xff\xb2\x88\xb8\xb4:\x90\xa4\xee\x8b\x88\xef\
E\xc4\x13\x81\x1d\x81w\x02C\xdb\x15d\x09\x98\xa0\xa9\
\x16\x80\xcc|4\xf0\xe2i\xbeF\xcb\x9c\x09\x1c\x0e\xec\
\x16\x11Gy\xafkI\xd3\x10\x11\x17D\xc4\xb3\x81\x9d\
\x81\xffGs\x99q(,\x01\x132\xb5\x02\x90\x99[\
\x01\xefa\x18\x8b\xfe.\xa2\xb9F\xb7[D|\xd0i\
~I\xb30*\x02\xcf\x04\xf6\x00>_\x9dg\x86,\
\x01\x130\x95\x020:\xec\xe7}\xf4\xff\xd6\xbe\xcb\x80\
W\x02\xbb\x8e\xae\xd1\x0d\xf1\xba\x9c\xa4b\x11qFD\
<\x12\xf8+\x9aC\xc3\x86\xc0\x12\xb0H\xd3\x9a\x01x\
\x1e\xf0\xe0)=w[|\x8cf\xe0\x7f\x8d\xfbS%\
\xb5AD\x1c\x0f\xdc\x1dx9\xf0\x87\xe28\xb3`\x09\
X\x84\x89\x17\x80\xcc\xdc\x1dx\xc3\xa4\x9f\xb7E.\x00\
\x1e\x11\x11O\x8c\x88\x8b\xab\xc3H\xd2\xaa\x22\xe2\x86\x88\
x\x1dp7\x9a[\xec\xf6\x9d%`\x81&Z\x002\
s}\xe0C\xc0\xad&\xf9\xbc-\x91\xc0\xdb\x80\xdd#\
\xe2\xb8\xea0\x92\xb4.\x11\xf1K\xe0\x00\xe0\x9f\xe8\xff\
n\x01K\xc0\x02Lz\x06\xe0\x1f\x81\xbd&\xfc\x9cm\
p)\xf0\xd0\x88\xf8\xbb\xb6\xdeaO\x92V\x17\x117\
F\xc4\x1b\x80\xfb\x02gT\xe7\x992K\xc0<M\xac\
\x00d\xe6\x8e\xc0+&\xf5|-\xf2i`\x8f\x88\xf8\
Ju\x10IZ\x88\x88\xf8\x11\xb07plu\x96)\
\xb3\x04\xcc\xc3$g\x00\xde\x09l4\xc1\xe7\xabv#\
\xf0R\xe0q\x11qyu\x18IZ\x8c\x88\xb8:\x22\
\x0e\xa19\xa4\xac\xcf\xe7\x06<\x10\xf8rfnZ\x1d\
\xa4\xed&R\x00Fw\xf9;p\x12\xcf\xd5\x12\xbf\x05\
\x0e\x8a\x887z^\xbf\xa4>\x89\x88\xa3\x80\x87\x01W\
Vg\x99\xa2}\x81/Z\x02\xd6m\xd1\x05 37\
\x07\xde<\x81,m\xf1\x13\xe0\xee\x11\xf1\xb5\xea \x92\
4\x0d\xa3\xf7\xb7}iv5\xf5\xd5\xbe\xc0g\xbd\x1c\
\xb0v\x93\x98\x01x\x05\xb0\xe5\x04\x9e\xa7\x0d\xbe\x0c\xec\
\x1b\x11\x17U\x07\x91\xa4i\x8a\x88\xd3hnK~j\
u\x96)rM\xc0:,\xaa\x00d\xe6.\xc0\xb3'\
\x94\xa5\xdaQ\xc0\xc1\x11quu\x10I\x9a\x85\xd1\x8d\
\xca\x0e\x00\xbeW\x9de\x8a,\x01k\xb1\xd8\x19\x80#\
\x81\xf5'\x11\xa4\xd8\x91\xc03=\xcaW\xd2\xd0D\xc4\
\x154G\x08\x9fT\x9de\x8a,\x01k\xb0\xe0\x02\x90\
\x99\x07\x00\x8f\x9c`\x96*o\x8c\x88\x17\xbb\xd8O\xd2\
P\x8df>\x1f\x0a\x1c_\x9de\x8a\xdc\x1d\xb0\x9a\x05\
\x15\x80\xcc\x5c\x02\xfc\xdf\x09g\xa9\xf0\xe2\x88xiu\
\x08I\xaa6\xba\xa7\xc9#\x81\xafWg\x99\x22\x17\x06\
\xaeb\xa13\x00\x8f\xa79g\xba\xcb^\x19\x11GV\
\x87\x90\xa4\xb6\x18\x95\x80\x83q&`\x10\xe6]\x00F\
\xdf\xfd\xbfl\x0aYf\xe9\xdf#\xe25\xd5!$\xa9\
mV\x99\x09\xe8s\x09\xf0\x9c\x00\x166\x03p\x08\xb0\
\xc7\xa4\x83\xcc\xd0Q\xc0?T\x87\x90\xa4\xb6\xf2r\xc0\
0\xcc\xab\x00\x8c\xbe\xfb\xff\x97)e\x99\x85\xaf\x00\xcf\
q\xc1\x9f$\xad\x9b\x97\x03\xfao\xbe3\x00O\xa0\xbb\
\xdf\xfd\x9f\x0a\x1c\xe2V?I\x1a\x8f3\x01\xfd6\xdf\
\x02\xf0\xa2\xa9\xa4\x98\xbe\xdf\x00\x8f\xf0\x90\x1fI\x9a\x9f\
Uf\x02\xfa\x5c\x02\x06yN\xc0\xd8\x05 3\xf7\x07\
\xf6\x9a^\x94\xa9\xb9\x11xrD\x5cX\x1dD\x92\xba\
\xc8\xcb\x01\xfd4\x9f\x19\x80\xbf\x9fZ\x8a\xe9ziD\
\xfcwu\x08I\xea2w\x07\xf4\xcfX\x05 3w\
\x02\x1e1\xe5,\xd3\xf0i\xe0-\xd5!$\xa9\x0f\x5c\
\x13\xd0/\xe3\xce\x00<\x7f\x1e\x8fm\x8bK\x80\xbfq\
\xc5\xbf$M\x8e\x97\x03\xfac\xceA}\xf4?\xe0\xf0\
\x19d\x99\xa4\x04\x9e\x16\x11\x97W\x07\x91\xa4\xbeq&\
\xa0\x1f\xc6\xf9\xae\xfeP`\xb3i\x07\x99\xb0wD\xc4\
W\xaaCHR_\xb9;\xa0\xfb\xc6)\x00\x7f=\xf5\
\x14\x93u\x01\xf0O\xd5!$\xa9\xef\xbc\x1c\xd0m\xeb\
,\x00\x99\xb9+p\x9f\x19e\x99\x94\xbfs\xbf\xbf$\
\xcd\x86\xbb\x03\xbak\xae\x19\x80\xbf\x01b\x16A&\xe4\
c\x11\xf1\xb9\xea\x10\x924$\x96\x80nZk\x01\xc8\
\xcc\xa5\xc0a3\xcc\xb2X\xcb\xf0&?\x92T\xc2\x85\
\x81\xdd\xb3\xae\x19\x80\x07\x02\xb7\x9bU\x90\x09xSD\
\x5cR\x1dB\x92\x86\xca5\x01\xdd\xb2\xae\x02p\xc8\xcc\
R,\xde\xc5x\xe0\x8f$\x95\xf3r@w\xac\xb1\x00\
\x8c\xa6\xff\x1f5\xe3,\x8b\xf1\xf2\x88XV\x1dB\x92\
\xe4\xe5\x80\xaeX\xdb\x0c\xc0\xfe\xc0\x9f\xcf0\xc7b\x9c\
\x05|\xa8:\x84$\xe9O\xbc\x1c\xd0~k+\x00]\
\x9a\xfe\x7fmD\xac\xa8\x0e!I\xba9/\x07\xb4\xdb\
-\x0a@f\x06\xcd_X\x17\x9c\x09|\xb8:\x84$\
i\xcd\xbc\x1c\xd0^k\x9a\x01\xb8\x1bp\xfbY\x07Y\
\xa0##\xe2\xc6\xea\x10\x92\xa4\xb5\xf3r@;\xad\xa9\
\x00<d\xe6)\x16\xe6\xb7\xc01\xd5!$Is\xf3\
r@\xfbt\xb9\x00\xbc+\x22\xae\xab\x0e!I\x1a\x8f\
%\xa0]nV\x002s\x13\xe0~EY\xe6c9\
\xf0\xce\xea\x10\x92\xa4\xf9qM@{\xac>\x03p\x00\
\xb0aE\x90y:.\x22.\xad\x0e!I\x9a?o\
%\xdc\x0e\xab\x17\x80\xfdJR\xcc\xdf{\xab\x03H\x92\
\x16\xce\x85\x81\xf5V/\x00]\x98\xfe\xff\x15\xf0\xe5\xea\
\x10\x92\xa4\xc5qM@\xad?\x16\x80\xcc\xdc\x00\xb8{\
a\x96q}\xd8\x83\x7f$\xa9\x1f\x5c\x13Pg\xd5\x19\
\x80\xbd\x80\x8d\xaa\x82\xcc\xc3\xc7\xab\x03H\x92&\xc7\xcb\
\x015V-\x00]\x98\xfe\xbf\x10\xf8~u\x08I\xd2\
dy9`\xf6V-\x00\xf7*K1\xbec#\x22\
\xabCH\x92&o@\x97\x03>\x95\x99\xe5;\xeeV\
-\x00{\x96\xa5\x18\xdf\x17\xaa\x03H\x92\xa6g \x97\
\x03\x0e\x04>\x9e\x99\xebW\x86X\x020j\x22;U\
\x06\x19\xc32\xe0\xe4\xea\x10\x92\xa4\xe9\x1a\xc8\xe5\x80G\
\x02\x1f\xc9\xcc\xa5U\x01V\xce\x00\xec\x06\x94\x85\x18\xd3\
\x89\x11q}u\x08I\xd2\xf4\x0d\xa4\x04<\x0exO\
f\xae\xe9X\xfe\xa9[\xf9\xa2w\xadx\xf1y\xfaj\
u\x00I\xd2\xec\x0cdM\xc0\xe1\xc0\xff\xa9x\xe1\x95\
\x05`\x8f\x8a\x17\x9f\xa7oU\x07\x90$\xcd\xd6@\xd6\
\x04\xbc83\x9f=\xeb\x17]Y\x00\xee2\xeb\x17\x9e\
\xa7k\x81S\xabCH\x92fo 3\x01\xff\x91\x99\
\x07\xcd\xf2\x05W\x16\x80\xedg\xf9\xa2\x0b\xf0=O\xff\
\x93\xa4\xe1\x1a\xc0L\xc0R\x9a\x9d\x01w\x9b\xd5\x0b\xae\
,\x00\xdb\xce\xea\x05\x17\xe8{\xd5\x01$I\xb5\x060\
\x13\xb0\x19\xcd\x1d\x04\xffb\x16/\xb6$3\xb7\x04Z\
q*\xd1:8\xfd/I\x1a\xc2L\xc06\xc0Gg\
\xb1=p\x09\xb0\xdd\xb4_d\x02N\xab\x0e Ij\
\x87\x01l\x11\xdc\x1f\xf8\xd7i\xbfH\x17\x0a\xc0\x0a\xe0\
\x8c\xea\x10\x92\xa4\xf6\x18@\x09xaf\x1e2\xcd\x17\
X\x02\xdcq\x9a/0\x01g{\x00\x90$iu=\
_\x13\x104\x87\x04\xed:\xad\x17X\x02l9\xad'\
\x9f\x90\xf3\xaa\x03H\x92\xda\xa9\xe7k\x02nMs\x5c\
\xf0\x06\xd3x\xf2%\xc0\xe6\xd3x\xe2\x09:\xbf:\x80\
$\xa9\xbdz>\x13\xb0\x17\xf0\xdai<\xb13\x00\x92\
\xa4\xce\xeb\xf9L\xc0\x0b3\xf3\x80I?i\x17f\x00\
.\xae\x0e Ij\xbf\x1e\xcf\x04,\x01\xde\x9f\x99\xb7\
\x9d\xf4\x93n1\xc9'\x9c\x82\xcb\xab\x03H\x92\xbaa\
\x95\x99\x80\xbe\x95\x80;\x01\xff9\xc9'\x5cB\xb3\xc8\
\xa0\xcd,\x00\x92\xa4\xb1\xf5\xb8\x04<y\x92\xf7\x0bX\
\x02l8\xa9'\x9b\x92\xdfV\x07\x90$uK\x8f\xd7\
\x04\xbc+3'rz\xef\x12`*\xdb\x0b&\xe8\x9a\
\xea\x00\x92\xa4\xee\xe9\xe9\x9a\x80m\x81WN\xe2\x89\xba\
P\x00<\x04\xa8\x7fn\xaa\x0e0\x87%s?D\x1d\
\xd3\xf6\xbf\xd3\x1b\xab\x03\xf4UO/\x07\xbc 3\xf7\
Z\xec\x93t\xa1\x00\xdcP\x1d@\x13\xd7\xf6Y\x9d\xb6\
\xdf\x1cK\xf3\xb7Yu\x809\xb4\xfdk\xa2\xd3zX\
\x02\x96\xd2\x5c\x0a\x88\xc5<\x89\x05@\x15\xae\xae\x0e0\
\x87\xb6o\x8d\xd5\xfc\xb5\xfd\xef\xb4\xed_\x13\x9d\xd7\xc3\
\x12p/\xe0I\x8by\x82%4M\xa2\xb5\x22bE\
u\x06M\x5c\xdb\xdf\xecv\xaa\x0e\xa0\x89\xdb\xb9:\xc0\
\x1c\xae\xaa\x0e0\x04=,\x01\xff'37^\xe8'\
\xb7\xfd\xba\x98\xfa\xa9\xed\x05`\xf7\xea\x00\x9a\xb8\xbbV\
\x07\x98C\xdb\xbf&z\xa3g%`k\xe0\x85\x0b\xfd\
d\x0b\x80*\xb4\xfdz\xe7\xde\x99\xb9Iu\x08MF\
fn\x06\xdc\xbd:\xc7\x1c\x9c\x01\x98\xa1\x9em\x11|\
Ifn\xb3\x90O\xb4\x00\xa8\xc2\xef\xaa\x03\xcca\x03\
\xe0A\xd5!41\x07\x02\xebW\x87\x98\xc3\x95\xd5\x01\
\x86\xa6G[\x047\x06^\xbe\x90O\xb4\x00\xa8\xc2\x99\
\xd5\x01\xc6pXu\x00M\xcc\xa2\x16J\xcd\xc8Y\xd5\
\x01\x86h\x95\x99\x80oTgY\xa4\xa7f\xe6\xf6\xf3\
\xfd\xa4\xc8\xcc\x9cF\x9aI\x89\x88EmsP\xfb\x8c\
\xa6d\xaf\x04\xda\xfcw{=\xb0cDx3\xaa\x0e\
\xcb\xcc\xad\x81\xb3i\xf7n\xa7\x046\x8b\x88e\xd5A\
\x86j\xf4\x9e\xf45\x9a\x95\xf5]\xf5\xde\x88\xf8\xeb\xf9\
|\x823\x00\x9a\xb9\x88\xb8\x1a\xb8\xa4:\xc7\x1c6d\
\x11\x8bk\xd4\x1a/\xa6\xdd\x83?\xc0E\x0e\xfe\xb5F\
\xefI\x0f\x05N\xad\xce\xb2\x08O\xc9\xcc\x1d\xe6\xf3\x09\
\x16\x00U\xf9eu\x801<;3\xef\x5c\x1dB\x0b\
\x93\x99\xbb\x00\xcf\xa8\xce1\x86_T\x07\x10D\xc4\x15\
\xc0A\xc0\x05\xd5Y\x16h}\xe0_\xe6\xf3\x09\x16\x00\
U\xe9\xc2\x9b\xde\x06\xc0;2\xd3\xaf\x93\x8e\x19\xfd\x9d\
\x1dE\xfbov\x06pFu\x005\x22\xe2R\xe0\x11\
twW\xc6S2s\xdbq\x1f\xec\x1b\x9b\xaa\x9c^\
\x1d`L\x07\x00\xff\x5c\x1dB\xf3\xf62\xe0\x01\xd5!\
\xc6\xd4\x95\xaf\x85A\x88\x88\xd3\x80C\x81.\x1eB\xb7\
\x14x\xee\xb8\x0fv\x11\xa0Jd\xe6\xeet\xe7\x8d\xef\
F\xe0\xf1\x11\xf1\x99\xea \x9a[f>\x0e\xf8\x18\xb0\
^u\x961\xdd%\x22\xba0#6(\x99\xf9B\xe0\
\xc8\xea\x1c\x0bp%\xb0\xcdh]\xc3:9\x03\xa0*\
?\x03~]\x1dbL\xeb\x01\x1f\xc9\xcc\xbf\xaa\x0e\xa2\
u\xcb\xcc\x07\x03\xc7\xd0\x9d\xc1\xff\x12\x07\xff\xd6z\x0b\
plu\x88\x05\xb8\x0dp\xc48\x0f\xb4\x00\xa8DD\
$pBu\x8ey\xb8\x15p\x5cf>\xb1:\x88\xd6\
,3\x9f\x04|\x9e\xe6\xef\xaa+\xba~\x08Mo\x8d\
\xde\xa3\x9eF7\xd6+\xad\xeey\x999g\x09\xb6\x00\
\xa8R\x97\x0a\x004\x8b\x02\xff+3\xff=3\xdb\xbe\
\xb5l02s\xc3\xcc|\x1b\xcdw\xfe]\xfb{\xe9\
\xda\xd7\xc0\xa0\x8c\xa6\xd1\x9fD\xf7\xeeJ\xbb#\xf0\xf0\
\xb9\x1ed\x01P\xa5.~\xf7\x13\xc0\xf3\x81\x9fd\xa6\
\xc7\x05\x17\xcb\xcc\x03i\xf6n?\xa7:\xcb\x02u\xf1\
k`P\x22\xe2G\xc0+\xabs,\xc0\xd3\xe7z\x80\
\x8b\x00U*3\x7f\x01\xecZ\x9dc\x11\x8e\x07\xde\x00\
|=\x22n\xaa\x0e3\x04\xa3-~\x0f\xa2\xd9\x9d\xb1\
\x7fm\x9aE\xf9iD\xb4\xfd.\x85\xe2\x8f\xff\xe6N\
\x00\xf6\xab\xce2\x0f+\x80;\x8d\xb66\xae\x913\x00\
\xaa\xf6\xa1\xea\x00\x8b\xf4 \xe0\xbf\x81s3\xf3M\x99\
\xf9\xe0\xcc\xdc\xb4:T\xdfd\xe6\xa6\x99yPf\xbe\
\x198\x17\xf8*\xdd\x1e\xfc\xa1\xb9d\xa1\x0e\x18\x95\xfb\
\xbf\x01\xfeP\x9de\x1e\x96\x02OY\xd7\x03\x9c\x01P\
\xa9\xd1\xa1\x15\xe7\xd2\xee\xfb\x02,\xc4\x85\xc094\xb7\
>\xbe\xb68KWm\x02l\x06l\x07,\xe8v\xa7\
-v\x13\xb0]D\x5cX\x1dD\xe3\xcb\xcc\x97\x03\xaf\
\xa9\xce1\x0fg\xd0l3]\xe38o\x01P\xb9\xcc\
<\x91\xee\x1c\xda\x22M\xc2\xd7#\xc25$\x1d3Z\
\xfc\xfbc`\xb7\xea,\xf3\xb0OD\x9c\xbc\xa6?\xf0\
\x12\x80\xda\xa0\xeb\x97\x01\xa4\xf9\xfa`u\x00\xcd_D\
\xdc\x00\xfc]u\x8eyz\xc2\xda\xfe\xc0\x19\x00\x95\xcb\
\xcc[\xd3\xdc\x1dp\x93\xea,\xd2\x0c\x5c\x03l5\xce\
Imj\xa7\xcc\xfc<\xcd=\x03\xba\xe0b\x9a\xc5\x80\
\xb7X\xa4\xec\x0c\x80\xcaE\xc4U\xc0\xbb\xabsH3\
\xf2.\x07\xff\xce{!\xb0\xbc:\xc4\x98\xee\x08\xdcw\
M\x7f`\x01P[\xbc\x89n\xad\xb0\x95\x16\xe2\x0f\xc0\
\xff\xad\x0e\xa1\xc5\x89\x883\x80\xf7U\xe7\x98\x87C\xd6\
\xf4\x9b\x16\x00\xb5\xc2h\xaf\xea\x07\xaasHSvt\
D\x5cR\x1dB\x13\xf1z\xbasB\xe0\xe32\xf3\x16\
\x97\xd3-\x00j\x937\xd1\xcd[pJ\xe3XN7\
\xef.\xa75\x88\x88\x0b\x80\xa3\xabs\x8cik\xe0n\
\xab\xff\xa6\x05@\xad\x11\x11\xe7\x00\x1f\xa9\xce!M\xc9\
1\x11q^u\x08M\xd4\x1b\xe8\xce7-\x07\xad\xfe\
\x1b\x16\x00\xb5\xcd\xcb\x80e\xd5!\xa4\x09\xbb\x96n\x1d\
 \xa31D\xc4\xf9\xc0'\xabs\x8c\xe9\xc1\xab\xff\x86\
\x05@\xad2\x9aV\xfb\xd7\xea\x1c\xd2\x84\xbd\xda\xef\xfe\
{\xeb\xcd\xd5\x01\xc6t\xff\xd5\x8f)\xf7\x1c\x00\xb5\xce\
\xe8\xb4\xad\x9f\x00w\xae\xce\x22M\xc0\xcf\x80=#\xa2\
+\xdb\xc64O\x99y\x0ak\xd9j\xd72\x8f\x8c\x88\
\xcf\xaf\xfc\x853\x00j\x9d\xd1i[]\xbd\xbd\xab\xb4\
\xaa\x04\x9e\xe3\xe0\xdf{GU\x07\x18\xd3\xcd\x8e\x9f\xb6\
\x00\xa8\x95\x22\xe2\xeb\xc0\x7fU\xe7\x90\x16\xe9\xc3\x11q\
bu\x08M\xdd'\x80.\x1c\xeet\xbfU\x7fa\x01\
P\x9b=\x178\xaf:\x84\xb4@\x17\x02/\xa8\x0e\xa1\
\xe9\x8b\x88e\xc0\xc7\xaas\x8ca\xcf\xcc\xdcx\xe5/\
,\x00j\xad\x88\xf8\x1d\xf0$\xbas\xe4\xa6\xb4\xd2r\
\xe0\xd0\x88\xb8\xbc:\x88f\xe6\x98\xea\x00cX\x1f\xb8\
\xe7\xca_X\x00\xd4j\x11q\x0a\xcd\xd6@\xa9K^\
\x1a\x11\xdf\xa9\x0e\xa1\x99\xfa&piu\x881\xdc\x7f\
\xe5O,\x00\xea\x82#\x81/V\x87\x90\xc6\xf4y<\
\xef\x7fpFw\xdb\xfbtu\x8e1\xdcg\xe5O,\
\x00j\xbd\x88H\xe0p\xe0\x9c\xea,\xd2\x1c\xce\x06\x9e\
:\xfa7\xab\xe1\xe9\xc2\xa1@{\xad\xfc\x89\xe7\x00\xa8\
32sG\xe0[\xc0\xed\xab\xb3Hk\xf0[`\x9f\
\x88\xf8eu\x10\xd5\x18\x9dar9\xb0\xe9\x5c\x8f-\
\xf6g\x11\xf1{g\x00\xd4\x19\x11q6\xf0p\xba\xb1\
\xddF\xc3r\x15p\x90\x83\xff\xb0\x8d\xce09\xb1:\
\xc7\x18\xf6\x00/\x01\xa8c\x22\xe2G\xc0\xa3\x80\xeb\xab\
\xb3H#7\x00\x87\x8c\xfemJ_\xad\x0e0\x86\xbb\
\x82\x05@\x1d\x14\x11'\x00O\x01n\xac\xce\xa2\xc1[\
\x01\x1c\x16\x11]x\xd3\xd7l\x9cP\x1d`\x0c\x16\x00\
uWD|\x1cx\x1c\xf0\x87\xea,\x1a\xac\xeb\x80\xc7\
\x8d\xfe-J+\xfd\x0c\xf8}u\x889\xec\x06\x16\x00\
uXD|\x168\x80f\xd1\x8d4K\xbf\x07\x1e\x12\
\x11\x9f\xab\x0e\xa2v\x19m\x07l\xfb\x19\x10\xdb\x81\x05\
@\x1d7:l\xe5\x81\xc0%\xd5Y4\x18\x17\x03\xfb\
F\xc47\xab\x83\xa8\xb5\xbe]\x1d`\x0e[g\xe6R\
\x0b\x80:/\x22N\xa59\xdd\xeag\xd5Y\xd4{\xa7\
\x03\xf7\x8f\x88\xd3\xab\x83\xa8\xd5~R\x1d`\x0eK\x81\
\xad-\x00\xea\x85\x888\x8f\xe6\x8c\xebw\x17GQ\x7f\
}\x08\xb8OD\x9c_\x1dD\xad\xd7\x85\x82\xb8\x9d\x05\
@\xbd\x11\x11\xd7E\xc43hN\x0d\x5cV\x9dG\xbd\
q\x1d\xf0\x8c\x88x\xca\xe8\xaeo\xd2\x5c\xce\x05\xae\xa9\
\x0e1\x07\x0b\x80\xfa'\x22>\x08\xdc\x1b/\x09h\xf1\
N\x07\xee\x11\x11\xce,il\xa3\x85\x80gT\xe7\x98\
\xc3\x1d,\x00\xea\xa5\x88\xf8)\xb07\xf0z\x9a\x83Z\
\xa4\xf9\xb8\x1ex-p\xaf\x88\xf8yu\x18u\xd2y\
\xd5\x01\xe6\xb0\x85\x05@\xbd\x15\x11\xd7F\xc4\xcb\x80\xdd\
\x81/W\xe7Qg\x9c\x00\xec\x15\x11\xaf\x88\x88\xeb\xaa\
\xc3\xa8\xb3\xce\xab\x0e0\x07\x0b\x80\xfa/\x22\xce\x8a\x88\
\x87\x02O\xc4\xed\x82Z\xbb\x8bh\x8e\xf4}\xa0\xdf\xf5\
k\x02\xce\xab\x0e0\x07\x0b\x80\x86#\x22>\x06\xec\x0a\
\xbc\x08\xf8Uq\x1c\xb5\xc7\xa5\xc0\x0b\x81;G\xc4\xb1\
\xd5a\xd4\x1bm\x7f\x8f\xb1\x00hX\x22\xe2\x9a\x88x\
3\xb0=\xf0\x5c\xc0-]\xc3u>\xf0\x1c`\x87\x88\
x\x8b+\xfc5am?\xa1ts\x0b\x80\x06)\x22\
\xfe\x10\x11o\x07v\x06\x9e\x06x'\xb7\xe1\xf8\x01\xcd\
\xdf\xf9\xce\x11\xf1\x8e\x88\xf0~\x12\x9a\x86\xb6\x17\x80\x8d\
\x223\xb3:\xc5\xbaDDTg\xd00d\xe6\xee\xc0\
a\xc0\x93\x80\xad\x8b\xe3h\xb2.\x04\x8e\x01>\xe4\xf5\
}\xcdBfnM\xf3\xef\xae\xad.\xb5\x00H\xab\xc9\
\xcc%47\x19\xfa\xdf\xc0\x81\xc06\xb5\x89\xb4@\x17\
\xd2\xdc\x9b\xfd\xc3\xc07F{\xb3\xa5\x99\xc8\xcc-\x80\
\xcb\xaas\xac\xc3\x15\x16\x00i\x0e\x99\xb9\x03\xb0\x0f\xcd\
\xfd\x06\x1e\x86\xb3\x03m\xf5[\xe0D\xe0d\xe0[\x11\
\xf1\xc3\xda8\x1a\xb2\xcc\xdc\x14\xb8\xba:\xc7:\x5cc\
\x01\x90\xe6!3\x03\xd8\x09\xb83\xcd\x8e\x82\x95\x1fw\
\x06\xfe\xbc0\xda\x90\xfc\x06\xf8\x05\xcdIk\xbf\x1c\xfd\
\xfc\x17\xc0\xd9\x11\xd1\xea\xf73\x0dGfn@s\xa0\
T[-\xb7\x00H\x13\x92\x99\x1b\x01\x9b\x02\x9b\x01\xb7\
\x1d\xfd|S`\x93\xca\x5c\x1d\xb6\x8c\xe6<\xf5e\xc0\
\xefF?\xbf&\x22\xae-M%\x8d\xa9\xf5\xe3k\xeb\
\x03Z\x00$I\x1d\xd4\xf6\xf1\xd5m\x80\x92$\x0d\x90\
\x05@\x92\xa4\x01\xb2\x00H\x924@\x16\x00I\x92\x06\
\xc8\x02 I\xd2\x00Y\x00$I\x1a \x0b\x80$I\
\x03d\x01\x90$i\x80,\x00\x92$\x0d\x90\x05@\x92\
\xa4\x01\xb2\x00H\x924@\x16\x00I\x92\x06\xc8\x02 \
I\xd2\x00Y\x00$I\x1a \x0b\x80$I\x03d\x01\
\x90$i\x80,\x00\x92$\x0d\x90\x05@\x92\xa4\x01\xb2\
\x00H\x924@\x16\x00I\x92\x06\xc8\x02 I\xd2\x00\
Y\x00$I\x1a \x0b\x80$I\x03d\x01\x90$i\
\x80,\x00\x92$\x0d\x90\x05@\x92\xa4\x01\xb2\x00H\x92\
4@\x16\x00I\x92\x06\xc8\x02 I\xd2\x00Y\x00$\
I\x1a \x0b\x80$I\x03d\x01\x90$i\x80,\x00\
\x92$\x0d\x90\x05@\x92\xa4\x01\xb2\x00H\x924@\x16\
\x00I\x92\x06\xc8\x02 I\xd2\x00Y\x00$I\x1a \
\x0b\x80$I\x03d\x01\x90$i\x80,\x00\x92$\x0d\
\x90\x05@\x92\xa4\x01\xb2\x00H\x924@\x16\x00I\x92\
\x06\xc8\x02 I\xd2\x00Y\x00$I\x1a \x0b\x80$\
I\x03d\x01\x90$i\x80,\x00\x92$\x0d\x90\x05@\
\x92\xa4\x01\xb2\x00H\x924@\x16\x00I\x92\x06\xc8\x02\
 I\xd2\x00Y\x00$I\x1a \x0b\x80$I\x03d\
\x01\x90$i\x80,\x00\x92$\x0d\x90\x05@\x92\xa4\x01\
\xb2\x00H\x924@\x16\x00I\x92\x06\xc8\x02 I\xd2\
\x00Y\x00$I\x1a \x0b\x80$I\x03d\x01\x90$\
i\x80,\x00\x92$\x0d\x90\x05@\x92\xa4\x01\xb2\x00H\
\x924@\x16\x00I\x92\x06\xc8\x02 I\xd2\x00Y\x00\
$I\x1a \x0b\x80$I\x03d\x01\x90$i\x80,\
\x00\x92$\x0d\x90\x05@\x92\xa4\x01\xb2\x00H\x924@\
\x16\x00I\x92\x06\xc8\x02 I\xd2\x00-\xad\x0e\xa0\xf6\
\xc8\xcc%\xc0\xde\xc0\xfe\xa3\x1fw\x06\xb6\x016\x016\
\xa8K&i\x9en\x00\x96\x01\x17\x02g\x02\xdf\x07N\
\x04\xbe\x1f\x117\x15\xe6R\x8bDffu\x88u\x89\
\x88\xa8\xce\xd0w\x99\xb9\x15\xf0\x5c\xe0\xc94\x03\xbe\xa4\
~\xba\x108\x06x[D\x5cR\x1d\xa6\xefZ?\xbe\
\xb6>\xa0\x05`j2ss\xe0\xb5\xc0\xd3\x81\x0d\x8b\
\xe3H\x9a\x9d\xeb\x81\xf7\x02/\x8f\x88+\xaa\xc3\xf4U\
\xeb\xc7\xd7\xd6\x07\xb4\x00LEf>\x01x;\xb0E\
u\x16Ie.\x07\x9e\x13\x11\x1f\xab\x0e\xd2Gm\x1f\
_]\x0480\x99\xb943\xdf\x09|\x14\x07\x7fi\
\xe8\xb6\x00>\x9a\x99\xef\xccL\xd7\x84\x0d\x8c3\x00\x03\
\x92\x99\x1b\x03\x1f\x07\x1e^\x9dER\xeb\x1c\x07\x1c\x1a\
\x11\xd7V\x07\xe9\x8b\xb6\x8f\xaf\xce\x00\x0cDf\xae\x07\
|\x18\x07\x7fIk\xf6p\xe0\xe3\xce\x04\x0c\x87\x05`\
8\xde\x06<\xba:\x84\xa4V{8\xf0\x9f\xd5!4\
\x1b^\x02\x18\x80\xd1\x82\xbf\x8fV\xe7\x90\xd4\x19Ot\
a\xe0\xe2\xb5~|m}@\x0b\xc0\xa2\x8c\xb6\xfa\x9d\
\x01lY\x9dERg\x5c\x01\xec\x1a\x11\x97U\x07\xe9\
\xb2\xb6\x8f\xaf^\x02\xe8\xbf\xd7\xe2\xe0/i~6\x07\
^]\x1dB\xd3\xe5\x0c@\x8fe\xe6\xed\x81s\x81[\
Ug\x91\xd49\xd7\x03;xb\xe0\xc2\xb5}|u\
\x06\xa0\xdf\x9e\x87\x83\xbf\xa4\x85\xd9\x90\xe6\x88p\xf5\x94\
3\x00=\x95\x99\x01\x9c\x03lW\x1cERw]\x08\
l\xe7\x0d\x84\x16\xa6\xed\xe3\xab3\x00\xfdu/\x1c\xfc\
%-\xce64w\x06U\x0fY\x00\xfa\xeb\x80\xea\x00\
\x92za\xff\xea\x00\x9a\x0e\x0b@\x7f\xdd\xb3:\x80\xa4\
^p\x06\xa0\xa7,\x00\xfd\xb5Ku\x00I\xbd\xb0s\
u\x00M\x87\x05\xa0\xbf\xb6\xaa\x0e \xa9\x17\xeeX\x1d\
@\xd3a\x01\xe8\xaf\xcd\xaa\x03H\xea\x05\xdfKz\xca\
\x02 I\xd2\x00Y\x00\xfa\xeb\xea\xea\x00\x92z\xc1\xf7\
\x92\x9e\xb2\x00\xf4\x97\xc7wJ\x9a\x84\x8b\xab\x03h:\
,\x00\xfd\xf5\xcb\xea\x00\x92z\xe1\xcc\xea\x00\x9a\x0e\x0b\
@\x7f\xfd\xa0:\x80\xa4^\xf8~u\x00M\x87\x05\xa0\
\xbfN\xa8\x0e \xa9\x17N\xac\x0e\xa0\xe9\xf0f@=\
\xe5\xcd\x80$M\x807\x03Z\x84\xb6\x8f\xaf\xce\x00\xf4\
TD$\xf0\x91\xea\x1c\x92:\xed\x18\x07\xff\xfer\x06\
\xa0\xc72\xf3\xf6\xc0\xb9\xc0\xad\xaa\xb3H\xea\x9c\xeb\x81\
\x1d\x22\xc2\x1dE\x0b\xd4\xf6\xf1\xd5\x19\x80\x1e\x8b\x88_\
\x01GW\xe7\x90\xd4I\xefu\xf0\xef7g\x00z.\
37\x07\xce\x00\xb6\xac\xce\x22\xa93\xae\x00v\x8d\x88\
\xcb\xaa\x83tY\xdb\xc7Wg\x00z.\x22\xae\x00\x9e\
[\x9dCR\xa7<\xdb\xc1\xbf\xff,\x00\x03\x10\x11\x1f\
\x03\xdeU\x9dCR'\xbck\xf4\x9e\xa1\x9e\xf3\x12\xc0\
@d\xe6z\xc0'\x80\xc7Tg\x91\xd4Z\xc7\x01\x8f\
\x8e\x88\x15\xd5A\xfa\xa0\xed\xe3\xab3\x00\x03\x11\x117\
\x02O\xa6\xf9\x02\x97\xa4\xd5\x1d\x07\x1c\xea\xe0?\x1c\x16\
\x80\x01\x89\x88k\x81G\xe3\xe5\x00I7\xf7.\x9a\xef\
\xfc\xaf\xad\x0e\xa2\xd9\xf1\x12\xc0@e\xe6\x13\x80\xb7\x03\
[Tg\x91T\xe6r\xe09^\xf3\x9f\x8e\xb6\x8f\xaf\
\xce\x00\x0c\xd4\xe8\x0b~\x17\xe0\x1d4\x07~H\x1a\x8e\
\xebi\xbe\xf6wq\xf0\x1f.g\x00DfnE\xb3\
U\xf0\xc9\xc06\xc5q$M\xcf\x85\xc01\xc0\xdb<\
\xe4g\xfaZ?\xbe\xb6>\xa0\x05`f2s\x09\xb0\
7\xb0\xff\xe8\xc7\x9di\x0a\xc1&\xc0\x06u\xc9$\xcd\
\xd3\x0d\xc02\x9a\x01\xffL\x9a[\xfa\x9e\x08|\xdf\xb3\
\xfdg\xa7\xf5\xe3k\xeb\x03Z\x00$I\x1d\xd4\xf6\xf1\
\xd55\x00\x92$\x0d\x90\x05@\x92\xa4\x01\xb2\x00H\x92\
4@\x16\x00I\x92\x06\xc8\x02 I\xd2\x00Y\x00$\
I\x1a \x0b\x80$I\x03d\x01\x90$i\x80,\x00\
\x92$\x0d\x90\x05@\x92\xa4\x01\xb2\x00H\x924@\x16\
\x00I\x92\x06\xc8\x02 I\xd2\x00Y\x00$I\x1a \
\x0b\x80$I\x03d\x01\x90$i\x80,\x00\x92$\x0d\
\x90\x05@\x92\xa4\x01\xb2\x00H\x924@\x16\x00I\x92\
\x06\xc8\x02 I\xd2\x00Y\x00$I\x1a \x0b\x80$\
I\x03d\x01\x90$i\x80,\x00\x92$\x0d\x90\x05@\
\x92\xa4\x01\xb2\x00H\x924@\x16\x00I\x92\x06\xc8\x02\
 I\xd2\x00Y\x00$I\x1a \x0b\x80$I\x03d\
\x01\x90$i\x80,\x00\x92$\x0d\x90\x05@\x92\xa4\x01\
\xb2\x00H\x924@\x16\x00I\x92\x06\xc8\x02 I\xd2\
\x00Y\x00$I\x1a \x0b\x80$I\x03d\x01\x90$\
i\x80,\x00\x92$\x0d\x90\x05@\x92\xa4\x01\xb2\x00H\
\x924@\x16\x00I\x92\x06\xc8\x02 I\xd2\x00Y\x00\
$I\x1a \x0b\x80$I\x03d\x01\x90$i\x80,\
\x00\x92$\x0d\x90\x05@\x92\xa4\x01\xb2\x00H\x924@\
\x16\x00I\x92\x06\xc8\x02 I\xd2\x00Y\x00$I\x1a\
 \x0b\x80$I\x03d\x01\x90$i\x80,\x00\x92$\
\x0d\xd0\xd2\xea\x00j\xa7\xcc\xdc\x00\xd8\x1e\xd8\x1a\xd8\x14\
\xd8\xa06\x91\xa4y\xb8\x01\xb8\x06\xb8\x0887\x22n\
(\xce\xa3\x16\xb2\x00\xe8\x8f2\xf3\xbe\xc0c\x81\x03\x80\
\xbb\xe1\xbf\x0f\xa9\x0fVd\xe6O\x80\x13\x80OE\xc4\
\xb7\xab\x03\xa9\x1d\x223\xb3:\xc4\xbaDDTg\xe8\
\xb3\xcc\xbc\x15\xf0T\xe0\x1f\x80\x9dk\xd3H\x9a\x813\
\x81\x7f\x03\xde\x1f\x11\x7f\xa8\x0e\xd3g\xad\x1f_[\x1f\
\xd0\x0205\x99y0\xf0V`\xbb\xe2(\x92f\xef\
b\xe0\x9f#\xe2\x83\xd5A\xfa\xaa\xf5\xe3k\xeb\x03Z\
\x00&.3o\x0b\xbc\x07x\x5cu\x16I\xe5>\x09\
\xfcuD\xfc\xbe:H\xdf\xb4~|m}@\x0b\xc0\
De\xe6N\xc0\x97\x81\x1d\xab\xb3Hj\x8d\xb3\x81\x83\
\x22\xe2\xac\xea }\xd2\xf6\xf1\xd5m\x80\x03\x92\x99{\
\x00'\xe3\xe0/\xe9\xe6v\x04N\x1e\xbdGh \x9c\
\x01\x18\x88\xcc\xdc\x86f\xf0\xdf\xa6:\x8b\xa4\xd6\xba\x04\
\xd8'\x22\xce\xad\x0e\xd2\x07m\x1f_\x9d\x01\x18\x80\xcc\
\xdc\x10\xf8,\x0e\xfe\x92\xd6m+\xe0\xb3\x99\xb9Qu\
\x10M\x9f\x05`\x18\x8e\x04\xf6\xaa\x0e!\xa9\x13\xf6\x00\
\xdeX\x1dB\xd3\xe7%\x80\x9e\xcb\xcc{\x00\xdf\x05\xd6\
\xab\xce\x22\xa93n\x02\xee\x1b\x11\xdf\xab\x0e\xd2em\
\x1f_\x9d\x01\xe8\xbf\x7f\xc3\xc1_\xd2\xfc,\xa1\x999\
T\x8fY\x00z,3\xef\x03\xecW\x9dCR'\xed\
\x97\x99\xfbT\x87\xd0\xf4X\x00\xfa\xedy\xd5\x01$u\
\xda\xb3\xaa\x03hz\x5c\x03\xd0S\x99\xb9\x19\xf0+`\
\xe3\xea,\x92:\xebZ\xe0\xf6\x11quu\x90.j\
\xfb\xf8\xea\x0c@\x7f\xed\x8f\x83\xbf\xa4\xc5\xd9\x18x@\
u\x08M\x87\x05\xa0\xbf\xfc\xa2\x954\x09\xfbW\x07\xd0\
tX\x00\xfa\xcb#=%M\xc2]\xab\x03h:,\
\x00\xfd\xb5Su\x00I\xbd\xb0su\x00M\x87\x05\xa0\
\xbf\xb6\xac\x0e \xa9\x17\xb6\xa8\x0e\xa0\xe9\xb0\x00\xf4\xd7\
&\xd5\x01$\xf5\xc2\xa6\xd5\x014\x1d\x16\x80\xfe\xba\xbe\
:\x80\xa4^\xf8Cu\x00M\x87\x05\xa0\xbf\xae\xac\x0e\
 \xa9\x17\xae\xaa\x0e\xa0\xe9\xb0\x00\xf4\xd7y\xd5\x01$\
\xf5\xc2\xb9\xd5\x014\x1d\x16\x80\xfe\xfaEu\x00I\xbd\
pFu\x00M\x87\x05\xa0\xbfN\xae\x0e \xa9\x17\xbe\
U\x1d@\xd3a\x01\xe8\xaf\xaf\x01\xad>\x87ZR\xeb\
%p|u\x08M\x87\x05\xa0\xa7\x22\xe2|\xe0\xdb\xd5\
9$u\xda)\xa3\xf7\x12\xf5\x90\x05\xa0\xdf\xde[\x1d\
@R\xa7\x1d]\x1d@\xd3\xe3\xed\x80{,3\xd7\x07\
\xce\x02\xeeT\x9dER\xe7\x5c\x0c\xec\x10\x117T\x07\
\xe9\xaa\xb6\x8f\xaf\xce\x00\xf4XD,\x07^W\x9dC\
R'\xbd\xda\xc1\xbf\xdf\x9c\x01\xe8\xb9\xcc\x5c\x02\x9c\x02\
\xdc\xbb:\x8b\xa4\xce\xf8.p\xbf\x88\xb8\xa9:H\x97\
\xb5~\x11N^m\x00\x00\x10\x22IDAT|m\
}@\x0b\xc0\xa2e\xe6N\xc0\x0f\x81[Wg\x91\xd4\
z\xd7\x00{G\x84g\x89,R\xdb\xc7W/\x01\x0c\
@D\x9c\x05<\x1d\xb0\xcdKZ\x97\x9b\x80#\x1c\xfc\
\x87\xc1\x020\x10\x11q,\xf0<<\x1b@\xd2\x9a%\
\xf0\xbc\xd1{\x85\x06\xc0\x020 \x11\xf1v\xe0\x08`\
Eu\x16I\xadr#\xf0\xac\xd1{\x84\x06\xc25\x00\
\x03\x94\x99\x0f\x06>\x04\xdc\xae:\x8b\xa4r\xbf\x01\x0e\
\x8b\x88\xafV\x07\xe9\x9b\xb6\x8f\xaf\xce\x00\x0c\xd0\xe8\x0b\
}O\xe0\xe3\xd5Y$\x95\xfa8\xb0\xa7\x83\xff0-\
\xa1\xe5\xd3\xc1\x99\xb9\xb4:C\x1fE\xc4\xa5\x11\xf1\x04\
\xe0\x00\xe0\x84\xea<\x92f\xea\x04\xe0\x80\x88xBD\
\x5cZ\x1d\xa6\x8f:0v\xad\x88\xcc\x5c\x06l\x5c\x9d\
d\x1d6\x89\x88k\xabC\xf4]f\xee\x05<\x05x\
,\x9e\x1c(\xf5\xd1\x05\xc0\xa7\x80\x0fF\xc4\x8f\xab\xc3\
\xf4]fnB\xb3\xa5\xb2\xad\xae\x8d\xcc\xfc\x1dp\xdb\
\xea$\xeb\xf0g\x11\xf1\xfb\xea\x10C\x92\x99;\x02{\
\x03;\x03[\x03\x9b\x02\xeb\x97\x86\x924\x1f\xcbi\x06\
\x9f\x8b\x803\x81\xefG\xc4\xd9\xb5\x91\x86%37\x07\
.\xaf\xce\xb1\x0e\xbf[\x0a\xb4\xfd\xa8\xc7\x0d\xab\x03\x0c\
\xcd\xe8\x8d\xc27\x0bIZ\xb8\x0d\xaa\x03\xcc\xe1\x86%\
\xb4\xbf\x00lV\x1d@\x92\xa4y\xbaMu\x809\x5c\
\xbf\x04\xb8\xbe:\xc5\x1c\xb6\xa8\x0e I\xd2<m^\
\x1d`\x0e\xd7/\x01\xae\xaaN1\x07\x0b\x80$\xa9k\
\xb6\xac\x0e0\x87+\x97\xd0\xeeE\x0a`\x01\x90$u\
O\xdbg\x00\xae\xe8B\x01\xd8\xba:\x80$I\xf3\xb4\
Mu\x809\x5c\xb6\x04\xb8\xac:\xc5\x1c\xb6\xad\x0e \
I\xd2<mW\x1d`\x0e\x97ua\x06`\xbb\xea\x00\
\x92$\xcd\xd3v\xd5\x01\xe6py\x17\x0a\xc0\xf6\xd5\x01\
$I\x9a\xa7\xed\xaa\x03\xcc\xe1\x8a%\xc0\xc5\xd5)\xe6\
\xb0Cfz\x18\x90$\xa9\x132s#\xda_\x00.\
Z\x02\x9cW\x9db\x0eK\x81;W\x87\x90$iL\
\xbb\x01\xebU\x87\x98\xc3yK\x80\xf3\xabS\x8ca\x8f\
\xea\x00\x92$\x8d\xe9\xae\xd5\x01\xc6p\xde\x92\x88\xb8\x0c\
\xb8\xba:\xc9\x1c\xfe\xb2:\x80$Icj\xfb7\xad\
WF\xc4\xef\x97\x8c~qAi\x94\xb9\xdd\xbb:\x80\
$Ic\xbaOu\x809\x9c\x07\xb0\xb2\x00\x9c[\x97\
c,\xf7\xccLoG+Ij\xb5\xcc\xdc\x00\xb8G\
u\x8e9\x9c\x07\x7f*\x00?\xab\xcb1\x96\x8d\x81\xbb\
U\x87\x90$i\x0ew\x07nU\x1db\x0e?\x85?\
\x15\x80\xd3\x0a\x83\x8c\xeb\xfe\xd5\x01$I\x9aC\x17\xc6\
\xaa\x9b\x15\x80\xd3\x0b\x83\x8c\xeb\xc0\xea\x00\x92$\xcd\xe1\
!\xd5\x01\xc6p\x1a@\x00\x8c\x0e\xda\xb9\x86f\xcf}\
[]\x0bl\x1e\x11\xd7W\x07\x91$iu\xa3\x03\x80\
.\x076\xaa\xce\xb2\x0e\xcb\x81M#\xe2\x86%\x00\xa3\
A\xf5\xcc\xdaLs\xda\x18\xd8\xa7:\x84$Ik\xf1\
\x00\xda=\xf8\x03\x9c\x11\x117\xc0\x9f.\x01\x00\xfc\xa4\
(\xcc|<\xa2:\x80$Ik\xf1\xf0\xea\x00c8\
u\xe5OV-\x00\xdf)\x082_\x8f\xcf\xcc\xa8\x0e\
!I\xd2\xaa2s\x09\xf0\xd8\xea\x1cc\xf8\xf6\xca\x9f\
,Y\xd3o\xb6\xd8\xd6\xb4\xff\x80\x05I\xd2\xf0\xec\x03\
lU\x1db\x0c\xa7\xac\xfc\xc9\xaa\x05\xe0\xc7\xc0u\xb3\
\xcf2o\x8f\xaf\x0e I\xd2j\xba06-cM\
\x97\x00\x22b9\xf0\x83\x8aD\xf3\xf4\xbf=\x15P\x92\
\xd4\x16\x99\xb9\x148\xa4:\xc7\x18\xbe\x1b\x11+V\xfe\
b\xc9j\x7fx\x0a\xedw{\xe0\xa0\xea\x10\x92$\x8d\
\x1cL36\xb5\xdd\xcd\xc6\xf8\xd5\x0b\xc0I3\x0c\xb2\
\x18O\xaf\x0e I\xd2\xc8\x11\xd5\x01\xc6\xf4\xcdU\x7f\
q\xb3\x15\xf5\x99\xb9\x09\xcd!\x06\x1b\xce2\xd1\x02\xac\
\x00\xb6\x8d\x88K\xaa\x83H\x92\x86+3\xefHss\
\x9d6\x1f\xa4\x07\xcd\x1a\xbf-\x22\xe2\x8fk\xfdn6\
\x03\x10\x11\xcb\x80\x93g\x9dj\x01\x96\x02\xcf\xae\x0e!\
I\x1a\xbc\xe7\xd2\xfe\xc1\x1f\xe0\xa4U\x07\x7f\xb8\xe5%\
\x00\x80\xaf\xcc(\xccb=k4c!I\xd2\xcce\
\xe6\xc6\xc0\xdfT\xe7\x18\xd3-\xc6\xf6.\x17\x80\xcd\x81\
\xc3\xaaCH\x92\x06\xebi\xc0\x16\xd5!\xc6t\x8b\xb1\
\xfd\x16\xa7\xea\x8dN\xda\xbb\x18\xb8\xc3,\x12-\xd2Y\
\xc0]V\xdd\xd6 I\xd2\xb4\x8d\xb6\xa3\x9f\x01l_\
\x9de\x0c\x17F\xc4\x9dV\xff\xcd[\xcc\x00DD\x02\
\x9f\x99I\xa4\xc5\xdb\x09xRu\x08I\xd2\xe0\x1cN\
7\x06\x7f\x80O\xaf\xe97\xd7x\xae~f>\x108\
~\xaaq&\xe7l\xe0\xce\xce\x02H\x92f\xa1c\xdf\
\xfd\x03\xec\x17\x11\xdf\x5c\xfd7\xd7\xb4\x06\x00\xe0\x1b\xc0\
o\xa7\x9bgbv\x04\x9eR\x1dB\x924\x18G\xd0\
\x9d\xc1\xffR\xd6\xb2\xbbo\x8d\x05 \x22nd-S\
\x06-\xf5Zw\x04H\x92\xa6-37\x05^U\x9d\
c\x1e>\x19\x117\xad\xe9\x0f\xd66\x03\x00\xf0\x89)\
\x85\x99\x86\xad\x80\x17U\x87\x90$\xf5\xde?\xd3\x8dE\
\xf2+\xadu,_\xe3\x1a\x00\xf8\xe3\xcd\x0d.\x02\xfe\
b\x1a\x89\xa6\xe0Z`\xd7\x88\xb8\xa8:\x88$\xa9\x7f\
2s[\xe0\xe7\xc0F\xd5Y\xc6t1\xcd\xa9\xb97\
\xae\xe9\x0f\xd7:\x030ZT\xf7\xa1i\xa5\x9a\x82\x8d\
\x81\xb7T\x87\x90$\xf5\xd6\xbf\xd3\x9d\xc1\x1f\xe0\x03k\
\x1b\xfca\x1d3\x00\x00\x99\xb9+M\xdbY\xe7\xe3Z\
\xe6Q\x11\xf1\xb9\xea\x10\x92\xa4\xfe\xc8\xcc\xc7\x00\x9f\xaa\
\xce1\x0f\x09\xec\x12\x11g\xad\xed\x01s\x0e\xec\x99y\
2p\xbfI\xa6\x9a\xb2\x0b\x80\xbbF\xc4\xd5\xd5A$\
I\xdd\x97\x99\xb7\x06~\x0al]\x9de\x1e\xbe\x11\x11\
\xfb\xaf\xeb\x01\xebZ\x04\xb8\xd2{'\x93ef\xee\x04\
\xbc\xa1:\x84$\xa97\xdeD\xb7\x06\x7f\x80\xf7\xcd\xf5\
\x80qf\x006\x05.\x016\x9bD\xa2\x19I\xe0\xe1\
\x11\xf1\xa5\xea \x92\xa4\xee\xca\xccG\x00\x9f\xa3[\x97\
\xc2\xaf\x02\xb6\x1a\xdd\xe1w\xad\xe6\x9c\x01\x88\x88k\x80\
\xf7O(\xd4\xac\x04\xf0\xfe\xcc\xec\xca\x0e\x06IR\xcb\
d\xe6\x9f\x03\xef\xa6[\x83?\xc0\xd1s\x0d\xfe0\xe6\
\x7fTf\xeeDs\xec\xe18\x97\x0c\xda\xe4s\xc0\xa3\
G\xf77\x90$i,\xa3\x1b\xe3}\x01xXu\x96\
y\xba\x91f\xf1\xdf9s=p\xac\x01}\xb4\x8a\xb0\
\x8b+\xeb\x1f\x09\xbc\xb8:\x84$\xa9s\xfe\x85\xee\x0d\
\xfe\x00\x9f\x1eg\xf0\x87yLkd\xe6~4\xf7\x08\
\xe8\x9a\x9b\x80\x87F\xc4W\xab\x83H\x92\xda/3\x1f\
\x04|\x05X\xaf:\xcb\x02\xdc?\x22N\x19\xe7\x81\xf3\
\xba\xae\x91\x99?\x00\xee\xb1\xa0H\xb5~\x03\xec\x1d\x11\
\x17T\x07\x91$\xb5\xd7\xe8\xb4\xbf\x1f\x00[VgY\
\x80\xefE\xc4\xbd\xc7}\xf0|\xaf\xe9\x1f9\xcf\xc7\xb7\
\xc5\xed\x80/\x8c\xf6rJ\x92t\x0b\x99y\x1b\xe08\
\xba9\xf8\x03\xbcq>\x0f\x9e\xef\x0c\xc0\x12\xe0\x7f\x80\
=\xe6\xf3y-\xf2\x15\xe0\x11\xa3c\x8e%I\x02 \
3\xd7\xa7\x19\xfc\x0f\xac\xce\xb2@\xa7\x03w[\xdb\x9d\
\xff\xd6d^3\x00\xa3'~\xdd|S\xb5\xc8C\x80\
w\x8eVwJ\x92\xb4r\xc5\xffQtw\xf0\x07x\
\xc5|\x06\x7fX\xc0\xde\xc6\xd1\xff\xa8\xff\x01\xfer\xbe\
\x9f\xdb\x22\xff\x11\x11/\xa8\x0e!I\xaa\x97\x99o\xa2\
\xdb\xb7\x94?\x0d\xd8s\xbe\x05`\xde\xfb\xfaG{\xea\
\xbb<\x0b\x00\xf0\xfc\xcc|Eu\x08IR\xad\xcc|\
\x15\xdd\x1e\xfca\x01\xdf\xfd\xc3\x02O7\x1a\xad\x05\xf8\
!\xb0\xe7B>\xbfE^\x14\x11o\xae\x0e!I\x9a\
\xbd\xcc|\x11\xcd9\xff]\xf6\x03\xe0^\x0b9\xf0n\
A'\xfb\x8d\x9a\xc6\xdf/\xe4s[\xe6\xc8\xcc\xf4\xc6\
A\x9240\x99\xf9\x12\xba?\xf8\x03\xfc\xe3BO\xbb\
]\xf0\xd1\xbe\x11q\x22\xdd<\x1dpu/\xc9\xcc\xff\
ta\xa0$\xf5_fFf\xbe\x99~\xdc5\xf6\xd8\
\x888i\xa1\x9f\xbc\xa8A/3w\xa1\xd9z\xb0\xfe\
b\x9e\xa7%\xde\x0b<\xd3-\x82\x92\xd4O\xa3\xad~\
\xff\x0f8\xa2:\xcb\x04\x5c\x0f\xec\x1e\x11g/\xf4\x09\
\x16us\x9f\x88\xf8%\xf0\xf6\xc5<G\x8b<\x1d\xf8\
\xd2\xe8 \x08IR\x8fd\xe6f\xc0g\xe9\xc7\xe0\x0f\
\xf0\xd6\xc5\x0c\xfe0\x81[\x1cf\xe6\xe64w\x0a\xec\
\xea\xc9I\xab;\x0dxxD\x5cX\x1dD\x92\xb4x\
\xa3\xe3}\x8f\x03v\xaf\xce2!\xbf\x06v\x8d\x88+\
\x17\xf3$\x8b\xbe\xbdoD\x5c\x01\xfc\xe3b\x9f\xa7E\
\xf6\x00~\x94\x99]>\x10B\x92\x04d\xe6\xfe\xc0w\
\xe9\xcf\xe0\x0f\xf0\xf7\x8b\x1d\xfca\x02\x05\x00 \x22>\
\x08\xfc\xf7$\x9e\xab%\xb6\xa4\xb9\x1c\xf0\xaa\xd1\x96G\
IR\x87\x8c\x16\xfb\xbd\x04\xf8\x1a\xf0\x17\xd5y&\xe8\
\xcb\x11\xf1\x91I<\xd1\xc4V\xbeg\xe6\x8e4\xd3\xe7\
\x1bM\xea9[\xe2\xf3\xc0\xd3#\xe2\xb7\xd5A$I\
s\xcb\xcc\xdb\x01G\x03\x0f\xaf\xce2a\xcb\x80\xbbF\
\xc4y\x93x\xb2\x89}w;Z\x8c\xf0\x9aI=_\
\x8b\x1c\x0c\x9c\x9e\x99\x07W\x07\x91$\xad[f>\x84\
\xe6\xb8\xfa\xbe\x0d\xfe\x00\xaf\x9a\xd4\xe0\x0f\x13\x9c\x01\x00\
\xc8\xcc\xa5\xc0\xf7\x80\xbd&\xf9\xbc-\x91\xc0\xbb\x80\x97\
D\xc4\xd5\xd5a$I\x7f2\xba\xdd\xfb\x9b\x80g0\
\xe1\xb1\xad%~\x00\xdcw\x92[\xd5'\xfe?)3\
\xefBsLp\xdf.\x05\xact)\xf0\xbc\x888\xb6\
:\x88$\x09F3\xb4o\x03\xeeT\x9deJ\xfe\x00\
\xec\x1d\x11\xa7O\xf2I'\xbe\xc0-\x22~\x0e\xbct\
\xd2\xcf\xdb\x22w\x00>\x91\x99\xc7f\xe66\xd5a$\
i\xa82\xf3N\x99\xf9i\x9aSi\xfb:\xf8Cs\
\xdc\xefD\x07\x7f\x98\xd24\xc9\xe8X\xdd/\x00\x0f\x9b\
\xc6\xf3\xb7\xc8u\xc0[\x81\x7f\x8d\x88\xab\xaa\xc3H\xd2\
\x10d\xe6&4w\xf0{1\xfd\x9dm^\xe9+\xc0\
C\x17z\xde\xff\xbaL\xed:Ifn\x05\x9c\x0al\
1\xad\xd7h\x91K\x81W\x00\x1f\x88\x88\xe5\xd5a$\
\xa9\x8fFG\xf9\x1e\x01\xbc\x1a\xb8}q\x9cY\xf8-\
\xb0GD\xfcz\x1aO>\xb5=\xee\x11q\x09\xcd\xf1\
\xba\x13o--t\x07\xe0\xdd\xc0/2\xf3\x88\xd1b\
HI\xd2\x04d\xe6\xfa\x99\xf9\xd7\xc0/i\xce\xf2\x1f\
\xc2\xe0\x7f\x13p\xc4\xb4\x06\x7f\x98b\x01\x00\x88\x88\xcf\
\x02o\x9c\xe6k\xb4\xcc\x0e4{O\x7f\x91\x99\xcf\xca\
\xcc\x8d\xab\x03IRWe\xe6&\x99\xf9\x1c\x9a\xe3\xe6\
\xdf\x0dlW\x9bh\xa6^\x1f\x11\xc7M\xf3\x05\xa6\xbe\
U\x223\xd7\xa3\xb9\x86\xf1\xa0i\xbfV\x0b]A\xd3\
V\xdf\x1e\x11\x17W\x87\x91\xa4.\xc8\xcc;\x02\xcf\xa5\
\xd9\xd2\xb7yq\x9c\x0a_\x01\x1e\x16\x117M\xf3E\
f\xb2Wrt\xc3\xa0\x1f2\xac\xf6\xb6\xaa\x9b\x80\xaf\
\x03G\x01\x9fq\x9d\x80$\xdd\xdc\xe8\x9b\xc5\x03h\x06\
\xfdG\xd3\x8f\xdb\xcc/\xc4\x05\xc0=\x22\xe2\xb2i\xbf\
\xd0\xcc\x0eK\xc8\xcc{\x03\xdf\x006\x9c\xd5k\xb6\xd4\
\xaf\x81\x8f\x01\x9f\x00N\x99v\xc3\x93\xa4\xb6\x1a\xddk\
\xe5\xfe\xc0!\xc0\x13\x80\xdb\xd5&*\xf7\x07`\xdf\x88\
\xf8\xc1,^l\xa6\xa7%e\xe6a\xc0\x07f\xfd\xba\
-v\x09\xf0I\x9a\xdbT\x9e\x14\x11\xd7\x15\xe7\x91\xa4\
\xa9\xca\xcc\x8d\x80\x07\x00\x8f\x00\x1eK\xb3\x88Z\xcd\x82\
\xf9\xc3\x22\xe2\xc3\xb3z\xc1\x99\x0f\xc4\x99\xf9*\xe0\x95\
\xb3~\xdd\x0e\xb8\x0e8\x89\xe6\xda\xcf\xc9\xc0\x8f\xbdT\
 \xa9\xebF[\xf7\xee\x0e\xec\x03<\x18\xd8\x0f\xb8U\
i\xa8vzED\xbcv\x96/XQ\x00\x82f\x16\
\xe0\xb0Y\xbfv\xc7\x5cGs\xf6\xf3wi\xee\xb2x\
\x1a\xf0\xb3\x88\xb8\xbe4\x95$\xad\xc5\xe8\xbb\xfb\xbb\x00\
{\x8c>\xee\x0d\xdc\x13\x07\xfc\xb9|\x80f\xcb\xdfL\
\xb7\xcd\x97L\xc5g\xe6\x06\xc0Wi\xa6\x814\xbe\x15\
\xc0\xb9\xc0y\xc0\xf9\xa3\x1f/\x02.\x1f}\x5c\x01\xfc\
\x0eX\x0e\xdc\xe8\xe9\x84\x92\x16kt\x93\x9d\xf5\x80\xa5\
4+\xf2\xb7X\xe5\xc7m\x80mi\x16xo?\xfa\
q\xbd\x8a\x9c\x1dv\x02pPD\xdc0\xeb\x17.\xbb\
\x16?\xda\x19p\x12\xb0{U\x06I\x92\x0a\x9d\x06\xec\
\x17\x11\xbf\xafx\xf1\xd2\xc5x\x99y;\x9a\x12\xb0k\
e\x0eI\x92f\xec,\x9a\xc1\xff\xd2\xaa\x00\xe5\xab\xf1\
Gw\xd4;\x89\xe1\x9e\x11 I\x1a\x96\x0bi\x06\xff\
\xf3*CL\xf5(\xe0qD\xc4\x85\xc0\x8147\xd4\
\x91$\xa9\xcf~\x03<\xb8z\xf0\x87\x16\x14\x00\x80\x88\
8\x0bx\x08\xcdB6I\x92\xfa\xe8r\xe0A\x11\xf1\
\x8b\xea \xd0\x92\x02\x00\x10\x11\xa7\x01\xfb\xd2\x1c\x8e#\
IR\x9f\xfc\x1ax`D\x9c^\x1dd\xa5\xf25\x00\
\xab\xcb\xcc\xed\x81\xe3i\xb6\x94H\x92\xd4u\x17\x00\x7f\
\x15\x11gV\x07YUkf\x00V\x8a\x88s\x81\xfd\
\x81V\xfd\x8f\x92$i\x01\xce\x05\x0eh\xdb\xe0\x0f-\
,\x00\x00\x11q\x01M\x09\xf8Yq\x14I\x92\x16\xea\
4\xe0~\x11qNu\x905ie\x01\x00\x88\x88K\
h\xce\x8e>\xb18\x8a$I\xf3\xf5u\x9a\xad~\xbf\
\xaa\x0e\xb26\xad-\x00\x00\x11\xf1;\x9a\xdd\x01\x1f\xaa\
\xce\x22I\xd2\x98\xde\x0f<\xb4\xea\x84\xbfq\xb5\xba\x00\
\x00\x8c\xceG>\x1cx5\xcd\xed\x12%Ij\xa3\xa4\
\x19\xab\x9eVq\xb6\xff|\xb5n\x17\xc0\xbad\xe6S\
\x80\xa3\x80\x0d\xab\xb3H\x92\xb4\x8a\xeb\x81\xa7G\xc4\x87\
\xab\x83\x8c\xabS\x05\x00 3\xef\x0e|\x12\x8f\x0e\x96\
$\xb5\xc3\x85\xc0\xa1\x11\xf1\x9d\xea \xf3\xd1\xfaK\x00\
\xab\x8b\x88\x1f\xd1\xdc_\xfa\xab\xd5Y$I\x83w\x02\
p\xcf\xae\x0d\xfe\xd0\xc1\x02\x00\x10\x11\x97\x03\x0f\xa3\xb9\
\xd6rSq\x1cI\xd2\xf0$\xf0F\xe0\xc0\x88\xf8M\
u\x98\x85\xe8\xdc%\x80\xd5e\xe6#\x81\xf7\x02[V\
g\x91$\x0d\xc2o\x80#\x22\xe2\x8b\xd5A\x16\xa3\x93\
3\x00\xab\x8a\x88\xcf\x01w\x05\xbeP\x9dE\x92\xd4{\
_\x05\xf6\xea\xfa\xe0\x0f=(\x00\x00\x11\xf1k\xe0\x91\
\xc0\xdf\x02\xcb\x8a\xe3H\x92\xfa\xe7:\xe0\x05\xc0A\xa3\
\x83\xea:\xaf\xf3\x97\x00V\x97\x99\xbb\xd1\x1c\x1ct\xf7\
\xea,\x92\xa4^\xf8!\xf0\xe4\xb6\xdc\xc6wRz1\
\x03\xb0\xaa\x88\xf8\x19po\x9a\xa6vMq\x1cIR\
w]G\xb3\xd8\xfc~}\x1b\xfc\xa1\x873\x00\xab\x1a\
\xddZ\xf8\x9d4\xc7\x09K\x924\xae\x13\x80gF\xc4\
/\xab\x83LK\xeff\x00V\x15\x11\xe7F\xc4A\xc0\
\xa14\xab6%IZ\x97_\x03\x87G\xc4\x03\xfb<\
\xf8C\xcf\x0b\xc0J\x11\xf1\x09`W\x9a=\x9b\xd7\x17\
\xc7\x91$\xb5\xcfr\xe0\xad\xc0\x9d#\xe2\x83\xd5af\
\xa1\xd7\x97\x00\xd6$3w\x02\xfe\x158\xa4:\x8b$\
\xa9\x15\xbe\x00\xbc \x22\xce\xae\x0e2K\x83+\x00+\
e\xe6\x03\x80\x7f\xc3\xdd\x02\x924T?\x00\xfe!\x22\
\xbeY\x1d\xa4\xc2 .\x01\xacID|\x83\xe6\x9e\x02\
\x8f\xa4\xd9\xe2!I\x1a\x86\xd3i\xd6\x86\xddk\xa8\x83\
?\x0cx\x06`U\x99\x19\xc0#\x80W\xe1\x8c\x80$\
\xf5\xd5\xe9\xc0k\x80c#\x22\xab\xc3T\xb3\x00\xac\x22\
3\x97\x00\x8f\x05^\x0c\xec]\x1cG\x924\x19\xdf\x05\
\xde\x04|\xda\x81\xffO,\x00k\x91\x99\xf7\x00\x9e\x0f\
\xfc/`iq\x1cI\xd2\xfc\xdc\x04|\x11\xf8\x8f\x88\
\xf8Zu\x986\xb2\x00\xcc!3w\xa0)\x02O\x05\
n]\x9bF\x924\x87\xab\x80\xa3\x81\xb7F\xc4\xb9\xd5\
a\xda\xcc\x020\xa6\xcc\xbc\x15p0\xf0\x0c\xe0A\xf8\
\xffN\x92\xda\xe4\x87\xc0Q\xc0\x7fE\x84\xc7\xc0\x8f\xc1\
Al\x012s\x17\xe0\x08\xe0p\xe0\x0e\xc5q$i\
\xa8.\x01>\x00\xbc/\x22\xce\xac\x0e\xd35\x16\x80E\
\x18-\x1a\xbc\x1f\xcd\xa1B\x87`\x19\x90\xa4i\xbb\x0c\
\xf8\x12\xf0\x09\xe0K\x11\xb1\xa28OgY\x00&$\
3\xd7\x03\xf6\xa1)\x02\x8f\x02\xb6\xaeM$I\xbdq\
!\xf0\x19\xe0X\xe0[\x11qSq\x9e^\xb0\x00L\
\xc9h\xf1\xe0_\x8d>\x1e\x0alZ\x9bH\x92:\xe3\
:\xe0d\xe0k\xa3\x8f\x1f\xb9}o\xf2,\x003\x90\
\x99\x1b\x01\x0f\x00\xf6\x05\xeeOs\x02\xe1&\xa5\xa1$\
\xa9=\x96\x01\xdf\xa7\x19\xf4O\x02\xbe\x19\x11\xd7\xd5F\
\xea?\x0b@\x81\xcc\x5c\x0a\xec\x09\xdcw\xf4\xf1\x97\xc0\
.\xc0\xfa\x95\xb9$i\x06\x96\x03g\x00\xa7\x02\xdf\x01\
N\x01~\xe2\xb5\xfc\xd9\xb3\x00\xb4Dfn\x00\xdc\x19\
\xd8\x1d\xd8\x03\xb8\x0b\xb0\x03\xb0-p\x9b\xc2h\x92\xb4\
\x10W\x02\xe7\x03\xe7\x00?\x07N\x03~\x0a\xfc\x22\x22\
n\xa8\x0c\xa6\x86\x05\xa0\x032\xf3\xcf\x80\xedh\xca\xc0\
6\xc0\x16\xc0\xe6\xa3\x1f\xb7\x00\xb6\x04\xfel\xf4\xf0[\
\x03\xeb\xd1\x9c^\xb8\xd9\xac\xb3J\xea\x9d\xab\x80\x1b\x81\
\x15\xc0\xd5\xa3\xdf\xfb\x1d\xcdj\xfc\xcbW\xfb\xb8\x088\
\x0f8?\x22~7\xf3\xa4\x9a\x97\xff\x0f[\xa6W\xff\
\x95\xe2;\xc1\x00\x00\x00\x00IEND\xaeB`\x82\
\
\x00\x00\x11\xa7\
\x89\
PNG\x0d\x0a\x1a\x0a\x00\x00\x00\x0dIHDR\x00\
\x00\x02\x00\x00\x00\x02\x00\x08\x06\x00\x00\x00\xf4x\xd4\xfa\
\x00\x00\x00\x04sBIT\x08\x08\x08\x08|\x08d\x88\
\x00\x00\x00\x09pHYs\x00\x00\x0e\xc4\x00\x00\x0e\xc4\
\x01\x95+\x0e\x1b\x00\x00\x00\x19tEXtSof\
tware\x00www.inksca\
pe.org\x9b\xee<\x1a\x00\x00\x11$ID\
ATx\x9c\xed\xdd[\xccegY\x07\xf0\xff[\x08\
Sh\xe9\x11\x81\x00Rh\x85\x86\xa6\x95V\xc3h)\
\x900U\x08\xa5\x80T\x02zC0b\xc4\x88'\x12\
(\x5cT\x09s\x01\xb5\x11\xbdQ\x9bp!m\xa3\x86\
P\x8b!i\xa3\x81\xd6\x10NU\x0e\x9d&\x1c\x22B\
\x87\xc1@\xd2B\xa1\x94\x19q\x06\xd3\xc7\x8b\xef+\xe1\
0\x93\x1e\xbe\xfd}\xcfZ{\xfd~\xc9\x5c\xcd\xc5\xf3\
\xdf\xd9\xfb[\xef\x7f\xbfk\xed\xb5\x12\x00\x00\x00\x00\x00\
\x00\x00\x00\x00\x00\x00\x00\x00\x00\x00\x00\x00\x00\x00\x00\x00\
\x00\x00\x00\x00\x00\x00\x00\x00\x00\x00\x00\x00\x00\x00\x00\x00\
\x00\x00\x00\x00\x00\x00\x00\x00\x00\x00\x00\x00\x00\x00\x00\x00\
\x00\x00\x00\x00\x00\x00\x00\x00\x00\x00\x00\x00\x00\x00\x00\x00\
\x00\x00\x00\x00\x00\x00\x00\x00\x00\x00\x00\x00\x00\x00\x00\x00\
\x00\x00\x00\x00\x00\x00\x00\x00\x00\x00\x00\x00\x00\x00\x00\x00\
\x00\x00\x00\x00\x00\x00\x00\x00\x00\x00\x00\x00\x00\x00\x00\x00\
\x00\x00\x00\x00\x00\x00\x00\x00\x00\x00\x00\x00\x00\x00\x00\x00\
\x00\x00\x00\x00\x00\x00\x00\x00\x00\x00\x00\x00\x00\x00\x00\x00\
\x00\x00\x00\x00\x00\x00\x00\x00\x00\x00\x00\x00\x00\x00\x00\x00\
\x00\x00\x00\x00\x00\x00\x00\x00\x00\x00\x00\x00\x00\x00\x00\x00\
\x00\x00\x00\x00\x00\x00\x00\x00\x00\x00\x00\x00\x00\x00\x00\x00\
\x00\x00\x00\x00\x00\x00\x00\x00\x00\x00\x00\x16at\x07\xe0\
\xc1\xa9\xaa\xe3\x92\xfcR\x92\x8b\x93\xfc|\x92\xa7%9\
m\xf3\xbf\xefNr \xc9\xedInN\xf2\x1fc\x8c\
\xfb\x1ab\x02\x00\xabPU\x8f\xae\xaa\xb7T\xd5\x81z\
\xf0\xbeZUo\xae\xaaGw\xe7\x07\x00\x1e\x82\xaa\x1a\
U\xf5[U\xf5\xdf\x0fa\xe1\xffI_\xab\xaa\xd7U\
\x95\x9d\x1e\x00\x98\xba\xaa:\xbe\xaa\xfe~\x0b\x0b\xffO\
z\x7fU=\xa6\xfbu\x01\x00\xc7PUO\xa9\xaa\xcf\
\xaep\xf1\xbf\xdfg\xaa\xea\xc9\xdd\xaf\x0f\x00\xf8\x09U\
ubU\xdd\xbe\x0d\x8b\xff\xfd\xf6U\xd5\x89\xdd\xaf\x13\
\x00\xd8TU\xc7U\xd5?o\xe3\xe2\x7f\xbf\x0f\xd4\xc6\
/\x0a\x00\x80nU\xf5\x87;\xb0\xf8\xdf\xef\x8f\xbb_\
/\x00\xbd\x5c\x1d>\x01Uur\x92/'y\xdc\x0e\
\x8d\xfc^\x92g\x8c1\xee\xdc\xa1y\x00L\x8c\xad\xe0\
ixKvn\xf1O\x92\xc7&y\xd3\x0e\xce\x03`\
b\xec\x004\xab\xaa\xe3\x93|#\xc9\xa9;<\xfa\xdb\
I\x9e4\xc68\xbc\xc3s\x01\x98\x00;\x00\xfd^\x9c\
\x9d_\xfc\x93\x8d\xdb\x08\xbf\xa8a.\x00\x13\xa0\x00\xf4\
\xfb\x95\x85\xce\x06\xa0\x91\x02\xd0\xef\x17\x1ag_\xd08\
\x1b\x80F\x0a@\xbf\xb3\x1ag\xff\x5c\xe3l\x00\x1a)\
\x00\xfdNY\xe8l\x00\x1a\xf9\x15@\xb3\xaa\xaa\xce\xf9\
c\x0c\x9f\x01\x80\x05\xb2\x03\x00\x00\x0b\xa4\x00\x00\xc0\x02\
)\x00\x00\xb0@\x0a\x00\x00,\x90\x02\x00\x00\x0b\xa4\x00\
\x00\xc0\x02)\x00\x00\xb0@\x0a\x00\x00,\x90\x02\x00\x00\
\x0b\xa4\x00\x00\xc0\x02)\x00\x00\xb0@\x0a\x00\x00,\x90\
\x02\x00\x00\x0b\xa4\x00\x00\xc0\x02)\x00\x00\xb0@\x0a\x00\
\x00,\x90\x02\x00\x00\x0b\xa4\x00\x00\xc0\x02)\x00\x00\xb0\
@\x0a\x00\x00,\x90\x02\x00\x00\x0b\xa4\x00\x00\xc0\x02)\
\x00\x00\xb0@\x0a\x00\x00,\x90\x02\x00\x00\x0b\xa4\x00\x00\
\xc0\x02)\x00\x00\xb0@\x0a\x00\x00,\x90\x02\x00\x00\x0b\
\xa4\x00\x00\xc0\x02)\x00\x00\xb0@\x0a\x00\x00,\x90\x02\
\x00\x00\x0b\xa4\x00\x00\xc0\x02)\x00\x00\xb0@\x0a\x00\x00\
,\x90\x02\x00\x00\x0b\xa4\x00\x00\xc0\x02\x8d\xee\x00\xabT\
U\xc7'yq\x92\x8b\x93\xfcb\x92\xb3\x92\x9c\x92d\
Wg.\x1e\xb6\xc3I\xeeI\xf2\xe5$\x9fM\xf2\xe1\
$\xff:\xc68\xdc\x9ajE\xaa\xea\x19I.M\xf2\
\xfc$\xe7$yB6>\xaf\xc0\xce\xf8A6\x8e1\
\xfb\x93\xecKrK\x92\x1b\xc7\x18\x07[S\xed\x90\xb5\
(\x00Uur\x92\xb7$\xf9\xbd$\xa76\xc7a{\
}'\xc9\xdf$\xf9\xf31\xc6\xbd\xdda\x1e\x8e\xaaz\
A\x92\xbdI^\xd0\x9d\x05\xf8)\x87\x92\xbc7\xc9\xde\
1\xc6\x9d\xcdY\xb6\xd5\xac\x0b@U\x1d\x97\xe4\x8dI\
\xaeH\xf2\xb8\xe68\xec\xacofc\x11\xfd\xeb1\xc6\
}\xdda\x1e\x8c\xcdo\xfc\x7f\x91\xe4e\xddY\x80\x07\
t0\xc9UI\xde5\xc68\xd2\x1df;\xcc\xb6\x00\
T\xd5\x89I\xaeK\xf2k\xddYhuS\x92\xdf\x9c\
\xfan@U\xbd(\xc9\xfbb\x8b\x1f\xe6\xe6\x13I.\
[\xc7\xdd\x80Y\x16\x80\xaazJ6\x0e\xfc\xe7ug\
a\x12nO\xf2\xd21\xc6\xd7\xbb\x83\x1cMU\xbd1\
\xc9_%yDw\x16\xe0a9\x90\xe4\x921\xc6\x17\
\xba\x83\xac\xd2\xec\x0a@U=:\xc9G\x92<\xa7;\
\x0b\x93r[\x92\xe7\x8f1\x0eu\x07\xf9QUuY\
\x92\xeb3\xc3\xbf5\xe0\xc7\x1cH\xb2{\x8cqWw\
\x90U\x99\xd5\xcf\x00\xabj$\xf9\xbbX\xfc\xf9i\x17\
$\xb9f\xf332\x09UuA\x92kc\xf1\x87u\
pF\x92\x1b\xaajm~U6\xab\x02\x90\xe4uI\
^\xd3\x1d\x82\xc9\xfa\xf5$\xaf\xef\x0e\x91$U\xf5\xc8\
$\xff\x98\xe4\x84\xee,\xc0\xca\x5c\x94\x8d\x8b\xce\xd7\xc2\
l\xbe\x99ln\xfd\x7f)\xc9S\xba\xb30iw'\
9\xb3\xfb\xa2\xc0\xaa\xfa\xdd$Wwf\x00\xb6\xc5\xe1\
$\xcf\x1ac\xec\xef\x0e\xb2Us\xda\x01\xf8\x83X\xfc\
y`\xa7'\xf9\xfd\xce\x00U\xf5\x98$o\xef\xcc\x00\
l\x9b]I.\xef\x0e\xb1\x0a\xb3\xd8\x01\xd8<\xaf\xfb\
\x95$O\xef\xce\xc2,\x1cH\xf2\xf41Fu\x0c\xaf\
\xaa\xd7&\xb9\xa6c6\xb0#\x0e%y\xe2\xdc\xef\x18\
8\x97\x1d\x80\x0bc\xf1\xe7\xc1;#\xc9\xee\xc6\xf9\xaf\
n\x9c\x0dl\xbf\x13\x92\x5c\xd2\x1db\xab\xe6R\x00^\
\xd8\x1d\x80\xd9\xd9\xd31t\xf3\xe2?\xb7\xf8\x85\xf5\xd7\
r\x8cY\xa5\xb9\x14\x80\xf3\xbb\x030;\xcfn\x9a{\
f\x92\xc76\xcd\x06vN\xd71fe\xe6R\x00l\
\xff\xf3P\x9d\xb9\xb0\xb9\xc0\xce\x9a\xfd\xdf\xfa\x5c\x0a\xc0\
I\xdd\x01\x98\x9d\x93\x9b\xe6\xfa\xac\xc22t\x1dcV\
f.\x05\x00\x00X\xa1\xb9\x14\x80I?\xe9\x8dI\xfa\
\xee\xc2\xe6\x02;k\xf6\x7f\xebs)\x00\xb3\xbf\xe3\x12\
;\xee\x8e\xa6\xb9>\xab\xb0\x0c]\xc7\x98\x95\x99K\x01\
\xd8\xd7\x1d\x80\xd9\xe9\xfa\xcc\xdc\x91\xe4{M\xb3\x81\x9d\
3\xfbui.\x05\xe0\xe6\xee\x00\xccN\xcbgf\x8c\
\xf1\x7fI>\xd61\x1b\xd8Q\xb3_\x97\xe6R\x00\xfe\
=\xb6Vy\xf0\xbe\x9a\xe4\xd3\x8d\xf3\xafo\x9c\x0dl\
\xbfCI\xfe\xa5;\xc4V\xcd\xa2\x00l\xde\xd3\xfdo\
\xbbs0\x1bWw=\x07`\xd3\xfb\x93|\xa7q>\
\xb0\xbd\xae\x9d\xfbs\x00\x92\x99<\x0c(\xf9\xe1\xe3\x80\
\xff3\xc9\xcfvga\xd2\xbe\x95\x8d\xc7\x01\xb7\x9e\x87\
\xaf\xaa\xb7'\xf9\xb3\xce\x0c\xc0\xb68\x9c\xe4\xec1\xc6\
\x81\xee [5\x8b\x1d\x80$\x19c|?\xc9\x9fv\
\xe7`\xf2\xde\xda\xbd\xf8o\xba*\xc9\xd7\xbaC\x00+\
w\xe5:,\xfe\xc9\x8cv\x00\x92\x1f>\x16\xf8\x1f\x92\
\xfcFw\x16&\xe9\xfa$\xafn\xde\xfe\xff\xa1\xaa\xba\
0\xc9\xbfe\xe3\xf9\xe1\xc0\xfc},\xc9\xc5c\x8c#\
\xddAVaV\x05 \xf9\xe1\xa9\x80\x8f$yNw\
\x16&\xe5\xb6$\xcf\x1bc\xfcOw\x90\x1fUU\xaf\
MrMw\x0e`\xcb\x0e$\xd9=\xc6\xb8\xab;\xc8\
\xaa\xcc\xe6\x14\xc0\xfd6O\x05\xbc2\xc9\xed\xddY\x98\
\x8c}I.\x9d\xda\xe2\x9f$c\x8ck\x93\xbc5\xc9\
}\xddY\x80\x87m\x7f\x92\x97\xac\xd3\xe2\x9f\xcc\xb0\x00\
$\xc9\x18\xe3\xebI.JrCw\x16\xda]\x9f\x8d\
o\xfe\xdf\xe8\x0er,c\x8c+\x93\xbc,ni\x0d\
s\xf4\xf1$\x17\x8e1\xbe\xd8\x1dd\xd5fY\x00\x92\
d\x8cq(\xc9\xab\x92\xfcI\xdcym\x89\xeeM\xf2\
G\xd98\xe7\x7f\xa8;\xcc\x03\x19c\xdc\x94\xe4\xb9I\
>\xd1\x9d\x05xP\x0e'\xd9\x9bd\xcf\x18\xe3\xce\xee\
0\xdbav\xd7\x00\x1cMU=!\xc9\x9b\x92\xbc>\
\xc9i\xcdq\xd8^w'yO\x92\xbf\x9c\xe3v\xdc\
\xe6\x85\xac\xafL\xf2\xe6$\xbf\xdc\x1c\x07\xf8i\x07\x93\
\x5c\x975\xba\xda\xffX\xd6\xa2\x00\xdc\xaf\xaav%\xf9\
\xd5\xcd\x7f\x17$yF\x92S\x92\x1c\xdf\x99\x8b\x87\xed\
\x7f\x93\xdc\x93\xe4\xbf\x92|6\xc9\x87\x92|h]\xae\
\xc0\xad\xaa\xb3\x93\xbc4\xc9\xf3\x92<+\xc9\x13\x92\x9c\
\xda\x1a\x0a\x96\xe5H6\x8e1\xfb\xb3q!\xf1-I\
n\x9a\xc3\xae\xe2*\xacU\x01\x98\xa3\xaaj\xfd\xc9\xda\
\x18\xc3g\x00`\x81f{\x0d\x00\x00\xf0\xf0)\x00\x00\
\xb0@\x0a\x00\x00,\x90\x02\x00\x00\x0b\xa4\x00\x00\xc0\x02\
)\x00\x00\xb0@\x0a\x00\x00,\x90\x02\x00\x00\x0b\xa4\x00\
\x00\xc0\x02)\x00\x00\xb0@\x0a\x00\x00,\x90\x02\x00\x00\
\x0b\xa4\x00\x00\xc0\x02)\x00\x00\xb0@\x0a\x00\x00,\x90\
\x02\x00\x00\x0b\xa4\x00\x00\xc0\x02)\x00\x00\xb0@\x0a\x00\
\x00,\x90\x02\x00\x00\x0b\xa4\x00\x00\xc0\x02)\x00\x00\xb0\
@\x0a\x00\x00,\x90\x02\x00\x00\x0b\xa4\x00\x00\xc0\x02)\
\x00\x00\xb0@\x0a\x00\x00,\x90\x02\x00\x00\x0b\xa4\x00\x00\
\xc0\x02)\x00\x00\xb0@\x0a\x00\x00,\x90\x02\x00\x00\x0b\
\xa4\x00\x00\xc0\x02)\x00\x00\xb0@\x0a\x00\x00,\x90\x02\
\x00\x00\x0b\xa4\x00\x00\xc0\x02)\x00\x00\xb0@\x0a@\xbf\
\xc3\x8d\xb3\xbf\xdf8\x1b\x80F\x0a@\xbf{\x16:\x1b\
\x80F\x0a@\xbf\xaf4\xce\xfer\xe3l\x00\x1a)\x00\
\xfd>\xd38\xfb\xb3\x8d\xb3\x01h\xa4\x00\xf4\xfbp\xe3\
\xec\x0f5\xce\x06\xa0\xd1\xe8\x0e\xb0tU\xf5\xa8$\xdf\
Hr\xfa\x0e\x8f\xfev\x92'\x8d1:/B\x04\xa0\
\x89\x1d\x80fc\x8c#I\xaen\x18\xfd\x1e\x8b?\xc0\
r\xd9\x01\x98\x80\xaa:)\x1b\x17\xe4\xfd\xcc\x0e\x8d\xbc\
7\xc93\xc6\x18w\xed\xd0<\x00&\xc6\x0e\xc0\x04\x8c\
1\xeeM\xb2w\x07G^a\xf1\x07\x80\x09\xa8\xaaQ\
U\xef\xab\xed\xf7OUe\xe7\x07\x00\xa6\xa2\xaaN\xac\
\xaa\xdb\xb7q\xf1\xdfWU't\xbfN\x00\xe0'T\
\xd5\x93\xab\xea\xd3\xdb\xb0\xf8\x7f\xaa\xaa\x9e\xd4\xfd\xfa\x00\
\x80c\xa8\xaa\xe3\xab\xea\xba\x15.\xfe\xef\xab\xaa\xc7t\
\xbf.\x00\xe0\x01\xd4\xc65\x01\xbfSU\xdf\xda\xc2\xc2\
\xff\xcd\xaa\xfa\xedr\xce\x1f\x00\xe6\xa5\xaaN\xaa\xaa\xb7\
U\xd5\xfe\x87\xb0\xf0\x7f\xa5\xaa.\xaf\xaa\xc7v\xe7\x07\
`\x9a|3\x9c\x89\xcdo\xf1\xbb\x93\xecIr~\x92\
\xa7%9m\xf3\xbf\xbf\x9dd\x7f\x92}InI\xf2\
\xa91F5\xc4\x04\x00\x00\x00\x00\x00\x00\x00\x00\x00\x00\
\x00\x00\x00\x00\x00\x00\x00\x00\x00\x00\x00\x00\x00\x00\x00\x00\
\x00\x00\x00\x00\x00\x00\x00\x00\x00\x00\x00\x00\x00\x00\x00\x00\
\x00\x00\x00\x00\x00\x00\x00\x00x\xe8Fw\x00\xb6\xae\xaa\
NO\xf2\xf2$/Lrn\x92\xa7&9%\xc9#\
:s\x01L\xdc\x0f\x92\xdc\x93d\x7f\x92}InI\
r\xe3\x18\xe3`k\xaa\x1d\xa2\x00\xccXU\x9d\x99d\
o\x92W%yTs\x1c\x80up(\xc9{\x93\xec\
\x1dc\xdc\xd9\x9ce[)\x003TU''yG\
\x927\xc4\xc2\x0f\xb0\x1d\x0e&\xb9*\xc9\xbb\xc6\x18G\
\xba\xc3l\x07\x05`f\xaa\xea\xac$\x1fLrNw\
\x16\x80\x05\xf8D\x92\xcb\xd6q7@\x01\x98\x91\xaaz\
A\x92\x0f$9\xad;\x0b\xc0\x82\x1cHr\xc9\x18\xe3\
\x0b\xddAVI\x01\x98\x89\xaa:;\xc9\xad\xd9\xb8\xb8\
\x0f\x80\x9du \xc9\xee1\xc6]\xddAV\xe5\xb8\xee\
\x00<\xb0\xaa:5\x1b\xdb\xfe\x16\x7f\x80\x1eg$\xb9\
\xa1\xaavu\x07Y\x15\x05`\x1e\xde\x9d\xe4\x99\xdd!\
\x00\x16\xee\xa2$Wt\x87X\x15\xa7\x00&\xae\xaa\xce\
Kr[\xfc\xa6\x1f`\x0a\x0e'y\xd6\x18c\x7fw\
\x90\xad\xb2\x030}\xef\x8c\xc5\x1f`*v%\xb9\xbc\
;\xc4*\xd8\x01\x98\xb0\xaazZ\x92;\xe2}\x02\x98\
\x92CI\x9e8\xf7;\x06\xda\x01\x98\xb6\xd7\xc4\xe2\x0f\
05'$\xb9\xa4;\xc4V)\x00\xd3\xb6\xa7;\x00\
\x00G5\xfb\xe3\xb3\x020m\xe7w\x07\x00\xe0\xa8\x9e\
\xdd\x1d`\xab\x14\x80\x89\xaa\xaa\x13\x92<\xbe;\x07\x00\
Gufw\x80\xadR\x00\xa6\xeb\xa4\xee\x00\x00\x1c\xd3\
\xc9\xdd\x01\xb6J\x01\x00\x80\x05R\x00\xa6\xeb\xde\xee\x00\
\x00\x1c\xd3w\xbb\x03l\x95\x020Qc\x8cCI\xd6\
\xe6\xa1\x13\x00k\xe6\x8e\xee\x00[\xa5\x00L\xdbm\xdd\
\x01\x008\xaa}\xdd\x01\xb6J\x01\x98\xb6[\xba\x03\x00\
pT7w\x07\xd8*w\x99\x9b\xb0\xaa:#\xc9\xfe\
x\x9f\x00\xa6\xc4\xad\x80\xd9^c\x8c\x03In\xec\xce\
\x01\xc0\x8f\xb9v\xee\x8b\x7f\xe2\x9b\xe5\xe4U\xd5\xb9\xd9\
8\xd7\xe4\x89\x80\x00\xfd\x0e'9{\xf3\x0b\xda\xac\xd9\
\x01\x98\xb81\xc6\xe7\x92\x5c\xd3\x9d\x03\x80$\xc9\x95\xeb\
\xb0\xf8'v\x00f\xa1\xaaNJ\xf2\xc9$\xe7tg\
\x01X\xb0\x8f%\xb9x\x8cq\xa4;\xc8*(\x003\
QU\xcfLrk\x92S\xbb\xb3\x00,\xd0\x81$\xbb\
\xc7\x18ks\x7f\x16\xa7\x00fb\x8c\xf1\xa5$\xafH\
rww\x16\x80\x85\xd9\x9f\xe4%\xeb\xb4\xf8'\x0a\xc0\
\xac\x8c1>\x9adw\x92\xcfwg\x01X\x88\x8f'\
\xb9p\x8c\xf1\xc5\xee \xab\xa6\x00\xcc\xcc\x18\xe3\x8e$\
\xcfMru\x92\xfb\x9a\xe3\x00\xac\xab\xc3I\xf6&\xd9\
3\xc6\xb8\xb3;\xccvp\x0d\xc0\x8cU\xd5yI\xde\
\x96\xe4\xb2$\xbb\x9a\xe3\x00\xac\x83\x83I\xae\xcb\x1a]\
\xed\x7f,\x0a\xc0\x1a\xa8\xaa\xd3\x92\x5c\x9adO\x92s\
\x93\x9c\x91\xe4\x94$\x8f\xec\xcc\x050qG\x92\xdc\x93\
\x8ds\xfc\xb7e\xe3\xf6\xeb7m>\x8c\x0d\x00\x00\x00\
\x00\x00\x00\x00\x00\x00\x00\x00\x00\x00\x00\x00\x00\x00\x00\x00\
\x00\x00\x00\x00\x00\x00\x00\x00\x00\x00\x00\x00\x00\x00\x00\x00\
\x00\x00\x00\x00\x00\x00\x00\x00\x00\x00\x00\x00\x00\x00\x00\x00\
\x00\x00\x00\x00\x00\x00\x00\x00\x00\x00\x00\x00\x00\x00\x00\x00\
\x00\x00\x00\x00\x00\x00\x00\x00\x00\x00\x00\x00\x00\x00\x00\x00\
\x00\x00\x00\x00\x00\x00\x00\x00\x00\x00\x00\x00\x00\x00\x00\x00\
\x00\x00\x00\x00\x00\x00\x00\x00\x00\x00\x00\x00\x00\x00\x00\x00\
\x00\x00\x00\x00\x00\x00\x00\x00\x00\x00\x00\x00\x00\x00\x00\x00\
\x00\x00\x00\x00\x00\x00\x00\x00\x00\x00\x00\x00\x00\x00\x00\x00\
\x00\x00\x00\x00\x00\x00\x00\x00\x00\x00\x00\xe0a\x1b\xdd\x01\
\xd8\xba\xaa:=\xc9\xcb\x93\xbc0\xc9\xb9I\x9e\x9a\xe4\
\x94$\x8f\xe8\xcc\x050q?HrO\x92\xfdI\xf6\
%\xb9%\xc9\x8dc\x8c\x83\xad\xa9v\x88\x020cU\
uf\x92\xbdI^\x95\xe4Q\xcdq\x00\xd6\xc1\xa1$\
\xefM\xb2w\x8cqgs\x96m\xa5\x00\xccPU\x9d\
\x9c\xe4\x1dI\xde\x10\x0b?\xc0v8\x98\xe4\xaa$\xef\
\x1ac\x1c\xe9\x0e\xb3\x1d\x14\x80\x99\xa9\xaa\xb3\x92|0\
\xc99\xddY\x00\x16\xe0\x13I.[\xc7\xdd\x00\x05`\
F\xaa\xea\x05I>\x90\xe4\xb4\xee,\x00\x0br \xc9\
%c\x8c/t\x07Y%\x05`&\xaa\xea\xec$\xb7\
f\xe3\xe2>\x00v\xd6\x81$\xbb\xc7\x18wu\x07Y\
\x95\xe3\xba\x03\xf0\xc0\xaa\xea\xd4ll\xfb[\xfc\x01z\
\x9c\x91\xe4\x86\xaa\xda\xd5\x1ddU\x14\x80yxw\x92\
gv\x87\x00X\xb8\x8b\x92\x5c\xd1\x1dbU\x9c\x02\x98\
\xb8\xaa:/\xc9m\xf1\x9b~\x80)8\x9c\xe4Yc\
\x8c\xfd\xddA\xb6\xca\x0e\xc0\xf4\xbd3\x16\x7f\x80\xa9\xd8\
\x95\xe4\xf2\xee\x10\xab`\x07`\xc2\xaa\xeaiI\xee\x88\
\xf7\x09`J\x0e%y\xe2\xdc\xef\x18h\x07`\xda^\
\x13\x8b?\xc0\xd4\x9c\x90\xe4\x92\xee\x10[\xa5\x00L\xdb\
\x9e\xee\x00\x00\x1c\xd5\xec\x8f\xcf\x0a\xc0\xb4\x9d\xdf\x1d\x00\
\x80\xa3zvw\x80\xadR\x00&\xaa\xaaNH\xf2\xf8\
\xee\x1c\x00\x1c\xd5\x99\xdd\x01\xb6J\x01\x98\xae\x93\xba\x03\
\x00pL'w\x07\xd8*\x05\x00\x00\x16H\x01\x98\xae\
{\xbb\x03\x00pL\xdf\xed\x0e\xb0U\x0a\xc0D\x8d1\
\x0e%Y\x9b\x87N\x00\xac\x99;\xba\x03l\x95\x020\
m\xb7u\x07\x00\xe0\xa8\xf6u\x07\xd8*\x05`\xdan\
\xe9\x0e\x00\xc0Q\xdd\xdc\x1d`\xab\xdcen\xc2\xaa\xea\
\x8c$\xfb\xe3}\x02\x98\x12\xb7\x02f{\x8d1\x0e$\
\xb9\xb1;\x07\x00?\xe6\xda\xb9/\xfe\x89o\x96\x93W\
U\xe7f\xe3\x5c\x93'\x02\x02\xf4;\x9c\xe4\xec\xcd/\
h\xb3f\x07`\xe2\xc6\x18\x9fKrMw\x0e\x00\x92\
$W\xae\xc3\xe2\x9f\xd8\x01\x98\x85\xaa:)\xc9'\x93\
\x9c\xd3\x9d\x05`\xc1>\x96\xe4\xe21\xc6\x91\xee \xab\
\xa0\x00\xccDU=3\xc9\xadIN\xed\xce\x02\xb0@\
\x07\x92\xec\x1ec\xac\xcd\xfdY\x9c\x02\x98\x891\xc6\x97\
\x92\xbc\x22\xc9\xdd\xddY\x00\x16f\x7f\x92\x97\xac\xd3\xe2\
\x9f(\x00\xb32\xc6\xf8h\x92\xddI>\xdf\x9d\x05`\
!>\x9e\xe4\xc21\xc6\x17\xbb\x83\xac\x9a\x0203c\
\x8c;\x92<7\xc9\xd5I\xeek\x8e\x03\xb0\xae\x0e'\
\xd9\x9bd\xcf\x18\xe3\xce\xee0\xdb\xc15\x003VU\
\xe7%y[\x92\xcb\x92\xecj\x8e\x03\xb0\x0e\x0e&\xb9\
.kt\xb5\xff\xb1(\x00k\xa0\xaaNKri\x92\
=I\xceMrF\x92S\x92<\xb23\x17\xc0\xc4\x1d\
IrO6\xce\xf1\xdf\x96\x8d\xdb\xaf\xdf\xb4\xf906\
\x00\x00\x00\x00\x00\x00\x00\x00\x00\x00\x00\x00\x00\x00\x00\x00\
\x00\x00\x00\x00\x00\x00\x00\x00\x00\x00\x00\x00\x00\x00\x00\x00\
\x00\x00\x00\x00\x00\x00\x00\x00\x00\x00\x00\x00\x00\x00\x00\x00\
\x00\x00\x00\x00\x00\x00\x00\x00\x00\x00\x00\x00\x00\x00\x00\x00\
\x00\x00\x00\x00\x00\x00\x00\x00\x00\x00\x00\x00\x00\x00\x00\x00\
\x00\x00\x00\x00\x00\x00\x00\x00\x00\x00\x00\x00\x00\x00\x00\x00\
\x00\x00\x00\x00\x00\x00\x00\x00\x00\x00\x00\x00\x00\x00\x00\x00\
\x00\x00\x00\x00\x00\x00\x00\x00\x00\x00\x00\x00\x00\x00\x00\x00\
\x00\x00\x00\x00\x00\x00\x00\x00\x00\x00\x00\x00\x00\x00\x00\x00\
\x00\x00\x00\x00\x00\x00\x00\x00\x00\x00\x00\x00\x00\x00\x00\x00\
\x00\x00\x00\x00\x00\x00\x00\x00\x00\x00\x00\x00\x00\x00\x00\x00\
\x00\x00\x00\x00\x00\x00\x00\x00\x00\x00\x00\x00\x00\x00`\x85\
\xfe\x1fw\xd8\xee\xcae\x82\xdc\xd5\x00\x00\x00\x00IE\
ND\xaeB`\x82\
\x00\x006\xb0\
\x89\
PNG\x0d\x0a\x1a\x0a\x00\x00\x00\x0dIHDR\x00\
\x00\x02\x00\x00\x00\x02\x00\x08\x06\x00\x00\x00\xf4x\xd4\xfa\
\x00\x00\x00\x04sBIT\x08\x08\x08\x08|\x08d\x88\
\x00\x00\x00\x09pHYs\x00\x00\x0e\xc4\x00\x00\x0e\xc4\
\x01\x95+\x0e\x1b\x00\x00\x00\x19tEXtSof\
tware\x00www.inksca\
pe.org\x9b\xee<\x1a\x00\x00 \x00ID\
ATx\x9c\xed\xddw\xbc\xa5Uu\xff\xf1\xcf\x1a@\
\xaa\xf4\xa6\xa2\xfe\x14\x95(6\x10\xc4(\x16\x14\xac\xa8\
\x88\xa2\xa8\xd8\x154v\xa3b\x8c\x89\x9aD#\xf6.\
6D\x89\x15D\xc5\x82\x11\x08J\x11\xc1\x82\xb1\x80\x10\
\x01)\x0aH\x1b\x9a\xd4a\xfd\xfex\xce\xc00L\xb9\
\xe5\x9c\xb3\x9e\xf2y\xbf^\xf75\xc3\xdc{\xcf\xf3\xbd\
0\x9c\xbd\x9e\xfd\xec\xbdv IZ\xae\xcc\x5c\x00<\
\x1ax,\xf0\x10\xe0\xee\xc0\xc6\xa3O/\x04\xce\x02N\
\x02\x8e\x04\x0e\x8f\x88\x1b+rJ\x92\xa41\xc8\xcc\xb5\
2s\xdf\xcc<7g\xee\x82\xcc\xfc\xd7\xcc\x5c\xbb:\
\xbf$I\x9a\xa5\xcc\xdc-3\xff2\x8b\x81\x7fi\x7f\
\xce\xcc\xdd\xaa\x7f\x0eI\x924\x03\x99\xb9Jf~|\
\x1e\x03\xff\x92n\xca\xcc\xfd2s\x95\xea\x9fK\x92$\
-Gf\xde.3\xbf1\xa6\xc1\x7fI\xdf\xce\xcc5\
\xab\x7f>I\x92\xb4\x0c\x99\xb9\xff\x04\x06\xff\xc5~\x96\
\x99\x1b\xaf<\x85$I\x9a\x9a\xcc|\xde\x04\x07\xff\xc5\
~\x9f\x99w\xae\xfeY%I\x12\x90\x99\x1bd\xe6_\
\xa7P\x00d6\x0b\x0b\x1fP\xfd3K\x00\x0b\xaa\x03\
HR\xb1}\x81M\xa6t\xad;\x00Gg\xe6\x8eS\
\xba\x9e$IZZ6\x0b\xff\xa6u\xf7\xbf\xa4k3\
s\x8f\xea\x9f_\xc3\xe6\x0c\x80\xa4!{\x12\xd3\xbb\xfb\
_\xd2\xea\xc0W3s\x9f\x82kK\x80\x05\x80\xa4a\
{d\xe1\xb5W\x01\xf6\xcf\xcc\xf7\x14f\xd0\x80Y\x00\
H\x1a\xb2\x1d\xaa\x03\x00\xfbf\xe6\xa7\xd3\x86A\x9a2\
\x0b\x00IC\xd6\x96my{\x03\x87\xa6\x0d\x834E\
Q\x1d@\x92\xaad\xe6\xdf\x806\x0d\xba'\x02\xbbF\
\xc4\xc5\xd5A\xd4\x7f\x16\x00\x92\x06+3\xb3:\xc32\
\x9c\x0a<>\x22\xce\xa9\x0e\xa2~\xf3\x11\x80$\xb5\xcb\
\xbd\x81\x9f\xd90H\x93f\x01 I\xeds\x07\xe0\xc7\
\x99\xf9\xf0\xea \xea/\x0b\x00Ij\xa7\xf5\x81#l\
\x18\xa4I\xb1\x00\x90\xa4\xf6Z\xdc0\xe8\xe5\xd5A\xd4\
?\x16\x00\x92\xd4n\xab\x00\x9f\xb2a\x90\xc6\xcd]\x00\
\x92\x06\xab\xa5\xbb\x00V\xe4@\xe0e\x11qcu\x10\
u\x9f\x05\x80\xa4\xc1\xea`\x01\x00p\x18\xb0gD\x5c\
S\x1dD\xddf\x01 i\xb0:Z\x00\x80\x0d\x834\
\x06\x16\x00\x92\x06\xab\xc3\x05\x00\xd80H\xf3\xe4\x22@\
I\xea&\x1b\x06i^,\x00$\xa9\xbbl\x18\xa49\
\xb3\x00\x90\xa4n\xb3a\x90\xe6\xc4\x02@\x92\xba\xcf\x86\
A\x9a5\x0b\x00I\xea\x07\x1b\x06iV\xdc\x05 i\
\xb0:\xbe\x0b`E\x0e\xc4\x86AZ\x09\x0b\x00I\x83\
\xd5\xe3\x02\x00l\x18\xa4\x95\xb0\x00\x904X=/\x00\
\xc0\x86AZ\x01\x0b\x00I\x835\x80\x02\x00l\x18\xa4\
\xe5p\x11\xa0$\xf5\x9b\x0d\x83\xb4L\x16\x00\x92\xd4\x7f\
6\x0c\xd2mX\x00H\xd20\xd80H\xb7b\x01 \
I\xc3a\xc3 \xdd\xcc\x02@\x92\x86\xc5\x86A\x02\xdc\
\x05 i\xc0\x06\xb2\x0b`E\x0e\xc4\x86A\x83e\x01\
 i\xb0,\x00\x00\x1b\x06\x0d\x96\x05\x80\xa4\xc1\xb2\x00\
\xb8\x99\x0d\x83\x06\xc8\x02@\xd2`Y\x00\xdc\x8a\x0d\x83\
\x06\xc6E\x80\x92$\xb0a\xd0\xe0X\x00H\x92\x16\xb3\
a\xd0\x80X\x00H\x92\x96d\xc3\xa0\x81\xb0\x00\x90$\
-\xcd\x86A\x03`\x01 IZ\x16\x1b\x06\xf5\x9c\xbb\
\x00$\x0d\x96\xbb\x00f\xec@l\x18\xd4;\x16\x00\x92\
\x06\xcb\x02`Vl\x18\xd43\x16\x00R\x0fd\xe6\xaa\
\xc0\xa6\xc0&\xc0F4\x0b\xb9\x96\xfeX\x17X\x0bX\
\x1b\xb8\xdd\xe8\xcfV\x1d\xfd94\xcf}\xd7\x9aj\xf0\
z\x1bT\x07\xe8\x98\xe3\x81\xa7D\xc4\xa5\xd5A4\x7f\
\x16\x00R\x8be\xe6\x02`s\xe0.\xc0\x16\xa3\x8f\xbb\
\x02\x9b\xd1l\xd9Z<\xe8oR\x95Q\x83s\x0aM\
\xc3\xa0s\xab\x83h~,\x00\xa4b\x99\xb9\x16p\x8f\
\xd1\xc7\x96K\xfc\xfe\xee\xc0\x9d\x80\xd5\xea\xd2I\xcbt\
\x1eM\x11\xf0\xfb\xea \x9a;\x0b\x00iJ2sC\
\xe0>K|l\x0d\xfc\x1d\xcd]\xbd\xd45\x97\xd1<\
\x0e8\xae:\x88\xe6\xc6\x02@\x1a\xb3\xd1\xb4\xfd\x96\xc0\
6\xc0\xb6\xa3_\xefO3\x95/\xf5\xc95\xc0s\x22\
\xe2\xdb\xd5A4{\x16\x00\xd2<e\xe6\xdd\x81\x87\x00\
\x0f\xa6\x19\xf0\x1f\x08\xdc\xbe4\x944=\x8b\x80WF\
\xc4\xa7\xab\x83hv,\x00\xa4Y\xc8\xccu\x80\x1dh\
\x06\xfc\x1dF\x1f\x9b\x96\x86\x92\xda\xe1\x9d\x11\xf1\x8e\xea\
\x10\x9a9\x0b\x00i\x05F\x03\xfeC\x80\x1d\x81\x87\x01\
\x8f\xa0\xd9B'\xe9\xb6\x0e\xc4\x86A\x9da\x01 -\
!3\xd7\xa6\x19\xe4w\x01v\xa2yvo\xcbli\
\xe6\xbe\x03<\xdb\x86A\xedg\x01\xa0A\x1b-\xd8\xdb\
\x06\xd8y\xf4\xf1p\x9a\x868\x92\xe6\xeeD`\xd7\x88\
\xb8\xb8:\x88\x96\xcf\x02@\x83\x93\x99\xeb\x03\x8f\x07v\
\x1d\xfd\xbaQm\x22\xa9\x97l\x18\xd4r\x16\x00\x1a\x84\
\xcc\xbc\x17\xf0d\xe0I4w\xf9\xab\xd6&\x92\x06\xc1\
\x86A-f\x01\xa0\xde\xca\xcc\xad\x81=h\xee\xf4\x1f\
T\x1cG\x1a\xaa\x854\x0d\x83\x8e\xad\x0e\xa2[\xb3\x00\
Podf\xd0\xec\xc5\xdf\x1dx:M3\x1eI\xf5\
l\x18\xd4B\x16\x00\xea\xbc\xcc\xbc\x0f\xf0L\xe0\xb94\
=\xf4%\xb5\xcf\x22\xe0U\x11\xb1\x7fu\x105,\x00\
\xd4I\x99\xb9\x05\xcd]\xfe\x1e4\xfb\xf3%u\xc3~\
\x11\xf1\x96\xea\x10\xb2\x00P\x87\x8c\xf6\xe8?\x03x\x11\
\xcd^}\xff\xfeJ\xdd\xf4\x19\xe0\x1f\x22bQu\x90\
!\xf3\x0dT\xad\x97\x99\x0f\x02\xf6\x06\x9e\x8d=\xf6\xa5\
\xbe8\x0c\xd8\xd3\x86Au,\x00\xd4J\x99\xb9\x09\xcd\
\x9d\xfeK\x80{\x15\xc7\x914\x19\xc7\xd3\xec\x10\xb8\xb4\
:\xc8\x10Y\x00\xa8U\x96\xb8\xdb\x7f\x1e\xb0fq\x1c\
I\x93w*M\xaf\x80s\xaa\x83\x0c\x8d\x05\x80\xcae\
\xe6\xed\x81\xbd\x80W\x00\xf7+\x8e#i\xfal\x18T\
\xc0\x02@e2\xf3n\xc0>4w\xfc\x1b\x14\xc7\x91\
T\xcb\x86ASf\x01\xa0\xa9\xcb\xcc\x1d\x81\xd7\x00O\
\xc3\x96\xbc\x92nq\x1d\xf0\xbc\x888\xb8:\xc8\x10X\
\x00h*2s5`O\xe0\x0d\xc0\x03\x8b\xe3Hj\
\xafE\xc0+#\xe2\xd3\xd5A\xfa\xce\x02@\x13\x95\x99\
\xab\x03\xcf\x02\xde\x06\xdc\xb38\x8e\xa4\xee\xb0a\xd0\x84\
Y\x00h\x222s]\x9am|\xfb\x02w(\x8e#\
\xa9\x9b\x0e\x04^\x16\x117V\x07\xe9#\x0b\x00\x8dU\
fn\x0a\xbc\x91fE\xff:\xc5q$u\xdfw\x80\
g\xdb0h\xfc,\x004\x16\xa3\xc6=\xaf\x04^\x0f\
\xac[\x1cGR\xbf\x9c\x08\xec\x1a\x11\x17W\x07\xe9\x13\
\x0b\x00\xcd\xcbh\xe0\xffG\xe0\xd5\xc0Z\xc5q$\xf5\
\x97\x0d\x83\xc6\xcc\x02@s\x92\x99\x1b\x02o\xa6\xd9\xce\
g\xc7>I\xd3p>\xf0\x84\x88\xf8\xdf\xea }`\
\x01\xa0Y\x19\x9d\xc8\xf7*\xe0-\xc0\xfa\xc5q$\x0d\
\x8f\x0d\x83\xc6\xc4\x02@32\xda\xc7\xff\x22\xe0\x1d\xb8\
\xaa_R-\x1b\x06\x8d\x81\x05\x80V*3\x9f\x0c|\
\x08\xd8\xb2:\x8b$\x8d,\x02^\x15\x11\xfbW\x07\xe9\
\xaa\x05\xd5\x01\xd4^\x99\xb9}f\x1eCsn\xb7\x83\
\xbf\xa46Y\x05\xf8Tf\xbe\xa7:HW9\x03\xa0\
\xdb\xc8\xcc;\x03\xef\xa29\xa1\xcf\xbf#\x92\xda\xee@\
l\x184k\xbe\xb9\xebf\xa3\x05~\xffL\xd3\xaf\x7f\
\xf5\xe28\x924\x1b6\x0c\x9a%\x0b\x00\x017?\xe7\
\xff\x18p\xd7\xea,\x924G6\x0c\x9a\x05\x0b\x80\x81\
\xcb\xcc\xad\x80\x8f\x02\x8f\xad\xce\x22Ic`\xc3\xa0\x19\
r\x11\xe0@e\xe6\xed3\xf3\xc3\xc0\xefp\xf0\x97\xd4\
\x1f\xf7\x06\x8e\xcf\xcc\xad\xab\x83\xb4\x9d3\x00\x034\x9a\
\xee\xff8p\x97\xea,\x924!6\x0cZ\x09g\x00\
\x06$3\xef\x98\x99\x07\xd3l\xebs\xf0\x97\xd4g\xeb\
\x03Gd\xe6\x1e\xd5A\xda\xca\x02`\x002s\x95\xcc\
|\x03p\x1a\xf0\x8c\xea<\x924%\xab\x03_\xcd\xcc\
}\xaa\x83\xb4\x91\x8f\x00zn\xf4\x1c\xec\x00\xe0\xc1\xd5\
Y$\xa9\xd0~\x11\xf1\x96\xea\x10m\xe2\x0c@Oe\
\xe6\xaa\x99\xf9V\xe0\x978\xf8K\xd2\xbe\x99\xf9\xe9\xcc\
\x5c\xa5:H[8\x03\xd0C\x99y_\xe0\x0b\xc0v\
\xd5Y$\xa9e\xbe\x01<\xd7\xae\x81\xce\x00\xf4\xca\xe8\
\xae\xffm4w\xfd\x0e\xfe\x92t[\xcf\x04\xdeW\x1d\
\xa2\x0d\x9c\x01\xe8\x89\xcc\xbc\x17\xf0E\xe0!\xd5Y$\
\xa9\x03\x9e\x11\x11\xdf\xac\x0eQ\xc9\x02\xa0\xe323\x80\
W\xd0T\xb4k\x15\xc7\x91\xa4\xae\xb8\x00\xd8*\x22\xae\
\xa8\x0eR\xc5G\x00\x1d\x96\x99w\x04\x0e\x07>\x81\x83\
\xbf$\xcd\xc6\xe6\xc0k\xabCTr\x06\xa0\xa3F\xdd\
\xfc\x0e\x006\xae\xce\x22I\x1d\xf5W`\x8b\x88\xb8\xa1\
:H\x05g\x00:&3W\xcf\xcc\x8f\xd0\x1c}\xe9\
\xe0/Is\xb7)\xb0su\x88*\x16\x00\x1d2:\
\xb9\xef\x04\xe058{#I\xe30\xd8\xc3\xd0,\x00\
:\x223_\x00\xfc\x02\xd8\xa6:\x8b$\xf5\xc8\xf6\xd5\
\x01\xaa\xacZ\x1d@+\x96\x99k\xd2\x9c\xdc\xf7\xe2\xea\
,\x92\xd4C[V\x07\xa8b\x01\xd0b\x99yW\xe0\
`\x06\x5c\xa1J\xd2\x84\xad_\x1d\xa0\x8a\x8f\x00Z*\
3\x9f\x02\x9c\x8c\x83\xbf$M\xd2`\xd7SY\x00\xb4\
\xcc\xa8\x9d\xef\xfb\x81o\x03\x1bT\xe7\x91\xa4\x9e[X\
\x1d\xa0\x8a\x8f\x00Z$37\x04\xbe\x06\xecR\x9dE\
\x92\x06\xe2\x8c\xea\x00U,\x00Z\x223\xef\x0f|\x0b\
\xb8{u\x16I\x1a\x90_U\x07\xa8\xe2#\x80\x16\xc8\
\xccg\x00?\xc5\xc1_\x92\xa6\xedG\xd5\x01\xaa\x0cv\
\xf1C\x1b\x8c\x0e\xf2\xf9w\xe0\xad\xf8\xdfB\x92\xa6\xed\
\x12\xe0\x8e\x11q}u\x90\x0a>\x02(\x92\x99k\x00\
\x9f\x07\x9eS\x9dE\x92\x06\xeaSC\x1d\xfc\xc1\xbb\xce\
\x12\xa3S\xfc\xbe\x03lW\x9dE\x92\x06\xeab\xe0^\
\x11qYu\x90*\xce\x00LYfn\x03\x1c\x06l\
Q\x9dE\x92\x06\xecuC\x1e\xfc\xc1E\x80S\x95\x99\
O\x05\x8e\xc5\xc1_\x92*}&\x22\xbe\x5c\x1d\xa2\x9a\
\x8f\x00\xa6$3_\x02\xec\x8f\xb3.\x92T\xe9\x07\xc0\
\xee\x11q]u\x90j\xce\x00LXfFf\xbe\x1b\
\xf8\x1c\x0e\xfe\x92T\xe9k\xc0\xd3\x1c\xfc\x1b\xce\x00L\
Pf\xae\x0a|\x0axiu\x16I\x1a\xb8\x8f\xd1<\
\xf7\xbf\xa9:H[X\x00LHf\xde\x1e8\x04x\
lu\x16I\x1a\xb0\x04\xde\x12\x11\xef\xad\x0e\xd26\x16\
\x00\x13\x90\x99\x1b\xd0<gzHu\x16I\x1a\xb0\x1b\
\x81\x97G\xc4\xe7\xab\x83\xb4\x91\x05\xc0\x98e\xe6\x1d\x80\
\xff\x06\xeeW\x9dE\x92\x06\xecj\xe0\x99\x11\xf1\x83\xea\
 me\x010F\x99y7\xe0\x08`\xcb\xea,\x92\
4`\x97\x02\xbbF\xc4\x09\xd5A\xda\xcc\x02`L2\
sk\x9aC%\xeeX\x9dE\x92\x06\xecO\xc0\xe3#\
\xe2\xb4\xea m\xe76\xc01\xc8\xcc\x1d\x80\xe3p\xf0\
\x97\xa4J'\x03\x7f\xef\xe0?3\x16\x00\xf3\x94\x99\x0f\
\xa5\xb9\xf3_\xbf:\x8b$\x0d\xd8\xd1\xc0N\x11qA\
u\x90\xae\xb0\x00\x98\x87\xcc\xdc\x11\xf8!\xb0nu\x16\
I\x1a\xb0C\x81'F\xc4\xe5\xd5A\xba\xc4\x02`\x8e\
2\xf3\x11\xc0\xe1\xc0\xed\xab\xb3H\xd2\x80}\x0c\xd8#\
\x22\xae\xad\x0e\xd25\x16\x00s\x90\x99\xbb\xd0\xdc\xf9\xaf\
S\x9dE\x92\x06*\x81}#\xe25v\xf7\x9b\x1bw\
\x01\xcc\xd2\x12\xd3\xfekWg\x91\xa4\x81\xb2\xc1\xcf\x18\
X\x00\xccBf>\x0c\xef\xfc%\xa9\x92\x0d~\xc6\xc4\
\x02`\x862\xf3\xefi:\xfc\xf9\xcc_\x92j\xd8\xe0\
g\x8c,\x00f 3\xb7\x05\x8e\x046\xa8\xce\x22I\
\x03\xf5'l\xf03V\x16\x00+\x91\x99\x0f\x00~\x8c\
\xfb\xfc%\xa9\xca\xc94\xdb\xfc\xdc\xe3?F\xee\x02X\
\x81\xcc\xbc\x07\xcd3\x7f\x07\x7fI\xaaa\x83\x9f\x09\xb1\
\x00X\x8e\xcc\xbc\x13\xcd\xc1>\x9bWg\x91\xa4\x81\xb2\
\xc1\xcf\x04Y\x00,CfnL\xd3\xde\xf7\xff\x15G\
\x91\xa4\xa1\xb2\xc1\xcf\x84Y\x00,%3oO\xd3\xe1\
\xef>\xd5Y$i\x80l\xf03%\xabV\x07h\x93\
\xcc\x5c\x0d8\x04\xd8\xae:\x8b$\x0d\x90\x0d~\xa6\xc8\
\x02`$3\x03\xf8,\xf0\xd8\xea,\x924@6\xf8\
\x992\x0b\x80[\xfc'\xf0\x82\xea\x10\x924@6\xf8\
)`\x1f\x00 3\xf7\x01\xf6\xaf\xce!I\x03\xf4'\
l\xf0Sb\xf0\x05@f\xeeF\xf3\xdc\x7f\x95\xea,\
\x92406\xf8)4\xe8\x02 3\xb7\x01\x8e\xc5\x93\
\xfd$i\xda\x8e\x06\x9e\xe6\x1e\xff:\x83\xdd\x06\x98\x99\
w\x00\xbe\x83\x83\xbf$M\x9b\x0d~Z`\x90\x05@\
f\xae\x09|\x1b\xb8su\x16I\x1a\x18\x1b\xfc\xb4\xc4\
\xe0\x0a\x80\xd1v\xbf/\x00\x0f\xae\xce\x22I\x03\x92\xc0\
;m\xf0\xd3\x1eC\xdc\x06\xf8.\xe0Y\xd5!$i\
@n\x00^\x12\x11\x07U\x07\xd1-\x06\xb5\x0803\
w\xa7Y\xf1?\xa8\x9f[\x92\x0a\xd9\xe0\xa7\xa5\x063\
\x10f\xe6\xfd\x81\x9f\xe2\xa2?I\x9a\x16\x1b\xfc\xb4\xd8\
 \x0a\x80\xcc\xdc\x108\x09\xd8\xb2:\x8b$\x0d\xc4\x9f\
\xb0\xc1O\xab\xf5~\x11`f\xae\x02|\x05\x07\x7fI\
\x9a\x96\xdf\x02;:\xf8\xb7[\xef\x0b\x00\xe0\xbd\xc0\xe3\
\xaaCH\xd2@\x1cE3\xf8\xff\xb9:\x88V\xac\xd7\
\x8f\x002\xf3\xa9\xc0\xb7\xe8\xf9\xcf)I-q(\xf0\
\x5c\xf7\xf8wCo\x07\xc6\xcc\xbc\x07\xf0\x0b`\xbd\xea\
,\x924\x00\x1f\x03^\xe7\x1e\xff\xee\xe8\xe5#\x80\xcc\
\x5c\x03\xf8\x06\x0e\xfe\x924i6\xf8\xe9\xa8\xbe6\x02\
\xfa$\xb0Mu\x08I\xea\xb9\x1b\x81\x97G\xc4\xe7\xab\
\x83h\xf6zW\x00d\xe6\x8b\x81\x17U\xe7\x90\xa4\x9e\
\xbb\x8a\xa6\xa7\xff\x0f\xab\x83hnz\xb5\x06 3\xef\
\x09\xfc\x12\xb8}u\x16I\xea1\x1b\xfc\xf4@of\
\x002su\x9a\xe7\xfe\x0e\xfe\x9249\x7f\xc2\x06?\
\xbd\xd0\xa7E\x80\x1f\x00\x1eX\x1dB\x92z\xcc\x06?\
=\xd2\x8bG\x00\xee\xf7\x97\x96\xe9R\xe0\x02\xe0\xaf\xc0\
\x15K},\x04.\x1f\xfd\xfe\xca\xd1\xafW\x8d\xbe\xef\
z\x9a\x03\x5c\x16\xbb\x8a\xe64\xb7>\xba\xb4:@\x87\
\x1c\x05\xec\x1e\x11WT\x07\xd1xt~\xc0\xcc\xcc-\
\x80_\x03\x1bUg\x91\xa6\xe4J\xe0L\xe0l\xe0<\
\x9a\x01\xfe|n\x19\xec\xff\x0c\xfc5\x22\xae+K\xd8\
\x11\x99\x99\xd5\x19:\xe2k\xc0\x0b\x22\xe2\xfa\xea \x1a\
\x9fN\xaf\x01\xc8\xcc\x00\x0e\xc0\xc1_\xfd\xb2\x088\x17\
8\x8bf\xa0_\xfcq\x16pfD\x5cT\x98M\xc3\
\xf3a\xe0\x1f\xdd\xe3\xdf?\x9d.\x00\x80W\x01\xbbT\
\x87\x90\xe6\xe1|\xe0\xf7\xc0)K\xfczrD\x5c\xbd\
\xc2\xef\x92&/\x81\x7f\x8b\x88wT\x07\xd1dt\xf6\
\x11@fn\x05\xfc\x0aX\xab:\x8b4\x03W\xd3\xfc\
}\xfd\x05\xcd@\xff[\xe0\xd4\x88\xb8\xb24\xd5\xc0\xf9\
\x08`\xb9n\x00^\x12\x11\x07U\x07\xd1\xe4tr\x06\
 3W\x05\xbe\x88\x83\xbf\xda\xe9F\xe0t\x9a\x9e\x14\
\x8b?N\xf2\xf9\xa9:\xe2j\xe0\x99\x11\xf1\x83\xea \
\x9a\xacN\x16\x00\xc0?\x03;T\x87\x90F.\x04\x8e\
\x01\x8e\x07N\x02~\x1d\x11\xd7\xd4F\x92\xe6\xe4\x22\xe0\
I\x11\xf1\xf3\xea \x9a\xbc\xce=\x02\xc8\xcc\x07\x00?\
\x07V\xab\xce\xa2\xc1Zr\xc0?\x0e\xf8UD8\x95\
\xdcA>\x02\xb8\x95?a\x83\x9fA\xe9\xd4\x0c@f\
\xae\x06\x1c\x88\x83\xbf\xa6\xeb\x02\xe0\x7f\x80\x9f\x00?\xf1\
\x0dR=t2\xf0\xc4\x88\xb8\xa0:\x88\xa6\xa7S\x05\
\x00\xf0O\xd8\xedO\x93\xb7\x88\xa6\xb7\xc4\x91\xc0\xf7\x80\
\xe3\xbd\xc3W\x8f\x1d\x0d<-\x22.\xaf\x0e\xa2\xe9\xea\
\xcc#\x80\xcc\xbc7M\x95\xbazu\x16\xf5\xd2\xc54\
o\x84G\x02\x87y'4\x0c>\x02\xe0P\xe0\xb9\x11\
qmu\x10M_'f\x00F\xab\xfe\xbf\x84\x83\xbf\
\xc6\xebw\xc07\x81\xef\x03\xbf\xb4\xd1\x89\x06\xc6\x06?\
\x03\xd7\x89\x02\x00x=\xb0]u\x08\xf5\xc2\xc94\x83\
\xfe!>\xcb\xd7@%\xf0\x96\x88xou\x10\xd5j\
\xfd#\x80\xcc\xbc\x0bM\xe3\x94u\xaa\xb3\xa8\xb3N\x01\
\x0e\x06\xbe\xea\xa0\xaf%\x0d\xf0\x11\xc0\x8d\xc0\xcb#\xe2\
\xf3\xd5AT\xaf\x0b3\x00\x9f\xc2\xc1_\xb3\xf7\x1b\x9a\
\xc7F\x87D\xc4\xd9\xd5a\xa4\x16\xb8\x0a\xd8#\x22~\
X\x1dD\xed\xd0\xea\x02 3\xf7\x00\x9eX\x9dC\x9d\
q)p\x08pPD\x1cW\x1dFj\x91K\x81]\
#\xe2\x84\xea j\x8f\xd6>\x02\xc8\xccui\xa6n\
\xefT\x9dE\xadv\x1dp\x04\xcd\xdd\xfe\xb7#\xa2\xaf\
\xe7\xd6k\x02\x06\xf2\x08\xe0O\xd8\xe0G\xcb\xd0\xe6\x19\
\x80w\xe1\xe0\xaf\xe5;\x81\xa6)\xd47\x22baq\
\x16\xa9\xadl\xf0\xa3\xe5j\xe5\x0c@f\xde\x97\xe6/\
n\x9b\x0b\x14M\xdfU\xc0W\x80OE\xc4\xaf\xab\xc3\
\xa8\xfbz>\x03`\x83\x1f\xadP\xeb\x06\xd8\xcc\x0c\xe0\
\xe3\xb40\x9b\xca\x9c\x06|\x01\xf8LD\x5cV\x1dF\
\xea\x00\x1b\xfch\xa5\xda8\xc8>\x17xdu\x08\x95\
\xbb\x1e\xf8\x0e\xf0\x19\xe0([\xf1J3\xf61\xe0u\
6\xf8\xd1\xca\xb4\xea\x11@f\xde\x1e\xf8\x03p\xc7\xea\
,*s!\xcd\x0c\xd0g\x22\xe2\xaf\xd5a\xd4o=\
{\x04`\x83\x9f\x01\xca\xccU\x22b\xd1\x5c\xbe\xb7m\
3\x00\xff\x82\x83\xffP\xfd\x01\xf8 \xcd\x16>\xa7-\
\xa5\xd9\xb9\x01xID\x1cT\x1dD\x93\x91\x99\x1b\x01\
{\x02\x0f\x03\xb6\x05\xee\x0a\xac1\xfa\xdc_\x81s\x80\
\x13\x81\x1f\xd1\xcc\x9a^\xbd\xb2\xd7l\xcd\x0c@f\xde\
\x83\xa6\xe3\xdf\xed\xaa\xb3h\xaa\x8e\x01>\x00|\xcf)\
KM[Of\x00l\xf0\xd3c\xa3\xb1\xf1\xdf\x81\xa7\
1\xf3\xf3p\x16\x02\xfb\x03\x1fY\xd1\x0e\x906\x15\x00\
\x87\x00O\xaf\xce\xa1\xa9XD\xb3H\xe9\xfd\x11qR\
u\x18\x0dW\x0f\x0a\x80\x8b\x80'E\xc4\xcf\xab\x83h\
\xbcF\x87\xe0\xfd\x0b\xf0fFw\xfasp%\xf0&\
\x9aG\xaa\xb7\xf9\xbb\xde\x8a\x02 3w\x04\x8e\xad\xce\
\xa1\x89\xbb\x81\xa6a\xcf\xbb#\xe2\xcc\xea0R\xc7\x0b\
\x803i\x1a\xfc\xfc_u\x10\x8dWf\xae\x03|\x03\
x\xc2\x98^\xf2\xfb\xc0\xb3\x96~,P^\x00\x8c\xb6\
\xfd\x9d\x00\xecP\x9dE\x13s\x03\xf0E\x9a\x81\xff\xac\
\xea0\xd2b\x1d.\x00l\xf0\xd3S\x99\xb96M\x0f\
\x87\xed\xc7\xfc\xd2\xc7\xd3\xb4\x83\xbe\xb9q\xda\x821_\
`.\x9e\x8d\x83\x7f_\xdd\x00\x1c\x04\xdc'\x22^\xe6\
\xe0/\x8d\xc5\xd1\xc0N\x0e\xfe\xbd\xf5I\xc6?\xf8C\
\xb3x\xf0\xd0\xcc\xbcy\xdc/-\x002s\x0d\x9a\x96\
\xbf\xea\x97\xebi\xf6\xef\xdf3\x22\x9e\x1f\x11\x7f\xac\x0e\
$\xf5\xc4\xd7h\xa6\xfd\xed\xee\xd7C\x99\xb97\xf0\xfc\
\x09^b'\x9a5\x05@\xf1#\x80\xcc|=\xcd\xd6\
/\xf5\xc3\x22\x9a\xfe\xfc\xff\xee\x11\xbc\xea\x82\x8e=\x02\
\xf80\xf0\x8f\xee\x96\xe9\xa7\xd1s\xff3\x81M&|\
\xa9\xebin\xce\xce)\x9b\x01\x18\xfd\xb0o\xa9\xba\xbe\
\xc6\xeeH`\xdb\x88x\xa9\x83\xbf4V\x09\xbc3\x22\
^\xef\xe0\xdfk\xafc\xf2\x83?4[\xed\xdf\x0c\x85\
3\x00\x99\xf9v\xe0\x1dU\xd7\xd7\xd8\x9c\x04\xbc9\x22\
~R\x1dD\x9a\xad\x0e\xcc\x00\xd8\xe0g\x00F\x0b\xff\
\xce\x016\x9c\xd2%\xaf\x056/\xe9\x04\x98\x99\x1b\x03\
o\xa8\xb8\xb6\xc6\xe6\x1c\x9a=\xaa\x07\xd9\xa7_\x9a\x88\
\xab\x81gF\xc4\x0f\xaa\x83h\xe2^\xc0\xf4\x06\x7fh\
\xfa\x0a<\xba\xaa\x15\xf0[\x81u\x8b\xae\xad\xf9\xb9\x04\
x\x1f\xf0\xe1\x88\xb8\xae:\x8c\xd4S\x97\xd2l\xd9:\
\xa1:\x88&k\xb4\x15\xfeU\x05\x97~\xdc\xd4\x1f\x01\
d\xe6\x16\xc0\xff1\xf7\xceF\xaaq#\xcd\xf6\x94\xb7\
/\xb9\x8fT\xea\xb2\x96>\x02\xb0\xc1\xcf\x80d\xe6\xe3\
\x81\xc3\x0b.}b\xc5\x0c\xc0\xbe8\xf8w\xcd1\xc0\
\xab#\xe27\xd5A\xa41\xbb\x06X\xb3:\xc4\x12~\
\x0b<!\x22\xfe\x5c\x1dDS\xf3\xba\xa2\xebn:\xd5\
\x19\x80\xcc\xbc\x03p\x06\xed\xfa\x1fN\xcbw>\xcdN\
\x0d\x9f\xf3\xab\x972\xf3<\xe0N\xd59F\x8e\x06\x9e\
\xe6\x1e\xff\xe1\xc8\xcc{\x01\xa7R\xd3\x93\xe7o\xd3\xbe\
\xe8[p\xf0\xef\x82\xeb\x81\xf7\x02\xf7\x8a\x88/9\xf8\
\xab\xc7\xfeR\x1d`\xc4\x06?\xc3\xf4Z\xea\x1a\xf2\xad\
1\xb5\x0b\x8f\xee\xfe_6\xad\xebi\xce~\x04\xdc?\
\x22\xf6\x8d\x88\xab\xaa\xc3H\x13\xf6\xb3\xea\x004\x0d~\
\x9e\x1b\x11\xd7W\x07\xd1\xf4d\xe6\xfa4\xab\xff\xab,\
\x9af\xe5\xf1f\xbc\xfbo\xb3\x8b\x81\xe7E\xc4\xe3\x22\
\xe2\xb4\xea0\xd2\x94\x1cSx\xed\x04\xf6\xb5\xc1\xcf`\
\xbd\x14X\xbb\xf0\xfa\x8b\xa6\xb2\x06 37\x01\xfe\x04\
\xac5\x8d\xebi\xd6\xbe\x0a\xbc6\x22.\xaa\x0e\x22M\
\xd3\xe8<\x92\xbf\x00\x1bL\xf9\xd26\xf8\x19\xb0\xcc\x5c\
\x0d\xf8#p\x97\xc2\x18WMk\x06\xe0\xd58\xf8\xb7\
\xd1\xb94{\x8d\x9f\xe3\xe0\xaf!\x8a\x88ki\xce\xaf\
\x98\xa6\xab\x80\xa78\xf8\x0f\xda^\xd4\x0e\xfe0\x8d\x19\
\x80Q\x8b\xc3\xb3\x81\x8d&}-\xcdX\x02\x9f\x05\xde\
\x14\x11WT\x87\x91*e\xe6\x86\xc0\xe9L\xe7=\xca\
\x06?\x03\x97\x99\xab\x00\xbf\x07\xb6*\x8er\xc94f\
\x00\xf6\xc1\xc1\xbfMN\x03\x1e\x11\x11\xfb8\xf8K\x10\
\x11\x97\xd2t'\x9d\xb43\x81\x878\xf8\x0f\xde\xd3\xa9\
\x1f\xfca\xd23\x00-y\xce\xa1\xc6\xe2\xbb\xfe7D\
\xc4\xd5\xd5a\xa4\xb6\xc9\xcc\xcf\x03/\x9e\xd0\xcb\xdb\xe0\
G\x00d\xe6/\x81m\xabs\x00\x13?\x0e\xf8y8\
\xf8\xb7\xc1y\xc0cGw\xfd\x0e\xfe\xd2\xb2\xbd\x12\xf8\
\xfe\x04^\xf7(`G\x07\x7fe\xe6\xae\xb4c\xf0\x07\
\xb8fb\x05\xc0\xe8\x80\x03O\xfc\xab\xf75\x9a}\xfd\
GV\x07\x91\xdal\xb4 \xf0i\xc0\x17\xc7\xf8\xb2\xfb\
\x03O\xf4q\x9bF\xa6\xf1\xa8i\xa6&\xda\x09pg\
`\xeb\x09\xbe\xbeV\xec2\xe09\x11\xf1\xec\x88\xb8\xac\
:\x8c\xd4\x05\x11qCD\xbc\x90f\x95\xf6\xa5\xf3x\
\xa9Kh\xfaj\xbc\xc2\x06?\x02\xc8\xcc\x9d\x80\xbf\xaf\
\xce\xb1\x84\x89\x16\x00\xaf\x9d\xe0kk\xc5\x8e\xa4\xb9\xeb\
\xffju\x10\xa9\x8b\x22\xe2\xcb\xc0\x96\xc0\xbb\x98]!\
p9\xf0~\xe0\x9e\x11\xf1_\x93\xc8\xa6\xce\xfa\xe7\xea\
\x00K\xb9f\x22\x8b\x00\x8b\x0f8\x18\xb2\x1bh\xce[\
\xf8\x90\xfd\xfb\xa5\xf1\xc8\xcc\xdb\x01O\xa2\x99\xd5|\x08\
pw`\xfd\xd1\xa7\xaf\xa6irv\x12M\x1b\xed\xef\
D\xc45\x051\xd5b\x99\xb9#plu\x8e\xa5\x1c\
6\xa9\xe3\x80_\x8d\x83\xff\xb4\x9d\x0d<+\x22N\xac\
\x0e\x22\xf5\xc9h\x0a\xff[\xa3\x0f\xe0\xe6\x1dN\x19\x11\
7\x96\x05S\x97\xbc\xbb:\xc02\x8c\xff\x11\xc0\xe8\x80\
\x83\x17\x8e\xfbu\xb5B\xdf\x05\xb6u\xf0\x97\xa6c\xb4\
V\xc0\xc1_+\x95\x99O\x04\x1e^\x9dc\x19.\x9f\
\xc4]\xfa\x0b\x80u&\xf0\xba\xba\xad\x1b\x81w\x02\xbb\
\x8d\x9a\x99H\x92Zb\xb4\x1b\xee?\xaas,\xc7\xa5\
\x93x\x04\xe0\x91\xbf\xd3q\x1e\xb0gD\x1c_\x1dD\
\x92\xb4L\xcf\x02\xb6\xa9\x0e\xb1\x1c\x0b\xc7:\x030\xda\
\xe6\xe0\xd6\xbf\xc9\xfb\x1e\xf0@\x07\x7fIj\xa7Q\xcf\
\xff\xb7W\xe7X\x81\xf1\x16\x00\xc0+\xc6\xfcz\xba\xb5\
\x04\xf6\x03\x9e\x1a\x11\x97T\x87\x91$-\xd7K\x80\xbf\
\xab\x0e\xb1\x02\x97\x8dm\x1b`fn\x0e\x9c\x03\xac6\
\xae\xd7\xd4\xad\x5c\x05\xbc \x22\x0e\xad\x0e\x22IZ\xbe\
\xcc\x5c\x83\xe6\x84\xc9;WgY\x81\xc7\x8es\x0d\xc0\
Kp\xf0\x9f\x94?\xd2\xdc\xf5\x9fR\x1dD\x92\xb4R\
\xaf\xa4\xdd\x83?\x8ck\x06`\xb4\xd2\xf1\xffh:g\
i\xbc\xfe\x1b\xb0\x9d\xaf$u@fnH3\x1en\
X\x9de%\xee2\xae5\x00\x8f\xc2\xc1\x7f\x12>\x03\
\xec\xea\xe0/I\x9d\xf1n\xda?\xf8\x03\x5c4\xaeG\
\x00/\x1a\xd3\xeb\xa8q\x0d\xf0\xd2\x88\xf8Ju\x10I\
\xd2\xccd\xe6\xfd\x80\x97V\xe7\x98\x81\xcb#\xe2\xday\
\x17\x00\x99\xb9.\xf0\xf41\x04R\xe3\x12\x9a\xe7\xfdn\
\xf1\x93\xa4n\xf9\x00\xb0Ju\x88\x19\xb8\x10`\x1c3\
\x00\xcf\x02\xd6\x1a\xc3\xeb\x08\xce\xa09;\xfc\xf4\xea \
\x92\xa4\x99\xcb\xcc\xa7\x01\xbbT\xe7\x98\xa1\x0ba<\x07\
\xf6\xbcp\x0c\xaf!8\x1e\xd8\xc1\xc1_\x92\xba%3\
W\x07\xdeW\x9dc\x16.\x82y\x16\x00\x99\xb9%\xf0\
\xf7c\x893l\x07\x03;\xdb\xdcG\x92:\xe9\xb5t\
k!\xfc_`\xfe3\x00\xcf\x05\xc6\xd6Lh\xa0>\
J\xd3\xd3\xff\xda\xea \x92\xa4\xd9\xc9\xccM\x81\xb7V\
\xe7\x98\xa5s`\xfek\x00\x9e=\x86 C\xb5\x08x\
mD|\xa2:\x88$i\xce\xde\x0f\xacW\x1db\x96\
\xce\x83y\x14\x00\x99\xb9-\xed\xees\xdcf\xd7\xd14\
\xf7\xf9Vu\x10I\xd2\xdcd\xe6c\x80\xbd\xaas\xcc\
\xc1\xb90\xbf\x19\x80\xe7\x8c)\xc8\xd0\x5c\x0d\xec\x1e\x11\
?\xaa\x0e\x22I\x9a\x9b\xd1\xc2\xbfO\xd0\xcd\xc7\xe0g\
\xc3\x1c\x0b\x80\xcc\x5c@\xb3\xfdO\xb3\xb3\x10xRD\
\xfc\xb4:\x88$i^\xfe\x05\xd8\xaa:\xc4\x1c,\x02\
\xce\x87\xb9\xcf\x00<\x0c\xd8blq\x86\xe1B\xe0\xb1\
\x11\xf1\x9b\xea \x92\xa4\xb9\xcb\xcc\xfb\x00o\xaa\xce1\
G\xe7G\xc4\x8d0\xf7\x02\xe0\x19c\x0c3\x04\xe7\x00\
\xbb\xb8\xc7_\x92\xbamt\xf8\xdd\xc7\x81\xdbUg\x99\
\xa33\x16\xfff\xd6\xdb\x00G?\xfcnc\x8d\xd3o\
\xa7\x01;:\xf8KR/\xbc\x0c\xd8\xa9:\xc4<\xfc\
q\xf1o\xe6\xd2\x07`{\xe0.\xe3\xcb\xd2k\xbf\x06\
\x1e\x11\x11\xe7V\x07\x91$\xcdOfn\x06\xbc\xa7:\
\xc7<\x9d\xb9\xf87sy\x04\xe0\xc1?3\xf3\xbf\xd8\
\xddO\x92\xfa\xe4c\xc0\x06\xd5!\xe6i^3\x00\x16\
\x00+\xf7\x07\xe0q\x0e\xfe\x92\xd4\x0f\x99\xb9'\xb0G\
u\x8e1\xb8\xb9\x00\x98\xd5\xfe\xc5\xd1Y\xc7\xaeb_\
\xb1\xdf\x01\x8f\x8e\x88\x8b\xaa\x83H\x92\xe6/37\xa7\
yo\xdf\xa8:\xcb\x18\xac\x17\x11W\xc0\xecg\x00v\
\x9d@\x98>9\x85f\xda\xdf\xc1_\x92\xfa\xe33\xf4\
c\xf0\xbfp\xf1\xe0\x0f\xb3/\x00\x9e<\xe60}r\
:\xcd\xe0\x7fau\x10I\xd2xd\xe6\x8b\xe8\xcf\xd8\
w\xca\x92\xff0\xe3\x02 37\x01\x1e<\xf68\xfd\
p:\xb0SD\x9c_\x1dD\x924\x1e\x99y'\xe0\
\x03\xd59\xc6\xe8\xf7K\xfe\xc3lf\x00\x9e\x00\xac2\
\xde,\xbdp&\xcd\xe0\xff\x97\xea \x92\xa4\xf1\x18\xf5\
\xbc\xf9\x02\xdd_\xf5\xbf\xa4S\x97\xfc\x87\xd9\x14\x00}\
\x99\x02\x19\xa7\xbf\x02Op\xf0\x97\xa4\xdey\x05\xb0K\
u\x881\xbb\xd5\x0c\xc0\x8cv\x01d\xe6j\xc0\xc5\xc0\
\xba\x93H\xd4Q\x0b\x81GE\xc4\xffV\x07\x91$\x8d\
Ofn\x05\xfc\x12X\xbb:\xcb\x98m\xba\xe4\x22\xf5\
\x99\xce\x00\xec\x80\x83\xff\x92\xae\x01\x9e\xec\xe0/I\xfd\
\x92\x99k\x00_\xa3\x7f\x83\xffEK\xefP\x9bi\x01\
\xd0\xb7i\x90\xf9X\x04\xec\x15\x11\xc7U\x07\x91$\x8d\
\xdd\xfb\x80\x07V\x87\x98\x80\xdb\xdc\xb0Z\x00\xccN\x02\
/\x8b\x88C\xab\x83H\x92\xc6+3w\x05^Y\x9d\
cBN^\xfa\x0fVZ\x00d\xe6\xba\xc0v\x13\x89\
\xd3=o\x8c\x88/T\x87\x90$\x8dWfn\x01\x1c\
\xc8,;\xe4v\xc8\xec\x0b\x00\xe0\xd1\xc0j\xe3\xcf\xd2\
9\xfbE\xc4\x07\xabCH\x92\xc6+3W\xa5y\xee\
\xdf\x87n\x7f\xcb\xf3\xeb\xa5\xff`&\x05\x80\xd3\xffp\
\x08\xf0\xd6\xea\x10\x92\xa4\x89x\x07\xf0\xb0\xea\x10\x13\xf4\
7\x9a\x86u\xb72\x93\x02\xe0Qc\x8f\xd2-'\x02\
\xcf\x8f\x88\x9b\xaa\x83H\x92\xc6+3\x1f\x0d\xfcSu\
\x8e\x09\xfbMD,Z\xfa\x0fWX\x00\x8c\xda\xff\xde\
{b\x91\xda\xefl\xe0\xa9\x11qMu\x10I\xd2x\
\x8d\x9e\xfb\x7f\x85\xd9\x9f\x8b\xd35\xbfZ\xd6\x1f\xae\xec\
\x87~\x04\xfd]\x10\xb12W\x02O\xf1p\x1fI\xea\
\x9fQ\x83\xbb\xaf\x01\x9bUg\x99\x82\x9f-\xeb\x0fg\
R\x00\x0c\xd1\x22\xe09\x11\xf1\x9b\xea \x92\xa4\x89\xf8\
\x04\xfd~\xee\xbf\xa49\x15\x00\x8f\x9c@\x90.xM\
D|\xaf:\x84$i\xfc2so\xe0e\xd59\xa6\
\xe4\x12\xe0\x8f\xcb\xfa\xc4r\x0b\x80\xcc\xdc\x00\xb8\xdf\xa4\
\x12\xb5\xd8\x87#\xe2\x93\xd5!$I\xe3\x97\x99;\x00\
\x1f\xad\xce1E'FD.\xeb\x13+\x9a\x01x\xe8\
J>\xdfG\xff\x03\xbc\xa9:\x84$i\xfc2s3\
\x9am\xdd\xabWg\x99\xa2\x13\x97\xf7\x89\x15\x0d\xf0;\
L H\x9b\x9d\x03\xec\x19\x117V\x07\x91$\x8d\xd7\
\xa8\xd9\xcf\xd7\x81-\xaa\xb3L\xd92\x9f\xff\x83\x05\xc0\
b\xd7\x02\xbb/}R\x92$\xa97>\xc8\xf0\xd6\xb5\
\xdd\x08\x9c\xb0\xbcO.\xb3\x00\xc8\xcc\x00\x1e<\xa9D\
-\xf4\xca\x88\xf8eu\x08I\xd2\xf8\x8d\x16\xfd\xbd\xba\
:G\x81\x93#\xe2\xca\xe5}ry3\x00\xf7\x06\xd6\
\x9fL\x9e\xd6\xf9xD\x1cP\x1dB\x924~\x99\xf9\
\x04\x9a-\x7fC\xf4\x93\x15}ry\x05\xc0C&\x10\
\xa4\x8dN\x00\xfe\xb1:\x84$i\xfc2sk\xe0\xab\
\xc0\xaa\xd5Y\x8a\x1c\xb3\xa2O.\xaf\x00\xd8~\x02A\
\xda\xe6/4\xcf\xfd\xaf\xaf\x0e\x22I\x1a\xaf\xcc\xbc#\
\xf0C`\xbd\xea,En\x02\x8e[\xd1\x17,\xaf\x00\
\xd8v\xfcYZ\xe5F\x9a\x15\xff\x17T\x07\x91$\x8d\
Wf\xae\x0d|\x97\xe1\xad\xf8_\xd2o#\xe2\xb2\x15\
}\xc1m\x0a\x80\xd1V\x89\xfbO,R;\xfc[D\
\x1c[\x1dB\x924^\x99\xb9\x00\xf82\xfd\xbf\x91]\
\x99\x1f\xaf\xec\x0b\x965\x03po`\x8d\xb1Gi\x8f\
\xa3\x81wW\x87\x90$M\xc4\x07\x80\xa7V\x87h\x81\
#V\xf6\x05\xcb*\x00\xfa\x5c5]\x04\xec\xb5\xacs\
\x91%I\xdd\x96\x99\xff\x04\xbc\xae:G\x0b\x5c\xcfJ\
v\x00\xc0\xb2\x0b\x80m\xc6\x9f\xa5\x15\x12xiD\xfc\
\xa5:\x88$i\xbc2\xf3\x05\xc0\xbb\xaas\xb4\xc4O\
#\xe2\xaa\x95}\xd1\x90\x0a\x80\x0fF\xc4a\xd5!$\
I\xe3\x95\x99O\x05>\x07Du\x96\x96X\xe9\xf4?\
,\xe3_Vf^\x0al0\xf68\xb5~\x01<\xcc\
-\x7f\x92\xd4/\x99\xf9h\xe0\x07\x0c\xeb\x80\x9f\x95y\
pD\xfc|e_t\xab\x02`\xb4o\xf2\xcf\x13\x8b\
T\xe3J`\x9b\x888\xa3:\x88$i|2s;\
\x9aS\x5co_\x9d\xa5E.\x066\x8b\x88\x9bV\xf6\
\x85K?\x02\xb8\xcfd\xf2\x94z\xbd\x83\xbf$\xf5K\
f\xde\x03\xf8\x1e\x0e\xfeK;|&\x83?\xf4\xbf\x00\
\xf8~D|\xbe:\x84$i|2\xf3.\xc0Q\xc0\
f\xd5YZ\xe8\xfb3\xfd\xc2>\x17\x00\x0b\x81\x97W\
\x87\x90$\x8dOfnA3\xed\x7f\x97\xea,-t\
#\xf0\xdf3\xfd\xe2>\x17\x00\xff\x10\x11\xe7U\x87\x90\
$\x8dGfnN\xb3\xc2}\xcb\xea,-ulD\
,\x9c\xe9\x17/}BR_\x0a\x80C\x22\xe2\xab\xd5\
!$I\xe31Z\xa4\xfec\xe0\x9e\xc5Q\xda\xec\x07\
\xb3\xf9\xe2\x9bw\x01d\xe6\x86\xc0%c\x8f3}\x17\
\x02\xf7\x8d\x88\x8b\xab\x83H\x92\xe6/3\xef@\xd3\xc6\
}\xab\xea,-w\xef\x88\xf8\xc3L\xbfx\xc9G\x00\
\xf7\x98@\x98\x0a\xaft\xf0\x97\xa4~\xc8\xccM\x81#\
q\xf0_\x99Sf3\xf8\xc3\xad\x0b\x80><S\xf9\
RD|\xb3:\x84$i\xfe2s3\x9ai\xff\xbe\
<\x9e\x9e\xa4Cg\xfb\x0d}\x9a\x01\xb8\x08xCu\
\x08I\xd2\xfc\x8d\x9e\xf9\xff\x0f\xcd\x09\xb5Z\xb9Y\xdf\
\xfc\xf6\xa9\x00xcD\xf4a\x0d\x83$\x0dZf\xfe\
?\x9a\xd3\xec\xbc\xf3\x9f\x99\xb3\x22\xe2\xd7\xb3\xfd\xa6\xbe\
\x14\x00?\x01\x0e\xaa\x0e!I\x9a\x9f\xcc\xfc;\xe0X\
\xba=&M\xdb7\xe6\xf2MK\x16\x00w\x1bS\x90\
i\xbb\x16\xd8;\x22\xb2:\x88$i\xeeF\xbd\xfd\x8f\
\x05\xb6\xa8\xce\xd21\xdf\x9a\xcb7-\x00\xc8\xcc\xd5\x81\
\xcd\xc7\x1agz\xfe3\x22N\xaf\x0e!I\x9a\xbb\xcc\
|8M{\xdf\x8d\xab\xb3t\xcc\xd9\xc0Is\xf9\xc6\
\xc53\x00w\xa2\x9b\xe7(\x9f\x0e\xbc\xb7:\x84$i\
\xee2\xf3\x894-l\xd7\xad\xce\xd2A\xff5\xd7\x19\
\xf0\xc5\x05\xc0\x9d\xc7\x18fZ\x92f\xea\xff\xda\xea \
\x92\xa4\xb9\xc9\xccg\x01\xdf\x06\xd6\xac\xce\xd2Q_\x9b\
\xeb7v\xb9\x0080\x22~R\x1dB\x9247\x99\
\xf9\x06\xe0+\xc0j\xd5Y:\xea7\x11\xf1\xbb\xb9~\
\xf3\xe2\xb3\x00\xbav\xaa\xd2\x15\xc0?U\x87\x90$\xcd\
^f\xae\x02|\x08xuu\x96\x8e\xfb\xca|\xbey\
q\x01\xd0\xb5\x15\x97\xef\x8c\x88\x0b\xabCH\x92f'\
3\xd7\x02\xbe\x0a<\xa5:K\xc7%\xf3\x98\xfe\x87[\
\x0a\x80;\xcc?\xcb\xd4\x9c\x06|\xbc:\x84$iv\
F\xad}\xbf\x0bl_\x9d\xa5\x07\x8e\x89\x88\xb3\xe7\xf3\
\x02\x8b\x0b\x80.m\x01|CD\x5c_\x1dB\x924\
s\x99y\x0f\x9a\xe3j=\xcew<\xbe0\xdf\x17X\
\xbc\x08p\xb3\xf9\xbe\xd0\x94\x1c\x19\x11\xb3:\xefX\x92\
T+3\x1f\x0a\x9c\x80\x83\xff\xb8\x5c\xc5\x1cz\xff/\
mq\x01\xb0\xe9|_h\x0an\x00^S\x1dB\x92\
4s\x99\xf9\x12\x9aC}l\xf03>_\x8f\x88\xab\
\xe6\xfb\x22\x0b2s\x1d`\xed1\x04\x9a\xb4OF\xc4\
\xa9\xd5!$I+\x97\x99\xabf\xe6{\x80\xcf\x01\xab\
W\xe7\xe9\x99\x03\xc6\xf1\x22\x91\x99[\x02\x7f\x1c\xc7\x8b\
M\xd0\xa5\xc0\xbd<\xedO\x92\xda/37\x02\xbe\x0e\
<\xa6:K\x0f\x9d\x0e\xfc\xdd8\xce\xbfY\x15\xd8d\
\xfey&\xee\x1d\x0e\xfe\x92\xd4~\x99\xf9@\x9a\xc3i\
\xfe_es\xeem\x00\x00\x16!IDATq\x94\
\xbe\xfa\xec\xb8\x0e\xbf[\x00l4\x8e\x17\x9a\xa0\xb3\x81\
\xcfT\x87\x90$\xadXf\xee\x01\x1c\x87\x83\xff\xa4\x5c\
\x07|q\x5c/\xb6\x00X\x7f\x5c/6!o\x8f\x88\
\xeb\xaaCH\x92\x96-3#3\xf7\xa5\x99\xf6\xef\xc2\
\x9a\xb2\xae:8\x22.\x1a\xd7\x8b\xadJ\xbb\x0b\x80\xd3\
\x80/W\x87\x90$-[fn\x0c|\x09xBu\
\x96\x01\xf8\xf48_\xac\xed\x05\xc0[#\xe2\xc6\xea\x10\
\x92\xa4\xdb\xca\xccG\xd0\xf4\xa3\xbfSu\x96\x018\x15\
8~\x9c/\xd8\xe6G\x00\xbf\xa0YH\x22Ij\x91\
\xd1\x94\xffk\x81#q\xf0\x9f\x96O\x8ck\xf1\xdfb\
\xab\x02\xeb\x8d\xf3\x05\xc7\xe8\xad\xe3\xfea%I\xf3\x93\
\x99\x9b\x00\x07\x01\x8f\xab\xce2 W\xd0\xfc;\x1f\xab\
\xb6\x16\x00\xff\x13\x11GT\x87P\xfbe\xe6\x1a\x00\x11\
qmu\x16\xa9\xef2\xf3\xe14'\xf9y\xd7?]\
_\x88\x88+\xc6\xfd\xa2\xab\x02k\x8d\xfbE\xc7\xe0\x9f\
\xab\x03\xa8}2sm`w`g\x9a\xd3\xc4\xee\x06\
\xac1\xfa\xdcU\xc0\x194\xfd\xc6\x8f\x00\xbe\xef\xee\x11\
i<2s\x01\xb0/\xf0o\xdcr\x88\x9c\xa6c\x11\
\xf0\xd1I\xbcpd\xe6Q\xc0\xa3'\xf1\xe2s\xf4\xc3\
\x88p5\xa9n\x96\x99\x1b\x02o\x03^\x0a\xdc~\x86\
\xdfv)\xb0?\xf0\xbe\x88X8\xa9lR\xdfe\xe6\
]iV\xf9?\xa2:\xcb@};\x22\x9e6\x89\x17\
^\x00\xac9\x89\x17\x9e\x87wW\x07P{d\xe6\x0b\
hZU\xbf\x9e\x99\x0f\xfe\x00\x1b\x02o\x05\xce\xc8\xcc\
\xbd&\x91M\xea\xbb\xcc|>\xf0\x1b\x1c\xfc+}x\
R/\xbc\x80v=\x0286\x22\x8e\xad\x0e\xa1z\x99\
y\xbb\xcc\xdc\x1f8\x10\xd8`\x1e/\xb5!pPf\
~13W\x1bK8\xa9\xe72s\xa3\xcc<\x98\xa6\
\xeb\xdc\xba\xd5y\x06\xec\xe4\x88\xf8\xc9\xa4^\xbcmk\
\x00\xbc\xfb\x17\x99\xb9.p(\xe3=H\xe4\xf9\xc0F\
\x99\xf9\x0c\x17\x0cJ\xcb\x97\x99\x8f\xa79m\xee\x0e\xd5\
Y\xc4\x07&\xf9\xe2m\x9a\x018\x19\xf8\xef\xea\x10\xaa\
\x95\x99\x9b\x01G3\x99S\xc4\x9e\x04|v\x02\xaf+\
u^f\xae1:\xbe\xf7\xfb8\xf8\xb7\xc1Y4\xad\
\x95'f\x01\xed9\xa7\xf9?\xdc\xf7?l\x99yO\
\xe0\xa7\xc0\xb6\x13\xbc\xcc^\x99\xb9\xf7\x04__\xea\x9c\
\xcc|$\xcd\xb3\xfe}i\xc6\x05\xd5\xfb\xe0\xa4;\xe1\
Ff^F}7\xc0S\x81\xfbF\xc4M\xc59T\
$3\xb7\xa3\xb9\xf3\xd8t\x0a\x97\xbb\x0c\xb8WD\x5c\
<\x85kI\xad\x95\x99\xeb\xd1l\xed{\x15\x0e\xfcm\
r\x09p\xd7\x88\xb8z\x92\x17Y@;\xfe\xa3\xbf\xdb\
\xc1\x7f\xb8F\xcf\x1c\x8ff:\x83?4\x8b\x0a\xdf2\
\xa5kI\xad\x94\x99\xbb\x01\xa7\x00\xaf\xa1\x1d\xe3\x80n\
\xf1\x91I\x0f\xfe\xd0\xcc\x00\x5cE\xed\xf1\x8dg\x02[\
y\xe8\xcf0e\xe6\xf3\x80\xcf\x03\xd3^\xa1\x7f\x09\xb0\
\x85\x0b\x0254\x99\xb99\xf0q\xe0\xe9\xd5Y\xb4L\
W\xd1\xdc\xfd_:\xe9\x0b-\x00V\x99\xf4EV\xe2\
c\x0e\xfe\xc3\x94\x99o\xa6\xd9fT\xb1=o#\x9a\
E\x81\xd2 \x8c\x0e\xf0y\x09\xcd]\xbf\x83\x7f{}\
b\x1a\x83?\xd4\x17\x00W\x02_(\xbc\xbe\x0ad\xe6\
\x82\xcc\xfc\x10\xb0\x1f\x10\x85Qln\xa2A\xc8\xcc\xfb\
\xd2<f\xfb\x1c\xf3\xeb\xab\xa1\xc9\xba\x9a\x09o\xfd[\
\xd2\xaa\xd4\x16\x00\x07F\xc4\xe5\x85\xd7\xd7\x94e\xe6\xed\
h\xee\xfa\xf7\xac\xce\x02\xecP\x1d@\x9a\xa4\xd1\x22\xbf\
w\x02\xaf\xc4\x1e\xfe]\xf0\xc9\x88\xb8hZ\x17\x8b\xcc\
\xbc\x9a\x9a^\x00\x09\xdc;\x22N+\xb8\xb6\x0ad\xe6\
:\xc0!\xb4\xe7\x18\xd1\xf3\x22\xe2\xce\xd5!\xa4q\xcb\
\xcc\x00\x9e\x07\xbc\x17\xd8\xac8\x8ef\xe6j\xe0\xee\x11\
\xf1\xd7i]p\x010\xb5\x8b-\xe5\x07\x0e\xfe\xc31\
j\xf0\xf3\x13\xda3\xf8C\xb3\x0e@\xea\x95\xcc\xdc\x06\
8\x96f\xa6\xcd\xc1\xbf;>5\xcd\xc1\x1fj\x0b\x80\
\x89\x1co\xa8\xf6\x99R\x83\x9f\xb9h\xdbAX\xd2\x9c\
\x8d\xfa\xf7\xef\x0f\xfc\x02xXu\x1e\xcd\xca\xd5\xc0\xfb\
\xa7}\xd1\x05\xc0\xffN\xfb\xa24\xabP\x8f(\xb8\xae\
\xa6l\xd4\xe0\xe78\xe0\xee\xd5Y\xa4>\x1a\x1d\x9c\xb5\
7MC\xb5}pO\x7f\x17}$\x22.\x9c\xf6E\
\x17\x00?\x9a\xf6E\x81\x8f\xda\xf6\xb7\xff2\xf31\xc0\
QL\xaf\xc1\x8f4\x18\xa3\xdd4{\x00\x7f\x00>\x0d\
lR\x1cIs\xb3\x90)\xae\xfc_\xd2\x02\xe0H\xe0\
\xba)^\xf3R\xe0\xbf\xa6x=\x15\x185\xf89\x1c\
\x8f\x12\x95\xc6.3\x1f\x07\xfc\x0a\xf8\x06p\xb7\xe28\
\x9a\x9f\xfd\xa6\xb5\xef\x7fi\x0b\x22b!\xcd\xd1\x8f\xd3\
\xf2\xfei\xb48T\x9d\xcc|-p 5\x0d~\xa4\
\xde\xca\xcc\xad3\xf3\xbb\xc0\x0f\x81\x07T\xe7\xd1\xbc\x9d\
O\xe1z\xb8\x00\xc8\xcc\xbb\x02\xff\xc7\xe4\xdf\xb0/\x04\
\xb6\xb4\x00\xe8\xa7\xcc\x5c@3\x95\xf5\xba\xea,3\x15\
\x11\x95\x8d\x88\xa4\x19\x19-\xa4};\xf0l|\xc6\xdf\
'\xaf\x8c\x88OV]|\x01@D\x9cM\xf3\x97k\
\xd2\xde\xea\xe0\xdfO\xa3\x06?_\xa6C\x83\xbf\xd4v\
\x99y\xcf\xcc\xfc\x22\xcd\xc2\xe9\xe7\xe2\xe0\xdf'\x7f\x04\
>[\x19\xe0\xe6\xbb\x9f\xd1\xdd\xdb\xe1\xc0c't\xad\
/G\xc4^\x13zm\x15ja\x83\x9f\x19s\x06@\
m\x94\x99w\xa39\xb1\xf2\xc5\xd8\xc1\xaf\xafv\x8f\x88\
oU\x06\xb8\xd5\x9b_f\xaeOs&\xfbC\xc7|\
\x9d\x9f\x02;G\xc45c~]\x15\x1b\x9d,\xf6\x03\
`\x9b\xea,sa\x01\xa06\x19M\xf5\xbf\x0dx\x0e\
\x0e\xfc}vlD\x94\x9fEr\xab\xe9\xa4\xd1\x82\xc0\
\xc7\xd2\xbc\xa1\x8f\xcba\xc0.\x0e\xfe\xfd3z\xb3:\
\x9e\x8e\x0e\xfeR[d\xe6V\xa3\xa9\xfeS\x81\xe7\xe3\
\xe0\xdfg\x09\xfccu\x08X\xc6\xf3\xa4\xd13\xfa]\
\x81\x97\xd3\x9c\xd67W\xd7\x00\xffB3\xcd\xf1\xb7y\
\xbc\x8eZ(3\xb7\xa7\x19\xfcm\xf0#\xcdQf\xee\
\x98\x99\xdf\xa6y\xc6\xff|\xea\x8fg\xd7\xe4}9\x22\
~^\x1d\x02Vr\x14\xebhz\xf754\xc5\xc0L\
\x8f\x90\xbc\x96\xe6y\xf0\xbfF\xc4Y\xf3\x8b\xa76\xca\
\xcc\xc7\x03\x07\x03\xebTg\x99/\x1f\x01h\xda2s\
\x15\xe0i\xc0\x1b\xf1D\xca\xa1\xb9\x06\xd8*\x22\xce\xad\
\x0e\x023<\x8b=3\xd7\x02\x1e\x0d<\x1e\xd8\x1e\xb8\
\x0b\xb0\xf9\xe8\xd3W\x00\xe7\x01\xbf\xa4i\xf9\xfa\x8d\xd1\
\xa3\x04\xf5\xd0\xa8\xc1\xcf\xe7\xe9\xc9\x1e\x7f\x0b\x00MK\
f\xae\x0d\xbc\x10x=\xb0em\x1a\x15ygD\xbc\
\xa3:\xc4b\xbe\xf9i\xc62\xf3\xcd\xc0{\xe8\xd1\xdf\
\x1b\x0b\x00MZf\xde\x11x\xc5\xe8\xc3\x13(\x87\xeb\
O\xc0}\xda\xb4\x1e\xce\x85&Z\xa9\xd1\xd9\xe2\xfb\x01\
o\xaa\xce\x22uEf\xeeH\xf3\x08u7z2c\
\xa6yyC\x9b\x06\x7f\xe8\xd1\x9d\x9c&c\xd4\xe0\xe7\
@\x9a\x0ed\xbd\xe3\x0c\x80\xc6)3\xd7\x03\x9e\x05\xbc\
\x1a\xb8oq\x1c\xb5\xc7\x91\x11\xb1Ku\x88\xa5\xf9\xe6\
\xa7\xe5\xear\x83\x9f\x99\xb2\x00\xd08d\xe6\x83\x80\xbd\
i\xba\xf5\xad]\x1cG\xedr\x03p\xff\x88\xf8Cu\
\x90\xa5\xf9\x08@\xcb\xd4\xf5\x06?\xd2\xa4e\xe6F4\
3c/\x04\x1eT\x9bF-\xf6\xa16\x0e\xfe\xe0\x0c\
\x80\x96!3\xefNs\xda\xd8=\xab\xb3L\x9a3\x00\
\x9a\x8d\xd1\x16\xbe\x9dh\xee\xf6\x9f\x0a\xdc\xae6\x91Z\
\xee\x1c`\xeb\x88\xb8\xaa:\xc8\xb28\x03\xa0[\xc9\xcc\
\xedh\xdaAoZ\x9dEj\x8b\xcc\xdc\x1ax\x1e\xf0\
\x22\xfc\x7fC3\xf7\xaa\xb6\x0e\xfe`\x01\xa0%\xf4\xa9\
\xc1\x8f4_\x99\xb9%\xf0L\x9a\x81\xff\xde\xc5q\xd4\
=\x07G\xc4w\xabC\xac\x88\xd3\x9f\x02 3\xf7\x02\
\x0e``\xdb\x95|\x04\xa0%\x8dN\xe1{\x0a\xb0\x07\
\xcd\xa1h\xfe\xfd\xd0\x5c\x5cA\xb3\xe7\xff\xcf\xd5AV\
\xc4\x19\x00\xf5\xb2\xc1\x8f4S\xa3\xe9\xfdg\x00O\x07\
\xeeW\x1cG\xfd\xf0\xd6\xb6\x0f\xfe\xe0\x1b\xfe\xa0e\xe6\
\x02\xe0\x03\xc0\xeb\xaa\xb3Tq\x06`xF\x0b\xf9\xb6\
\xa79\xf4lw\x9c\xde\xd7x\x1d\x07<2\x22n\xaa\
\x0e\xb22\xbe\xf9\x0dT\xdf\x1b\xfc\xcc\x94\x05\xc00\x8c\
\xb6\xec=\x1a\xd8\x19x2p\x87\xdaD\xea\xa9\xeb\x80\
m\x22\xe2\xd4\xea 3\xe1#\x80\x01\x1aB\x83\x1f\x0d\
\xdbhvk\x1b\x9a\x01\x7fg\xe0Q\xf8~\xa7\xc9{\
[W\x06\x7fp\x06`pl\xf0sk\xce\x00\xf4\xc3\
\xe8\xbc\x8a\xfb\x00\x8f\x1c}\xec\x04lR\x1aJCs\
\x12\xf0\xd0\x88XT\x1dd\xa6|\xf3\x1b\x90!5\xf8\
\x99)\x0b\x80\xee\x1a\xfd}\xde\x19\xd8\x91f\xc0\xdf\xa2\
6\x91\x06\xecz\xe0A\x11\xf1\xbb\xea \xb3\xe1\x94\xd8\
@d\xe6\xf64\x0d~\xbc+R\xe7d\xe6\xda\xc0\xb6\
4\x8b\xf7v\x04\x1e\x0el\x5c\x1aJ\xba\xc5;\xba6\
\xf8\x833\x00\x83\x90\x99\x8f\x01\x0e\x05\xd6\xad\xce\xd26\
\xce\x00\xb4Of\xae\x0alE\xd3_\x7f\xf1\xc7\xf6\xd8\
vW\xedt<\xcd\xaa\xff\xceL\xfd/\xe6\x9b_\xcf\
e\xe6\xf3\x80\xcf3\xb0\x06?3e\x01P+3\xd7\
\x07\xb6\x1e}\xdc\x0f\xd8\x0ex \xb0Fe.i\x86\
\xae\x04\x1e\x18\x11gV\x07\x99\x0b\x1f\x01\xf4Xf\xbe\
\x16\xf8 \xb0\xa0:\x8b\x86m\xb4\xed\xf4\x9e4\x0b\xf5\
\xb6\xa6\xb9\xab\xbf\x0fp7\xbc\x11Qw\xbd\xae\xab\x83\
?\xf8?^/\xd9\xe0g\xe6\x9c\x01\x18\x9f\xd1\x0e\x93\
\xbb\xd3\x0c\xeaw_\xea\xf7w\xc2BT\xfdrXD\
<\xb5:\xc4|\xf8\xe6\xd73\xa3;\xad/\x02{V\
g\xe9\x02\x0b\x80\x95\xcb\xcc5\x81\xcd\x80;\xd2\x9c\x84\
w\xc7\xd1?oN\xd3Pg\xf1@\xbfVUFi\
\xca.\x00\x1e\x10\x11\x7f\xad\x0e2\x1f>\x02\xe8\x91\xcc\
\x5c\x97f\xb1\xdfc\xaa\xb3tEfnP\x9daB\
\xd6\x00\xd6\x5c\xe2\x9f\xd7\xe7\x96\x82\x7f\xdde|\xac7\
\xfa\x9a%\xffl\x13\x9a\x01~\xbd\xe9D\x96:\xe1&\
\xe0\xf9]\x1f\xfc\xc1\x02\xa072s3\x9a\x06?\xdb\
Vg\xe9\x98K\xab\x03H\xea\x94\xf7E\xc4\x11\xd5!\
\xc6\xc1\xe9\xcf\x1e\xb0\xc1\x8f$M\xc5/\x80\x87E\xc4\
\xf5\xd5A\xc6\xc1\x02\xa0\xe32s;\x9a\x06?\x9bV\
g\x91\xa4\x1e\xbb\x8a\xa6\xdb\xdf\xe9\xd5A\xc6\xc5U\xb9\
\x1d\x96\x99\x8f\x07\x8e\xc6\xc1_\x92&m\xef>\x0d\xfe\
`\x01\xd0Y\x99\xb9\x17p\x18\xb0Nu\x16I\xea\xb9\
OD\xc4W\xabC\x8c\x9b\x8f\x00:\xc8\x06?\x924\
5?\x07\x1e\x1e\x11\xd7U\x07\x197\x0b\x80\x0e\x19\x1d\
y\xba\x1f\xf0\xa6\xea,\x924\x00\x97\xd1<\xf7?\xab\
:\xc8$\xb8\x0d\xb0#F\x0d~\x0e\x04\x9e]\x1cE\
\x92\x86\xe0&\xe0\xb9}\x1d\xfc\xc1\x02\xa0\x13l\xf0#\
IS\xf7\xae\x888\xbc:\xc4$\xf9\x08\xa0\xe5l\xf0\
#IS\xf7\xdf\xc0\x93\xbax\xc4\xeflX\x00\xb4\x98\
\x0d~$i\xeaN\x07v\x88\x88\x85\xd5A&\xcdU\
\xe4-5j\xf0s\x02\x0e\xfe\x924-W\x02\xbb\x0f\
a\xf0\x07\x0b\x80V\xca\xcc\xc7\x00Ga\x83\x1fI\x9a\
\x96\x04^\x14\x11\xbf\xaf\x0e2-\x16\x00-\x93\x99\xcf\
\x03\x0e\xa79\x8dM\x924\x1d\xef\x88\x88oV\x87\x98\
&\xd7\x00\xb4\x88\x0d~$\xa9\xc4\xc1\xc0\xb3\x22\x22\xab\
\x83L\x93\x05@\x0b\xd8\xe0G\x92\xca\xfc\x1cxTD\
\xfc\xad:\xc8\xb4Y\x00\x14\xb3\xc1\x8f$\x95\xf9\x13\xf0\
\x90\x88\xb8\xb0:H\x05\x1b\x01\x15\xca\xccu\x80C\x80\
\xc7Ug\x91\xa4\x81\xb9\x12x\xcaP\x07\x7f\xb0\x00(\
\x93\x99\x9b\xd34\xf8\xd9\xa6:\x8b$\x0d\xcc\x0d\xc03\
\x22\xe2\xb7\xd5A*Y\x00\x14\xb0\xc1\x8f$\x95I`\
\x9f\x88\xf8Qu\x90j\xae6\x9f2\x1b\xfcHR\xa9\
\x7f\x8d\x88/T\x87h\x03\x17\x01N\xd1\xa8\xc1\xcf\xa1\
\xb8\xc7_\x92*|.\x22^V\x1d\xa2-,\x00\xa6\
$3\xf7\x02\x0e\x00V\xab\xce\x22I\x03\xf4}`\xb7\
\x88\xb8\xb1:H[\xf8\x08`\x0a2\xf3\xcd\xc0\x97p\
\xf0\x97\xa4\x0a?\x05\x9e\xe9\xe0\x7fk\xce\x00L\x90\x0d\
~$\xa9\xdcoi\x1a\xfd\x5cZ\x1d\xa4m,\x00&\
\xc4\x06?\x92T\xee\x0c\xe0\xe1\x11q~u\x906\xb2\
\x00\x98\x00\x1b\xfcHR\xb9?\xd3\x0c\xfegU\x07i\
+\xfb\x00\x8c\x99\x0d~$\xa9\xdc\xc5\xc0c\x1d\xfcW\
\xcc\x02`\x8cl\xf0#I\xe5.\x07\x9e\x10\x11\xa7T\
\x07i;w\x01\x8c\x89\x0d~$\xa9\xdc\x154w\xfe\
\xbf\xa8\x0e\xd2\x05\x16\x00c0j\xf0s\x14\xb0iu\
\x16I\x1a\xa8\xbf\x01O\x8e\x88\x93\xaa\x83t\x85\x05\xc0\
<\x8d\x1a\xfc\x1c\x8e\xdd\xfd$\xa9\xca\xdf\x80]#\xe2\
\x98\xea ]b\x010\x0f6\xf8\x91\xa4r\x8b\xef\xfc\
\x8f\xae\x0e\xd25n\x03\x9c\x03\x1b\xfcHR+\x5c\x0d\
<%\x22\xfe\xa7:H\x17Y\x00\xcc\x92\x0d~$\xa9\
\x15.\x07\x9e\x18\x11?\xad\x0e\xd2U\x16\x00\xb3`\x83\
\x1fIj\x85\x85\xc0\xe3#\xe2\xc4\xea ]f\x010\
C6\xf8\x91\xa4VX\xdc\xe4\xe7\xe4\xea ]g\x01\
0\x036\xf8\x91\xa4V8\x1fx\x5cD\xfc\xb6:H\
\x1f\xb8\x0b`%l\xf0#I\xadp\x16Mo\x7f\x07\
\xff1\xb1\x00X\x01\x1b\xfcHR+\xfc\x1e\xd81\x22\
\xce\xa8\x0e\xd2'\x16\x00\xcba\x83\x1fIj\x85\x93\x80\
GF\xc4_\xaa\x83\xf4\x8d\x05\xc02\xd8\xe0G\x92Z\
\xe1\xbb\xc0N\x11qIu\x90>\xb2\x00XBfF\
f\xbe\x97\xa6\xc9\x8f\x0b$%\xa9\xce\x01\xc0\xee\x11\xf1\
\xb7\xea }\xe5 72j\xf0\xf3E`\xcf\xea,\
\x924`\x09\xfckD\xfcGu\x90\xbe\xb3\x00\xe0\xe6\
\xc1\xff\xeb\xc0n\xd5Y$i\xc0n\x04\xfe!\x22>\
[\x1dd\x08V\xad\x0e\xd0\x12\xfb\xe3\xe0/I\x95.\
\x07\xf6\x88\x88#\xaa\x83\x0c\xc5\xe0g\x002\xf3\x054\
\xbd\xfd%I5\xce\xa29\xce\xf7\x94\xea C2\xe8\
\x02 37\x06N\x036\xac\xce\x22I\x03\xf5S`\
\xb7\x88\xb8\xa8:\xc8\xd0\x0c}\x17\xc0\x1bp\xf0\x97\xa4\
*\xdf\x00vv\xf0\xaf1\xd8\x19\x80\xcc\x5c\x03\xf83\
\x16\x00\x924m7\x01o\x07\xde\x15\x11Y\x1df\xa8\
\x86\xbc\x08\xf0\x098\xf8K\xd2\xb4]\x01\xec\x15\x11\xdf\
\xad\x0e2tC.\x00v\xa9\x0e I\x03s\x1a\xcd\
\xf3\xfe?T\x07\xd1\xb0\xd7\x00<\xa8:\x80$\x0d\xc8\
\x0f\x80\x878\xf8\xb7\xc7\x90\x0b\x80-\xab\x03H\xd2\x00\
\xdc\x04\xbc\x13xrD,\xac\x0e\xa3[\x0cy\x11\xe0\
\xf5x\xd8\x8f$M\xd2%4\xcf\xfb\x7fX\x1dD\xb7\
5\xe45\x00\x92\xa4\xc9\xf9%Mg\xbf\xb3\xaa\x83h\
\xd9\x86\xfc\x08\xe0\xb2\xea\x00\x92\xd4S\x1f\x07\x1e\xea\xe0\
\xdfnC.\x00\xfeX\x1d@\x92z\xe6r`\xcf\x88\
xuD\x5c_\x1dF+6\xe4\x02\xe0\x17\xd5\x01$\
\xa9G~\x0el\x17\x11_\xaf\x0e\xa2\x99\x19r\x01\xf0\
\xa3\xea\x00\x92\xd4\x037\x01\xef\x01\x1e\x16\x11\xce\xacv\
\xc8\x90w\x01\xac\x06\x9c\x07lZ\x9dE\x92:\xea|\
\xe0\xf9\x11qdu\x10\xcd\xde`g\x00\x22\xe2\x06\x9a\
\x85*\x92\xa4\xd9\xfb6\xf0\x00\x07\xff\xee\x1a\xec\x0c\x00\
@f\xae\x07\xfc\x01\xd8\xbc:\x8b$u\xc4\x95\xc0\xeb\
\x22\xe2\x80\xea \x9a\x9f\xc1\xce\x00\x00D\xc4\xe5\xc0\xab\
\xaasHRG\x1cKs\xd7\xef\xe0\xdf\x03\x83.\x00\
\x00\x22\xe2\x9b\xc0\x87\xabsHR\x8b]\x07\xbc\x05\xd8\
\xc9\xbd\xfd\xfd1\xe8G\x00\x8be\xe6*\xc0\x01\xc0\xf3\
\xab\xb3HR\xcb\xfc\x0cxID\x9cR\x1dD\xe35\
\xf8\x19\x00\x80\x88X\x04\xbc\x18\xf8tu\x16Ij\x89\
k\x807\x02;:\xf8\xf7\x933\x00K\xc9\xcc}i\
\xf6\xb4J\xd2P\x1dOs\xd7\x7fZu\x10M\x8e3\
\x00K\x89\x88\xfd\x80}\x80E\xd5Y$i\xca\x16\x02\
\xaf\x00\x1e\xe1\xe0\xdf\x7f\xce\x00,Gf>\x05\xf8\x1a\
\xb0fu\x16I\x9a\x82\xef\x01\xaf\x88\x88\xf3\xaa\x83h\
:,\x00V 3w\xa0\xf9\x9fb\xe3\xea,\x924\
!g\x01\xff\x10\x11?\xac\x0e\xa2\xe9\xf2\x11\xc0\x0aD\
\xc4\x89\xc0\xa3\x80s\x8b\xa3H\xd2\xb8]\x0f\xfc'p\
_\x07\xffar\x06`\x062\xf3\x8e\xc0\x0f\x80\x07T\
g\x91\xa418\x0ax\x8d\xab\xfb\x87\xcd\x19\x80\x19\x88\
\x88\xbf\x00;\xd1t\xc1\x92\xa4\xae:\x03xfD\xec\
\xec\xe0/\x0b\x80\x19\x8a\x88\xcb\x80\xc7\xd1\x1c\x80!I\
]\xf27\xe0_h\xa6\xfb\x0f\xae\x0e\xa3v\xf0\x11\xc0\
,\x8d\xba\x06~\x1cxyu\x16IZ\x89\x04\x0e\x01\
\xde\x14\x11gW\x87Q\xbb8\x030K\x11\xb1(\x22\
^A\xd3\x17[\x92\xda\xeah\xe0A\x11\xf1L\x07\x7f\
-\x8b3\x00\xf3\x90\x99/\x04>\x0b\xacZ\x1cE\x92\
\x16;\x1dx\x9bS\xfdZ\x19\x0b\x80y\xb2a\x90\xa4\
\x96\xf83\xf0>\xe0S\x11q}u\x18\xb5\x9f\x05\xc0\
\x18\xd80HR\xa1K\x81\xf7\x02\x1f\x8d\x88k\xaa\xc3\
\xa8;,\x00\xc6$3\xb7\x06\x0e\x07\xee\x5c\x9dE\xd2\
 \x5c\x05|\x10\xf8@D\x5cQ\x1dF\xddc\x010\
F6\x0c\x924\x05W\x03\x9f\x07\xfe3\x22.\xa8\x0e\
\xa3\xee\xb2\x00\x18\xb3\xcc\xdc\x00\xf8\x0e\xf0\xf0\xea,\x92\
z\xe5*\xe0\x00\xe0\xdd\x11qau\x18u\x9f\x05\xc0\
\x04d\xe6\x9a\xc0W\x80\xdd\xaa\xb3H\xea\xbc+\x80\x8f\
\x01\x1f\x8a\x88K\xaa\xc3\xa8?,\x00&\xc4\x86A\x92\
\xe6\xe9\xaf\xc0\xa7\x80\x8f\x8c:\x91Jce\x010a\
\x99\xb9/\xf0\x9e\xea\x1c\x92:\xe3,\xe0#\xc0g\x5c\
\xd5\xafI\xb2\x00\x98\x82\xcc\xdc\x1b\xf8$\xb0Ju\x16\
I\xadu\x12\xf0\x01\xe0\x9b\x11\xb1\xa8:\x8c\xfa\xcf\x02\
`Jl\x18$i\x19n\xa2\xd99\xf4\x91\x888\xb2\
:\x8c\x86\xc5\x02`\x8al\x18$i\xe4\x0a\xe0@\xe0\
\x83\xf6\xe9W\x15\x0b\x80)\xb3a\x904h'\x03\xfb\
\x03_\x89\x88\xab\xaa\xc3h\xd8,\x00\x0a\xd80H\x1a\
\x94\xeb\x80\xc3h\x16\xf59\xcd\xaf\xd6\xb0\x00(2j\
\x18t\x18\xb0cu\x16I\x13\xf1;\xe0s\xc0\x97\xdc\
\xc6\xa76\xb2\x00(\x94\x99\xab\x03\x07\x01{Tg\x91\
4\x16\x97\x03_\x07\x0e\x8a\x88\xe3\xaa\xc3H+b\x01\
Pl\xd40\xe8\x13\xc0>\xd5Y$\xcd\xc9M\xc0Q\
4\x8b\xfa\x0e\x8d\x88kk\xe3H3c\x01\xd0\x126\
\x0c\x92:\xe7\x14\xe0`\xe0\x8b\x11qVu\x18i\xb6\
,\x00Z$3_\x08|\x16X\xb58\x8a\xa4e;\
\x9b\xa6\x9f\xc7\x17\x22\xe2\xb4\xea0\xd2|X\x00\xb4\x8c\
\x0d\x83\xa4\xd69\x93\xa6\x7f\xc7\xc1\xc0\xf1\x11\x91\xc5y\
\xa4\xb1\xb0\x00h!\x1b\x06I\xe5\x16O\xef\x7f7\x22\
~Y\x1dF\x9a\x04\x0b\x80\x96\xb2a\x904U\xd7\x01\
?\xa1)\xbc\xbf\x1f\x11g\x16\xe7\x91&\xce\x02\xa0\xc5\
2s\x0b\xe0\x87\xc0\xd6\xd5Y\xa4\x1e\xba\x00\xf8>M\
S\xae\x1f\xd9\x99OCc\x01\xd0r\xa3\x86A\xdf\x01\
\x1e^\x9dE\xea\xb8k\x80\xe3\x81#G\x1f\xbf\xf2y\
\xbe\x86\xcc\x02\xa0\x032sM\xe0+\xc0n\xd5Y\xa4\
\x0e\xb9\x11\xf8\x15\xf0c\xe0\x08\xe08\xf7\xe8K\xb7\xb0\
\x00\xe8\x88Q\xc3\xa0\x8f\x03/\xaf\xce\x22\xb5\xd4\x8d\xc0\
\xff\xd2\xdc\xe5\x1f\x07\x1c\x11\x11\x0bk#I\xede\x01\
\xd01\x99\xf9v\xe0\x1d\xd59\xa4\x168\x1f8\x11\xf8\
\xd9\xe8\xe3\xa4\x88\xb8\xa66\x92\xd4\x1d\x16\x00\x1d\x94\x99\
{\x03\x9f\x04V\xa9\xce\x22M\xc9\xe54G\xe9\x9eL\
3\xe8\x9f\x10\x11\xe7\xd4F\x92\xba\xcd\x02\xa0\xa32s\
7\x9au\x016\x0cR\xdf\x9c\x0b\xfc\x06\xf85\xa3A\
\xdfmy\xd2\xf8Y\x00tXf>\x0c\xf8.\xb0A\
u\x16i\x96\x128\x07\xf8\x03\xcd\xb1\xb9\xa7.\xfe5\
\x22\xae\xa8\x0c&\x0d\x85\x05@\xc7\xd90H-v\x1d\
\xcd\xdd\xfc\x99\xc0\x19\xc0\x1f\x97\xf88\xd3\x15\xf9R-\
\x0b\x80\x1e\xb0a\x90\xa6l\x11p\xd1\xe8\xe3\xc2\xd1\xc7\
\x054w\xf4\xe7\x8e>\xce\x8b\x88\x0b\xca\x12JZ)\
\x0b\x80\x9e\x185\x0c:\x0c\xd8\xb1:K\xc7\x5cV\x1d\
`\x8a\x12X\xb8\xd4\xefo\x00\xae\xa2i\x92s-p\
%p\xc5\xe8s\x0bi\xfe\xfd,\xfe\xf52F\x03\x7f\
D\xdc4\xd5\xe4\x92\xc6\xce\x02\xa0G2su\xe0 \
`\x8f\xea,]\x11\x11\xfe? i\x90\x16T\x07\xd0\
\xf8D\xc4u\xc0\xb3\x81\xfd\xab\xb3H\x92\xda\xcd\x02\xa0\
g\x22bQD\xbc\x02xKu\x16IR{9\xfd\
\xd9c\x99\xf9B\xe0\xb3\xc0\xaa\xc5QZ\xcbG\x00\x92\
\x86\xca7\xbf\x9e\xcb\xcc\xa7\x00_\xc3\x86A\xcbd\x01\
 i\xa8|\xf3\x1b\x80\xcc\xdc\x01\xf8\x1e\xb0qu\x96\
\xb6\xb1\x00\x904T\xae\x01\x18\x80\x888\x11x$\xcd\
>mI\x92,\x00\x86\x22\x22N\x01\xfe\x9e\xe6\xb8T\
I\xd2\xc0Y\x00\x0cHD\xfc\x05\xd8\x098\xb6:\x8b\
$\xa9\x96\x05\xc0\xc0D\xc4e\xc0.\xc0\xc1\xd5Y$\
Iu,\x00\x06\xc8\x86A\x92$\x0b\x80\x81\xb2a\x90\
$\x0d\x9b[\xa04\xe8\x86An\x03\x944T\xbe\xf9\
\x09\x18n\xc3 \x0b\x00IC\xe5\x9b\x9fn6\xc4\x86\
A\x16\x00\x92\x86\xca5\x00\xba\x99\x0d\x83$i8,\
\x00t+6\x0c\x92\xa4a\xb0\x00\xd0m\xd80H\x92\
\xfa\xcf\x02@\xcbd\xc3 I\xea7\x0b\x00-\x97\x0d\
\x83$\xa9\xbf,\x00\xb4B6\x0c\x92\xa4~r\x0b\x94\
f\xac\x8f\x0d\x83\xdc\x06(i\xa8|\xf3\xd3\xac\xf4\xad\
a\x90\x05\x80\xa4\xa1\xf2\xcdO\xb3\xd6\xa7\x86A\x16\x00\
\x92\x86\xca5\x00\x9a5\x1b\x06IR\xf7Y\x00hN\
l\x18$I\xddf\x01\xa09\xb3a\x90$u\x97\x05\
\x80\xe6\xc5\x86A\x92\xd4M\x16\x00\x9a7\x1b\x06IR\
\xf7X\x00h,l\x18$I\xdd\xe2\x16(\x8d]\x97\
\x1a\x06\xb9\x0dP\xd2P\xf9\xe6\xa7\x89\xe8J\xc3 \x0b\
\x00IC\xe5\x9b\x9f&\xa6\x0b\x0d\x83,\x00$\x0d\x95\
k\x00416\x0c\x92\xa4\xf6\xb2\x00\xd0D\xd90H\
\x92\xda\xc9\x02@\x13\xd7\xe2\x86AWW\x07\x90\xa4*\
\x16\x00\x9a\x8a\x966\x0c\xba\xb8:\x80$U\xb1\x00\xd0\
\xd4,\xd10\xe8\xd3\xd5YF\xfe\x5c\x1d@\x92\xaaX\
\x00h\xaaF\x0d\x83^N;\x1a\x06\xfd\xb4:\x80$\
U\xb1\x00P\x89\x88\xd8\x0f\xd8\x07XT\x18\xe3\x98\xc2\
kKR)\xf7@\xabTa\xc3\xa0\x0b\x81;G\xc4\
\x0dS\xbe\xae$\xb5\x823\x00*\x15\x11\x87\xd1,\x0e\
\xbcl\xca\x97\xfe\xac\x83\xbf$I\xc52\xf3>\x99y\
vN\xc7\x85\x99\xb9^\xf5\xcf,I\x92\x80\xcc\xdc\x22\
3\x7f7\x85\x02\xe09\xd5?\xab$IZBfn\
\x90\x99\xc7Lp\xf0\xffp\xf5\xcf(I\x92\x96!3\
\xd7\xcc\xccoM`\xf0\xff\xaf\xccl\xfd\x11\xc5\x92$\
\x0dVf\xae\x92\x99\xef\xc9\xcc\x9b\xc60\xf0\xdf\x94\x99\
\x1f\xcaL\x17\xbdJ\x92\xd4\x05\x99\xf9\xd4\xcc<o\x1e\
\x83\xff\xb9\x99\xf9\xa4\xea\x9fC\x92$\xcdRf\xae\x95\
\x99o\xcb\xcc\xf3g1\xf0\x9f\x9d\x99o\xcc\xcci\xf7\
\x17\x90\xa4N\xb0\x11\x90:#3W\x01\x1eG\xd37\
`{\xe0n\xc0\xe2\xed|\x17\x03g\x02'\x00G\x00\
\xc7D\xc4M\x159%\xa9\x0b\xfe?x4\xc2\xb6\x88\
\xb7\x0f\xdd\x00\x00\x00\x00IEND\xaeB`\x82\
\x00\x00\x22\xe7\
\x89\
PNG\x0d\x0a\x1a\x0a\x00\x00\x00\x0dIHDR\x00\
\x00\x02\x00\x00\x00\x02\x00\x08\x06\x00\x00\x00\xf4x\xd4\xfa\
\x00\x00\x00\x04sBIT\x08\x08\x08\x08|\x08d\x88\
\x00\x00\x00\x09pHYs\x00\x00\x0e\xc4\x00\x00\x0e\xc4\
\x01\x95+\x0e\x1b\x00\x00\x00\x19tEXtSof\
tware\x00www.inksca\
pe.org\x9b\xee<\x1a\x00\x00 \x00ID\
ATx\x9c\xed\xddy\xf8\xaduY\xef\xf1\xf7\xbd\xd9\
\xc4\x8cL*\x9bA@\x10E\xebB\x05<!\xe2\x00\
(\xe4Q\xc1\x14\xc9\x14,;\x12Y\xc7\x1cJ\xb0\xcc\
\xa9RD\xf3dY\x1d\xb2\x1c\xd0\x1cP1\xe0P\xc1\
Q(\x14Q\x10\x0d\xf1\x14\x04(\x0e\xb0\xd9(\x88H\
(\xe3\xdd\x1fkm\x0f\x9b=\xfd\xf6\xfa=\xeb\xb9\xd7\
z\xbe\xef\xd7u\xad\x0b\xf4\xf2\xda\xf7\xc7\xb5\x9f\xb5\xbe\
\x9f\xf5\x8c\x81\xb4\x0e\x99\xb91\xf0T\xe0(\xe0\x00`\
'\xe0\xa1\xc0\xd2\xc2X\xaa\x95\xc0\x8a\xf1\xeb\x0a\xe0,\
\xe0\x9f\x22\xe2G\xa5\xa9$m\x90\xa8\x0e\xa0\xd9\x94\x99\
K\x80\xe7\x01\xef\x00v+\x8e\xa3\xd9\xf7\x9f\xc0{\x80\
\xb7F\xc4m\xd5a$\xad\x9f\x05@\xab\xc9\xcc\xdd\x81\
3\x80\xc7\x15G\xd1\xfc\xb9\x018:\x22\xbeP\x1dD\
\xd2\xba-\xa9\x0e\xa0\xd9\x92\x99\x07\x02\x97\xe0\xe2\xaf\xc9\
\xec\x04\x9c\x9f\x99\xc7V\x07\x91\xb4n\xee\x01\xd0Oe\
\xe6\x1e\x8c\x16\xff\x1d\xaa\xb3h\xee\xdd\x07<'\x22\xce\
\xa9\x0e\x22i\xcd,\x00\x02 3\xb7\x00\xbe\x0c<\xaa\
:\x8b\x06\xe3V`\xff\x88\xb8\xb6:\x88\xa4\xd5y\x08\
@+\xbd\x1a\x17\x7fuk\x1b\xe0\x94\xea\x10\x92\xd6\xcc\
=\x00\x223w\x00\xae\x05\xb6\xae\xce\xa2\xc1I\xe0\x89\
\x11\xf1\xc5\xea \x92V\xe5\x1e\x00\x01\xbc\x00\x17\x7fM\
G\x00/\xad\x0e!iu\x16\x00\x01\x1cY\x1d@\x83\
\xf6\x9c\xf1}%$\xcd\x10\x0f\x014.3\x83\xd1M\
\x5c6\xab\xce\xa2A{tD\xfc{u\x08I\xff\x9f\
\xad\x5c\xdb\xe1\xe2\xaf\xe9\xdb\xb9:\x80\xa4UY\x00\xb4\
cu\x005aYu\x00I\xab\xb2\x00h\xd3\xea\x00\
j\x82{\x99\xa4\x19c\x01\x90$\xa9A\x16\x00I\x92\
\x1ad\x01\x90$\xa9A\x16\x00I\x92\x1ad\x01\x90$\
\xa9A\x16\x00I\x92\x1ad\x01\x90$\xa9A\x16\x00I\
\x92\x1ad\x01\x90$\xa9A\x16\x00I\x92\x1ad\x01\x90\
$\xa9AK\xab\x03\xac\x94\x99\x0f\x01v\x07\xb6\x06\x1e\
\x04l\x81\xf7\xa9\xfftD|\xaf:\x844/2\xf3\
\xf8\xea\x0c\xc5\xee\x06n\x07ne\xf4\x98\xef\xeb\x81o\
GD\x96\xa6\xd2L*)\x00\x99\xb9+p\x08\xf0d\
\xe01\xc0\xde\xc0\xb6\x15Yf\xdcW\x00\x0b\x80\xb4p\
\xa7V\x07\x98Awd\xe6U\xc0U\xc0E\xc0\xf9\x11\
\xf1o\xc5\x994\x03z+\x00\x99\xb9\x1fp\x1c\xf0L\
`\xaf\xbe\xe6JR\xe36\x07\x1e7~\xfd\x12@f\
.\x07\xce\x03\xfe\x0e\xf8lD\xdcW\x17OU\xa6Z\
\x002s[\xe0e\xc0K\x80GOs\x96$i\xc1\
\x961\xfa^~\x09p}f~\x18\xf8\xab\x88\xf8V\
m,\xf5i*'\x01f\xe6\x833\xf3M\xc07\x80\
\xb7\xe3\xe2/I\xb3jg\xe0D\xe0\xea\xcc<-3\
\x1fU\x1dH\xfd\xe8\xb4\x00d\xe6\xe6\x99\xf9\xc7\xc0\xb7\
\x807\x02\xdbt\xf9\xe7K\x92\xa6fc\xe0X\xe0\xff\
e\xe6\xfb3\xf3\xa1\xd5\x814]\x9d\x15\x80\xcc|6\
\xf0u\xe0\xf7\x80\xcd\xba\xfas%I\xbdZ\x02\xfc\x0a\
pef\xfevfnT\x9cGS\xb2\xe8\x02\x90\x99\
[g\xe6\xc7\x80\xb3\x80=\x16\x1fI\x924\x03\xb6\x01\
\xfe\x14\xf8\x5cf\xeeV\x1dF\xdd[T\x01\xc8\xcc\xc7\
\x01\x97\x01\xc7t\x13G\x924c\x0e\x04.\xcf\xcc\xa3\
\xab\x83\xa8[\x13\x17\x80\xcc|\x09p1^\xd2'I\
C\xf7 \xe0\xe3\x99\xf9\xb6\xcc\x8c\xea0\xea\xc6D\x05\
 3\x7f\x1bx?\xb0I\xb7q$I3*\x80\x93\
\x80\xd32s\xe3\xea0Z\xbc\x0d*\x00\x99\x19\x99\xf9\
NF\xc7\x85l\x81\x92\xd4\x9e\x17\x03\x7f\x9f\x99\x9bW\
\x07\xd1\xe2l\xe8\x1e\x80\x93\x81\xd7L#\x88$in\
<\x13833\x7f\xa6:\x88&\xb7\xe0\x02\x90\x99\xaf\
\x06^;\xc5,Z]\x1fOk\xbc\xbb\x87\x19\xd2\xd4\
\xb7\xb3\xcc\xf4\xe9\xa6\xfd:\x0cx\xaf\xe7\x04\xcc\xaf\x05\
}`2\xf3\x85\xc0;\xa7\x9cE\xab\xdb\xb2\x87\x19+\
z\x98!-\xefa\xc6V=\xcc\xd0\xaa\x8e\x03\xdeZ\
\x1dB\x93Yo\x01\xc8\xcc\xbd\x19=a\xcb\x96\xd7\xbf\
>\x0a\xc0\xf7p/\x80\xa6\xef\x86\x1efl\xdd\xc3\x0c\
\xad\xee\xc4\xcc<\xaa:\x846\xdc:\x0b@fn\x0a\
\x9c\x8e\xcd\xba\xca\xd4\xdf\xf7\xf1S\xc0.\x9b\xf6\x1c5\
\xedG\x8c\x1eE;m~O\xd5\x08\xe0}\x99\xe9\x8d\
\xe0\xe6\xcc\xfa\xf6\x00\xfc)\xb0o\x1fA\xb4F\xdb\xf7\
4\xe7\xcc\x9e\xe6\xa8M\xff\x10\x11w\xf60\xa7\xaf\xcf\
\x8bV\xb7-\xf0w\x9e\x871_\xd6\xfa\x97\x95\x99\x07\
\x01\xc7\xf7\x98E\xab{DOsN\xc7\xc3\x00\x9a\x9e\
\x8f\xf44\xe7\x91=\xcd\xd1\x9a\x1d\x08\xfczu\x08-\
\xdc\x1a\x0b@f.\x05\xde\x83\xc7\xfd\xab\xf5\xf2X\xce\
\x88\xf8\x06\xf07}\xccRs\xbe\x04\x9c\xdd\xd3,\x0b\
@\xbd?\xce\xcc\x87T\x87\xd0\xc2\xacm\x0f\xc0o\x01\
\x8f\xed3\x88\xd6\xa8\xcf/\xb47\x037\xf78O\xc3\
w\x0f\xf0\xaa\x88\xc8\x9e\xe6Y\x00\xeam\x0b\xbc\xbd:\
\x84\x16f\xb5_\xf8\x99\xb9\x19p\x1d`\x8b\xab\x97\xc0\
\x8e\x11qS/\xc32\x0f\x06>\x03xs\x0fu\xe1\
\x15\x11\xf1\xe7}\x0d\xcb\xcc\xef\x00\xbb\xf45Oku\
/\xb0OD\x5c]\x1dD\xeb\xb6\xa6=\x00/\xc3\xc5\
\x7fV\x04\xf0\xd4\xde\x86E|\x8e\xd1\xdf\xbf\xe7\x03h\
\xb1\xde\xd9\xf3\xe2\xbf7.\xfe\xb3b#F\xcf\x0c\xd0\
\x8c[\xa5\x00\x8c\x1f\xf0\xf0\xea\xa2,Z\xb3\xa7\xf59\
,\x22N\x03\x0e\x01z\xd9\xeb\xa0\xc1\xb9\x07\xf8\x9f\x11\
\xf1\xbb=\xcf=\xb4\xe7yZ\xb7c3s\xf7\xea\x10\
Z\xb7\x07\xee\x01\xf8E`\xb7\x8a Z\xab\xde\xbf\xd8\
\x22\xe2\xf3\xc0c\x18\x1d\xcb\xeb\xe3\xf2-\x0d\xc3g\x80\
\xfd\x22\xe2=\x05\xb3\x0f)\x98\xa9\xb5\xdb\x188\xa1:\
\x84\xd6m\x95s\x002\xf3\x1cF\x0fy\xd0lyl\
D\x5c^183\x1f\x0e\xbc\x008\x12\xd8\x8f\xd1\x07\
[\x82\xd19*\xff\x0e\x9c\x05|2\x22Jn(\x95\
\x99[\x007\xd2\xcf\x9d3\xb5p\xd7\x03\xbbE\xc4\xbd\
\xd5A\xb4f?-\x00\xe3K7\xae\x07\x96\xd6\xc5\xd1\
Z\xfcID\xfcNu\x88\xf1C?\x1e:~\xb9\x9d\
\xb4+\x19=C\xe2\xa6\x88(?_$3\x8f\x03>\
X\x9dCktXD|\xb6:\x84\xd6\xec\xfe_\xe2\
/\xc4/\xf5Y\xf5\xa2\xcc<)\x22\xee\xa9\x0c1\xbe\
\x9c\xeb\xc6\xf1K\x9a\x15\xc7V\x07\xd0Z\xbd\x18\xb0\x00\
\xcc\xa8\xfb\x9f\x03\xf0\x8c\xb2\x14Z\x9f\x1d\x81gU\x87\
\x90f\xcd\xf8\x10U\xaf'\xcaj\x83\xb8\xae\xcc\xb0%\
\xf0\xd3;\xff=\xa98\x8b\xd6\xedu\xd5\x01\xa4\x19t\
\x12\xa3\xcb\xce4\x9bv\xcaLo\xd04\xa3V\xee\x01\
x\x02>Js\xd6=!3\x0f\xab\x0e!\xcd\x8a\xcc\
\xdc\x05xIu\x0e\xad\x97Wh\xcc\xa8\x95\x05\xe0\x89\
\xa5)\xb4P\x7fP\x1d@\x9a!'\xe2]+\xe7\xc1\
A\xd5\x01\xb4f+\x0b\xc0>\xa5)\xb4PO\xce\xcc\
\xa3\xabCH\xd52\xf31\xf8\xe4\xb9y\xd1\xcbC\xcd\
\xb4\xe1V\x16\x00\x8f\xd1\xcc\x8fwg\xe6\x83\xaaCH\
U\xc6\x97\xa3\xbe\x07\xefI1/\x1e9\xfe;\xd3\x8c\
\xb1\x00\xcc\x9fe\xc0\x1b\xaaCH\x85\x8e\xa5\xc7gd\
h\xd1\xb6\x04v\xae\x0e\xa1\xd5Efn\x02\xfc\xa4:\
\x886\xc8}\xc0\xd3#\xe2\xfc\xea R\x9f\xc6\xf7\x97\
\xff*\xb0Mq\x14m\x98\x03#\xe2\x8b\xd5!\xb4\xaa\
%\xc0V\xd5!\xb4\xc1\x96\x00\x1f\xc9\xcce\xd5A\xa4\
\xbe\x8c\x1fV\xf6\x11\x5c\xfc\xe7\x91\xeb\xcc\x0c\xb2\x00\xcc\
\xaf\x87\x02\x1f\xcaL\xaf\x81V+N\x01\x0e\xac\x0e\xa1\
\x89\xb8\xce\xcc \x0b\xc0|;\x14x\x9f'\xd8h\xe8\
2\xf3\x04\xe0\x95\xd5941\xef33\x83\x96\xe0u\
\xb4\xf3\xee8\xe0-\xd5!\xa4i\xc9\xcc#\x19\x9d\xf5\
\xaf\xf9\xb5Iu\x00\xadn\xc9\xfa\xff'\x9a\x03\xaf\xcf\
\xccWU\x87\x90\xba\x96\x99\xcf\x00>\x8e\xb7\xfb\x95:\
g\x01\x18\x8ewe\xe6\xc9\x1e\x0e\xd0Pd\xe6/\x02\
g\xe2\xafGi*,\x00\xc3r\x22\xa3s\x02|\xac\
\xb3\xe6Zf\xfe\x16\xf0\x09`\xd3\xea,\xd2PY\x00\
\x86\xe7W\x80\xf3\xbcDP\xf3(37\xcd\xccw\x03\
\x7f\x8e\xdfO\xd2T\xf9\x01\x1b\xa6\xa7\x01\x97g\xe6\xe1\
\xd5A\xa4\x85\x1a?6\xf6\x8b\xc0+\xaa\xb3H-\xb0\
\x00\x0c\xd7\x83\x81s2\xf3]\x99\xe9\xa5\x9e\x9aY\x99\
\xb943_\x09|\x19\xd8\xb7:\x8f\xd4\x0a\x0b\xc0\xb0\
m\x04\xbc\x0a\xb8*3\x8f\xab\x0e#=Pf\xee\x0f\
\x5c\x0c\xfc/F\xf7\x8c\x97\xd4\x13\x0b@\x1b\x96\x01\x1f\
\xcc\xcc\x0b\xc7\x97UI\xa52s\xdf\xcc\xfc\x04p\x09\
\xb0\x7fu\x1e\xa9E\x16\x80\xb6\x1c\x0c\x9c\x9b\x99_\xca\
\xcc\xa3\xbcZ@}\xcb\xcc\x832\xf3,F\x0f\xf4y\
>\xe0e\xabR\x11\x17\x806=\x01\xf84pKf\
~\x12\xf8PD|\xbe8\x93\x06*3w\x01^\x04\
\xbc\x14\xd8\xbb8\x8e\xa41\x0b@\xdb\xb6\x03\x8e\x07\x8e\
\xcf\xcck\x80\xf3\x81\x0b\x80\x0b\x22bEi2\xcd\xad\
\xf1I\xa7O\x06\x0e\x19\xbf\xf6\xc5_\xfa\xd2\xcc\xb1\x00\
h\xa5\xbd\xc6\xaf\xe3\x012\xf3\xbb\xc0U\xc0\x7f\x8c\xff\
y3p;\xf0#\xe0\xd6\xa2\x8c\x9a\x1d[1:i\
o+FE\xf2\xe1\xc0>\xc0#\x81\xdd\xf0\xd6\xbd\xd2\
\xcc\xb3\x00hmv\x19\xbf\x0e\xad\x0e\x22I\xea\x9e'\
\x01J\x92\xd4 \x0b\x80$I\x0d\xb2\x00H\x92\xd4 \
\x0b\x80$I\x0d\xb2\x00H\x92\xd4 \x0b\x80$I\x0d\
\xb2\x00H\x92\xd4 \x0b\x80$I\x0d\xb2\x00H\x92\xd4\
 \x0b\x80$I\x0d\xb2\x00H\x92\xd4 \x0b\x80$I\
\x0d\xb2\x00H\x92\xd4 \x0b\x80$I\x0d\xb2\x00H\x92\
\xd4 \x0b\x80$I\x0d\xb2\x00H\x92\xd4 \x0b\x80$\
I\x0d\xb2\x00H\x92\xd4 \x0b\x80$I\x0d\xb2\x00H\
\x92\xd4 \x0b\x80$I\x0d\xb2\x00H\x92\xd4 \x0b\x80\
$I\x0d\xb2\x00H\x92\xd4 \x0b\x80$I\x0d\xb2\x00\
H\x92\xd4 \x0b\x80$I\x0d\xb2\x00H\x92\xd4 \x0b\
\x80$I\x0d\xb2\x00H\x92\xd4 \x0b\x80$I\x0d\xb2\
\x00H\x92\xd4 \x0b\x80$I\x0d\xb2\x00H\x92\xd4 \
\x0b\x80$I\x0d\xb2\x00H\x92\xd4 \x0b\x80$I\x0d\
\xb2\x00H\x92\xd4 \x0b\x80$I\x0d\xb2\x00H\x92\xd4\
 \x0b\x80$I\x0d\xb2\x00H\x92\xd4 \x0b\x80$I\
\x0d\xb2\x00H\x92\xd4 \x0b\x80$I\x0d\xb2\x00H\x92\
\xd4 \x0b\x80$I\x0d\xb2\x00H\x92\xd4 \x0b\x80$\
I\x0d\xb2\x00H\x92\xd4 \x0b\x80$I\x0d\xb2\x00H\
\x92\xd4 \x0b\x80$I\x0d\xb2\x00H\x92\xd4 \x0b\x80\
$I\x0d\xb2\x00H\x92\xd4 \x0b\x80$I\x0d\xb2\x00\
H\x92\xd4 \x0b\x80$I\x0d\xb2\x00H\x92\xd4 \x0b\
\x80$I\x0d\xb2\x00H\x92\xd4 \x0b\x80$I\x0d\xb2\
\x00H\x92\xd4 \x0b\x80$I\x0d\xb2\x00H\x92\xd4 \
\x0b\x80$I\x0d\xb2\x00H\x92\xd4 \x0b\x80$I\x0d\
\xb2\x00H\x92\xd4 \x0b\x80$I\x0d\xb2\x00H\x92\xd4\
 \x0b\x80$I\x0d\xb2\x00H\x92\xd4\xa0\xa5\xd5\x01\x06\
\xee\x87\xc0\x95\xc0\x8a\xf1+{\x98\xb9%\xb0\xcb\xf8\xf5\
\xf0\x1e\xe6u\xedF\xe0Z`9pKq\x16\xb5a\
;`\x19\xb0'\xb0cq\x16\xa97\x16\x80\xee\xdd\x09\
|\x00\xf8\x04paD\xdc]\x15$3\xf7\x02\x8e\x02\
N`\xf4\xe56\xabn\x06\xfe7\xf0i\xe0+\x11\xd1\
GQ\x92V\x91\x99\x01\xec\x07<\x97\xd1gf\xbb\xda\
D\xd2ty\x08\xa0[\x1f\x01\x1e\x15\x11'D\xc4g\
+\x17\x7f\x80\x88\xb8&\x22\xde\x09<\x1ax\x05\xf0\x83\
\xca<kp7p2\xb0WD\xbc>\x22.s\xf1\
W\x95\x88\xc8\x88\xf8rD\xfc>\xb0\x17p\x0a\xa3m\
T\x1a$\x0b@7\xee\x01~+\x22^\x14\x11\xd7U\
\x87y\xa0\x88\xb8+\x22\xfe\x1c8\x00\xf8\xb7\xea<c\
\xb7\x00GD\xc4\xeb\x22\xe2\xd6\xea0\xd2\xfdE\xc4\x0f\
\x22\xe2D\xe0\x10\xe0\xa6\xea<\xd24X\x00\x16\xef.\
\xe0\x17\x22\xe2/\xaa\x83\xacOD\x5c\x0b<\x11\xb8\xb4\
8\xca\x8d\xc0\x13\x22\xe2\xfc\xe2\x1c\xd2:E\xc4\xe7\x81\
\x83\x18\x9d\xc3#\x0d\x8a\x05`\xf1^\x11\x11\x9f\xa9\x0e\
\xb1P\x11\xf1C\xe0H\xe0\xbbE\x11\xee\x02\x8e\x19\x97\
\x11i\xe6E\xc45\x8c\xce\x0b\xb8\xb3:\x8b\xd4%\x0b\
\xc0\xe2|$\x22N\xad\x0e\xb1\xa1\x22b9p\x5c\xd1\
\xf8\xd7E\xc4\x85E\xb3\xa5\x89D\xc4\xc5\xc0\xeb\xabs\
H]\xb2\x00L\xee.\xe0\x0f\xaaCL*\x22.\x00\
\xce\xe9y\xecu\xc0\xcc\x1f*\x91\xd6\xe2\xcf\x80oT\
\x87\x90\xbab\x01\x98\xdc\xfb#b\xde\xbf\x0c\xde\xd8\xf3\
\xbc\xb7F\x84\xbbQ5\x97\x22\xe2.\xe0\xed\xd59\xa4\
\xaeX\x00&wzu\x80\xc5\x8a\x88\xcb\xe8\xef\x17\xcd\
\xbd\x8c\xae\xf3\x97\xe6\xd9\xa7\x18]\xf5#\xcd=\x0b\xc0\
dn\x05>W\x1d\xa2#g\xf74\xe7\xa2\x88\xf8~\
O\xb3\xa4\xa9\x88\x88\x9b\x81\x8b\xabsH]\xb0\x00L\
\xe6\xca\xea\x9b\xfct\xe8\xeb=\xcd\xb9\xa2\xa79\xd2\xb4\
\xf5\xf5\x99\x91\xa6\xca\x020\x99\xe5\xd5\x01:tCO\
s\x86\xf4\x9e\xa9mn\xcb\x1a\x04\x0b\xc0d~X\x1d\
\xa0C}\xdd\x85oH\xef\x99\xda6k\xb7\xd4\x96&\
b\x01\x98\xcc\x83\xab\x03t\xe8\xa1=\xcd\x19\xd2{\xa6\
\xb6\xf5\xf5\x99\x91\xa6\xca\x020\x99e\xd5\x01:\xb4S\
Os\x86\xf4\x9e\xa9m}}f\xa4\xa9\xb2\x00L\xe6\
1\x99\xb9Uu\x88\x8e\x1c\xd0\xd3\x9c'\xf44G\x9a\
6\xb7e\x0d\x82\x05`2\x9b\x00\x87W\x87X\xac\xcc\
\xdc\x08\xf8\xef=\x8d\xdb73\x1f\xde\xd3,i*2\
sO\xe0g\xabsH]\xb0\x00L\xee\x97\xab\x03t\
\xe0p`\x87\x1e\xe7\x0d\xe1=S\xdb\xdc\x865\x18\x16\
\x80\xc9\x1d\x95\x99\x07V\x87\x98Tf.\x01\xfe\xb0\xe7\
\xb1\xaf\xc9\xcc\xed{\x9e)u\x223w\x00^S\x9d\
C\xea\x8a\x05`r\x01\xbc#3\x97V\x07\x99\xd0K\
\x81\xc7\xf7<s\x1b\xe0-=\xcf\x94\xba\xf2\x16\xe0A\
\xd5!\xa4\xaeX\x00\x16\xe7 \xe0\x1d\xd5!6Tf\
>\x1exw\xd1\xf8\x97g\xe6\xaf\x15\xcd\x96&\x92\x99\
\xc7\x02\xbfQ\x9dC\xea\x92\x05`\xf1^\x99\x99\xaf\xae\
\x0e\xb1P\x99\xb9\x0fp\x16\xb0ya\x8c\xf7d\xe6\xdc\
\x9fD\xa96\x8c\xb7\xd5\xf7V\xe7\x90\xbaf\x01\xe8\xc6\
\x9fd\xe6{3\xf3g\xaa\x83\xacKf\x1e\x01|\x01\
\xd8\xb98\xca\xa6\xc09\x99ybq\x0ei\x9d2\xf3\
xF\x0f\xcc\xda\xa4:\x8b\xd45\x0b@w\xfe\x07p\
yf\x1e\x9d\x99Q\x1d\xe6\xfe2s\xd7\xcc<\x15\xf8\
?\x8c\x8e\xc3\xcf\x82\x8d\x80\x933\xf3\xa2\xcc<\xa8:\
\x8ct\x7f\x99\xb9\x7ff~\x168\x15\xd8\xb8:\x8f4\
\x0d\xf3z\x02\xdb\xacz\x14p:pYf~\x92\xd1\
\xae\xf6+#\xe2\xbe\xbe\x83\x8c\xcf\xb6\x7f\x06p\x14p\
$\xb3\xfb\x0b\xe6\x89\xc0\xe72\xf3\xff\x02\x9f\x06\xce\x89\
\x88\xef\x14gR\x832\xf3a\x8c\xee\x8b\xf1\x5c\xe00\
F'\xfaJ\x83\x15\x99\xb9?piu\x90\x01\xbb\x07\
X1~e\x0f\xf3\xb6\x04v\x01\xb6\xe8a\xd6\xb4\xfc\
\x04\xb8\x11\xb8\xb9:\x88\x9a\xb0=\xa3[U\xcfjI\
\x1e\x82\x13\x22\xe2\xd4\xea\x10Z\x95{\x00\xa6o)\xa3\
c\xee\xd5\xc7\xdd\xe7\xc9\xa6\xc0\xee\xe3\x97$i\x0a<\
\x07@\x92\xa4\x06Y\x00$Ij\x90\x05@\x92\xa4\x06\
Y\x00$Ij\x90\x05@\x92\xa4\x06Y\x00$Ij\
\x90\x05@\x92\xa4\x06Y\x00$Ij\x90\x05@\x92\xa4\
\x06Y\x00$Ij\x90\x05@\x92\xa4\x06Y\x00$I\
j\x90\x05@\x92\xa4\x06Y\x00$Ij\x90\x05@\x92\
\xa4\x06Y\x00$Ij\x90\x05@\x92\xa4\x06Y\x00$\
Ij\x90\x05@\x92\xa4\x06Y\x00$Ij\x90\x05@\
\x92\xa4\x06Y\x00$Ij\x90\x05@\x92\xa4\x06Y\x00\
$Ij\x90\x05@\x92\xa4\x06Y\x00$Ij\x90\x05\
@\x92\xa4\x06Y\x00$Ij\x90\x05@\x92\xa4\x06Y\
\x00$Ij\x90\x05@\x92\xa4\x06Y\x00$Ij\x90\
\x05@\x92\xa4\x06Y\x00$Ij\x90\x05@\x92\xa4\x06\
Y\x00$Ij\x90\x05@\x92\xa4\x06Y\x00$Ij\
\x90\x05@\x92\xa4\x06Y\x00$Ij\x90\x05@\x92\xa4\
\x06Y\x00$Ij\x90\x05@\x92\xa4\x06Y\x00$I\
j\x90\x05@\x92\xa4\x06Y\x00$Ij\x90\x05@\x92\
\xa4\x06Y\x00$Ij\x90\x05@\x92\xa4\x06-\xad\x0e\
0`\xf7\x02\x17\x01W\x00+\x80\x9b\x80\xeca\xee\x16\
\xc0\xce\xc0\xae\xc0\xa1\xc0\xf6=\xcc\xec\xca\x1d\xc0\xf9\xc0\
\xb5\xc0r\xe0\x07\xb5q\xd4\x88m\x81e\xc0^\xc0!\
\xc0f\xb5q\xa4~X\x00\xba\xf7M\xe0m\xc0\x19\x11\
qse\x90\xcc\x5c\x0a\x1c\x0c\xbc\x028\xaa2\xcbz\
\x5c\x02\x9c\x0c\x9c\x1b\x11wT\x87Q\xbb2ss\xe0\
\x08\xe0$\xe0\x80\xe28\xd2Ty\x08\xa0;w\x02\xaf\
\x01\xf6\x89\x88\xf7V/\xfe\x00\x11qOD\x5c\x10\x11\
\xcf\x05\x9e\x04|\xbd:\xd3\x03\xac\x00^\x00\xfc|D\
|\xda\xc5_\xd5\x22\xe2\x8e\x888\x03\xf8o\xc01\x8c\
\xf6\xdcI\x83d\x01\xe8\xc6\xf7\x81gD\xc4\xbb\x22\xe2\
\xce\xea0k\x12\x11\x17\x01\x07\x02\x9f\xae\xce2\xf65\
F\x0b\xff'\x22\xa2\x8fC#\xd2\x82EDF\xc4\xe9\
\xc0~\xc0e\xd5y\xa4i\xb0\x00,\xde\xf7\x19-d\
\x17V\x07Y\x9f\x88\xb8\x1dx>\xf0\xf1\xe2(\xff\x0a\
\x1c\x14\x11\xd7\x15\xe7\x90\xd6)\x22\xbe\x0b<\x0d\xb8\xbc\
:\x8b\xd45\x0b\xc0\xe2\xdc\x0d\xbc \x22\xae\xad\x0e\xb2\
P\x11q\x1f\xf0\xab\x8c\x8e\xbbW\xf8>\xf0\xbcq\x19\
\x91f^D\xfc\x088\x12\x0f\x07h`,\x00\x8b\xf3\
\xae\x88\xb8\xa0:\xc4\x86\x8a\x88\x1f\x03/\x01\xee)\x18\
\xff\xf2\x88\xf8F\xc1\x5cib\x11\xf1-F'\xd3J\
\x83a\x01\x98\xdc\x0f\x80S\xaaCL*\x22\xae\x04\xfe\
\xb6\xe7\xb1\x97\x00\x9f\xecy\xa6\xd4\x95\xd3\x81\x8b\xabC\
H]\xb1\x00L\xee/#\xe2\x96\xea\x10\x8bt2\xfd\
\xdc\x9b\xe0\xa7\xf3<\xe1O\xf3j\xbc\xed\xbe\xb3:\x87\
\xd4\x15\x0b\xc0\xe4\xce\xa8\x0e\xb0X\xe3\x93\xf0\xfe\xb5\xa7\
qw\x00\xe7\xf64K\x9a\x96\x7fb\xb4-Ks\xcf\
\x020\x99\xe5\xc0W\xabCt\xe4\x9c\x9e\xe6\x5c\xe0u\
\xfe\x9aw\xe3m\xf8_\xaasH]\xb0\x00L\xe6\x9a\
\x01\xed\xca\xbe\xa6\xa79W\xf74G\x9a6\xb7e\x0d\
\x82\x05`2\xcb\xab\x03t\xe8\x86\x9e\xe6\x0c\xe9=S\
\xdb\xdc\x965\x08\x16\x80\xc9\xfc\xa4:@\x87~\xdc\xd3\
\x9c!\xbdgj\x9b\x87\xb24\x08\x16\x80\xc9\xecX\x1d\
\xa0C;\xf54gH\xef\x99\xda\xd6\xd7gF\x9a*\
\x0b\xc0dv\xae\x0e\xd0\xa1\xbe\xbe\xcc\x86\xf4\x9e\xa9m\
\x16\x00\x0d\x82\x05`2\xfbd\xe6P~\xd1>\xb5\xa7\
9O\xc9\xcc\xe8i\x964\x15\xe3m\xf8\xa9\xd59\xa4\
.X\x00&\xb3\x04xVu\x88\xc5\xca\xcc\xcd\x80\xc3\
z\x1a\xb7\x1b\xf0\xd8\x9efI\xd3\xf2x`\xd7\xea\x10\
R\x17,\x00\x93{iu\x80\x0e\xbc\x10\xd8\xa2\xc7y\
\xbf\xd6\xe3,i\x1a\x86\xf0\xb9\x97\x00\x0b\xc0b\x1c\x98\
\x99\xcf\xad\x0e1\xa9\xf1\xaf\xff7\xf5<\xf6\xf8\xcc|\
D\xcf3\xa5Nd\xe6\xde\xc0\xcb\xaasH]\xb1\x00\
,\xce)\x99\xb9Mu\x88\x09\xbd\x81\xfewen\x0c\
\xbc;3\xdd\xee4W\xc6\xdb\xec\xbb\x19m\xc3\xd2 \
\xf8E\xbc8{\x01\x1f\xcf\xcc\xa5\xd5A6Df>\
\x0f8\xb1h\xfc/\x00\x7fT4[\x9a\xd4[\x81#\
\xaaCH]\xb2\x00,\xde3\x80\xf7e\xe6&\xd5A\
\x16\x223\x8f\x04N\x03*\xcf\xc8?)3_[8\
_Z\xb0\xcc<\x11p{\xd5\xe0X\x00\xbaq,p\
~f\xce\xec\xf5\xc1\x99\xb9Qf\xfe>\xa3\xa7\x18n\
^\x1c'\x80\xb7g\xe6i\x99\xd9\xe7I\x88\xd2\x82e\
\xe6\x16\x99\xf9!F\x8f\xcd\xf6\x12V\x0d\x8e\x05\xa0;\
O\x04\xae\xce\xcc\x933\xf3A\xd5a\xee/3\x0f\x03\
.c\xb4\xeb}\x96\xfe\xce\x8f\x05\xbe\x99\x99\xbf=o\
\x87Q4\x5c\x99\xb9$3\x8fc\xf4\xd0\x9f\x17W\xe7\
\x91\xa6%2s\x7f\xe0\xd2\xea \x03s;\xa3\xe7\x86\
\x9f\x05\x5c\x01\xdc\x08\xac\xe8\xe3\x09\x82\x99\xb9%\xb0\x0b\
\xf00F\x87'\x8e\x02\xf6\x9c\xf6\xdc\x0e\xac\x00\xcef\
\xf4x\xe2\xab\x81\xe5\x11qKm$\xb5 3\xb7\x03\
\x96\x01{\x03\xcf\x04\x9e\x03<\xa44\xd4\xf0\x9c\x10\x11\
\xa7V\x87\xd0\xaa,\x00\x92\xa4i\xb3\x00\xcc\xa0Y\xda\
\x1d,I\x92zb\x01\x90$\xa9A\x16\x00I\x92\x1a\
d\x01\x90$\xa9A\x16\x00I\x92\x1ad\x01\x90$\xa9\
A\x16\x00I\x92\x1ad\x01\x90$\xa9A\x16\x00I\x92\
\x1ad\x01\x90$\xa9A\x16\x00I\x92\x1ad\x01\x90$\
\xa9A\x16\x00I\x92\x1ad\x01\x90$\xa9A\x16\x00I\
\x92\x1ad\x01\x90$\xa9A\x16\x00I\x92\x1ad\x01\x90\
$\xa9A\x16\x00I\x92\x1ad\x01\x90$\xa9A\x16\x00\
I\x92\x1ad\x01\x90$\xa9A\x16\x00I\x92\x1ad\x01\
\x90$\xa9A\x16\x00I\x92\x1ad\x01\x90$\xa9A\x16\
\x00I\x92\x1ad\x01\x90$\xa9A\x16\x00I\x92\x1ad\
\x01\x90$\xa9A\x16\x00I\x92\x1ad\x01\x90$\xa9A\
\x16\x00I\x92\x1ad\x01\x90$\xa9A\x16\x00I\x92\x1a\
d\x01\x90$\xa9A\x16\x00I\x92\x1ad\x01\x90$\xa9\
A\x16\x00I\x92\x1ad\x01\x90$\xa9A\x16\x00I\x92\
\x1ad\x01\x90$\xa9A\x16\x00I\x92\x1ad\x01\x90$\
\xa9A\x16\x00I\x92\x1ad\x01\x90$\xa9A\x16\x00I\
\x92\x1ad\x01\x90$\xa9A\x16\x00I\x92\x1ad\x01\x90\
$\xa9AK\xab\x03\x0c\xd8\xb5\xc0Y\xc0\x15\xc0\x0a\xe0\
& {\x98\xbb\x05\xb0\xcb\xf8u8\xf0d\xe6\xe7\xef\
\xf92\xe0\x1c\xe0\x1a`9\xf0\x83\xda8j\xc4\xb6\xc0\
N\xc0\x9e\xc0\xb3\x80\xc7\xd7\xc6\x91\xfa1/\x0b\xc3<\
9\x1bxSD|\xa5:\x08pJfn\x07\xbc\x1c\
x-\xb0Uq\x9e5\xb9\x1b\xf8[\xe0\xe4\x88\xf8V\
u\x185\xef\x8d\x99\xb9;p\x12\xf0k\xf8\x1d\xa9\x01\
\xf3\x10@w\xae\x07\x9e\x16\x11\xcf\x99\x91\xc5\x1f\x80\x88\
\xb8%\x22\xfe\x88\xd1\xaf\x9bOU\xe7y\x80K\x81\x9f\
\x8d\x88\xdfp\xf1\xd7\xac\x88\x88\xeb\x22\xe2\x04\xe0\xe7\x18\
\xed\x95\x92\x06\xc9\x02\xd0\x8dK\x80'D\xc4?W\x07\
Y\x9b\x88\xf8\x1ep4\xf0&\xfa9\x14\xb1>\x1f\x03\
\x9e\x12\x11\xffQ\x1dDZ\x93\x88\xb8\x92\xd1!\xb4\x8f\
Wg\x91\xa6\xc1\xdd[\x8bw%pxD\xdcZ\x1d\
d}\x22\x22\x817gf\x00o,\x8c\xf2\xf7\xc0\x8b\
\x22\xe2\xbe\xc2\x0c\xd2zE\xc4\x1d\x99\xf9\xcb\xc0\xa6\xc0\
\x91\xd5y\xa4.\xb9\x07`qn\x01\x9e5\x0f\x8b\xff\
\x03\xbc\x19\xf8d\xd1\xec\xaf\x01\xc7\xba\xf8k^\x8c\xb7\
\xd5\x17\x03_\xaf\xce\x22u\xc9\x02\xb08o\x88\x88k\
\xabCl\xa8\xf1\x9e\x80\x97\x03\xb7\x15\x8c\x7fyD\xdc\
^0W\x9a\xd8x\x9b}\x19\xb3q\xf8L\xea\x84\x05\
`r\xdf\x00\xde[\x1dbR\xe3s\x02\xde\xd1\xf3\xd8\
3\x22\xe2\xa2\x9egJ\x9d\x88\x88/\x02gV\xe7\x90\
\xbab\x01\x98\xdc_D\xc4]\xd5!\x16\xe9/\x81{\
z\x9c\xf7g=\xce\x92\xa6\xc1mX\x83a\x01\x98\xdc\
\xdfW\x07X\xac\x88\xb8\x05\xf8\x5cO\xe3n\x06\xfc\xf5\
\xafyw!\xf0\xfd\xea\x10R\x17,\x00\x93\xb96\x22\
\xbeQ\x1d\xa2#\xe7\xf54\xe7\xb3\x11\xd1\xe7\xde\x06\xa9\
s\x11q/\xf0\xcf\xd59\xa4.X\x00&3\xa4\x9b\
\xd6|\xbb\xa79Cz\xcf\xd46\xb7e\x0d\x82\x05`\
2\xcb\xab\x03t\xe8\x86\x9e\xe6\x0c\xe9=S\xdb\xdc\x96\
5\x08\x16\x80\xc9Du\x80\x0e\xf5\xf5\xffeH\xef\x99\
\xda\xe6\xb6\xacA\xb0\x00LfYu\x80\x0e\xed\xd4\xd3\
\x9c!\xbdgj\x9b\xdb\xb2\x06\xc1\x020\x99\x87U\x07\
\xe8\xd0\xae=\xcd\x19\xd2{\xa6\xb6\xb9-k\x10,\x00\
\x93\xd933\xf7\xae\x0e\xd1\x91#z\x9asXf\xfa\
\xec\x09\xcd\xb5\xf16|hu\x0e\xa9\x0b\x16\x80\xc9=\
\xa7:\xc0be\xe6\xf6\xc0A=\x8d\xdb\x0e8\xb8\xa7\
Y\xd2\xb4<\x05\xd8\xb6:\x84\xd4\x05\x0b\xc0\xe4^\x9e\
\x99\x9bT\x87X\xa4\xdf\xa4\xdf'B\xbe\xa2\xc7Y\xd2\
4\xb8\x0dk0,\x00\x93\xdb\x038\xbe:\xc4\xa42\
\xf3\xc1\xc0kz\x1e{Tf>\xa9\xe7\x99R'2\
\xf3`\x06\xb0\xe7OZ\xc9\x02\xb08o\xca\xcc\xbd\xaa\
Cl\xa8\xcc\x0c\xe0\xaf\x80\xad\x0b\xc6\xffefnY\
0W\x9aXfn\xc5\xe8\xd9\x19\xd2`X\x00\x16g\
;\xe0\xec\xcc\xdc\xa6:\xc8\x06z#\xf0\xbc\xa2\xd9?\
\x07|83\xdd\xf64\x17\xc6\xdb\xea\x87\x80\x9f\xad\xce\
\x22u\xc9/\xe1\xc5{\x14p^f\xee\x5c\x1dd}\
232\xf3\xcd\xc0\x1b\x8a\xa3\x1c\x09|$37/\
\xce!\xad\xd3x\x1b\xfd(\xa3mV\x1a\x14\x0b@7\
\x0e\x00.\xc9\xccC\xaa\x83\xacMf>\x14\xf8\x14\xa3\
\xc5\x7f\x16\xeedv\x0cpaf>\xaa:\x88\xb4&\
\x99\xb9\x0f\xa3\xa7e\xbe\xa0:\x8b4\x0d\x16\x80\xee\xec\
\x04|63\xcf\xc9\xcc\xfd\xab\xc3\xac\x94\x99\xdbg\xe6\
\x1b\x80k\x80\xe7V\xe7y\x80\xfd\x80+2\xf3\xd4\xcc\
\xdc\xa3:\x8c\x04\x90\x99{d\xe6_\x03_\x03\x1e_\
\x9dG\x9a\x96\x18/V\x97V\x07\x19\xa0o\x02g\x03\
W\x007\x02+\x80\xfbz\x98\xbb\x15\xb0\x0b\xa3;\xfc\
\x1d\x0e<\x09\xd8\xa8\x87\xb9]\xf8*\xf0\x0f\xc0\xd5\x8c\
\x1e\xb8rsm\x1c5b\x07`G`o\xe0\x99\xc0\
ck\xe3\x0c\xd2\x09\x11qju\x08\xad\xca;\xb3M\
\xcf\x1ex\xcd\xf0\x86z\xdc\xf8%I\x9a2\x0f\x01H\
\x92\xd4 \x0b\x80$I\x0d\xb2\x00H\x92\xd4 \x0b\x80\
$I\x0d\xb2\x00H\x92\xd4 \x0b\x80$I\x0d\xb2\x00\
H\x92\xd4 \x0b\x80$I\x0d\xb2\x00H\x92\xd4 \x0b\
\x80$I\x0d\xb2\x00H\x92\xd4 \x0b\x80$I\x0d\xb2\
\x00H\x92\xd4 \x0b\x80$I\x0d\xb2\x00H\x92\xd4 \
\x0b\x80$I\x0d\xb2\x00H\x92\xd4 \x0b\x80$I\x0d\
\xb2\x00H\x92\xd4 \x0b\x80$I\x0d\xb2\x00H\x92\xd4\
 \x0b\x80$I\x0d\xb2\x00H\x92\xd4 \x0b\x80$I\
\x0d\xb2\x00H\x92\xd4 \x0b\x80$I\x0d\xb2\x00H\x92\
\xd4 \x0b\x80$I\x0d\xb2\x00H\x92\xd4 \x0b\x80$\
I\x0d\xb2\x00H\x92\xd4 \x0b\x80$I\x0d\xb2\x00H\
\x92\xd4 \x0b\x80$I\x0d\xb2\x00H\x92\xd4 \x0b\x80\
$I\x0d\xb2\x00H\x92\xd4 \x0b\x80$I\x0d\xb2\x00\
H\x92\xd4 \x0b\x80$I\x0d\xb2\x00H\x92\xd4 \x0b\
\x80$I\x0d\xb2\x00H\x92\xd4 \x0b\x80$I\x0d\xb2\
\x00H\x92\xd4 \x0b\x80$I\x0d\xb2\x00H\x92\xd4 \
\x0b\x80$I\x0d\xb2\x00H\x92\xd4 \x0b\x80$I\x0d\
ZZ\x1d`\xa0n\x03\xfe\x098\x0b\xb8\x02X\x01\xdc\
\x14\x119\xed\xc1\x99\xb9\x05\xb0\x0b\xb0+\xf0\x0c\xe0H\
`\xefi\xcf\xed\xc0\x8d\x8c\xde\xafs\x80k\x81\xe5\x11\
qKm$\xb5 3\xb7\x03\x96\x01{\x02\xcf\x02\x9e\
\x0d\xecX\x1aJ\xeaAd\xe6\xfe\xc0\xa5\xd5A\x06\xe2\
?\x81\xf7\x00o\x8d\x88\xdb\xaa\xc3\xac\x94\x99\x87\x01\xa7\
\x00\x8f\xab\xce\xb2\x06\xd7\x03o\x01\xde\x17\x11\xf7T\x87\
\x912s\x09\xf0<\xe0\x1d\xc0n\xc5q\x86\xe2\x84\x88\
8\xb5:\x84V\xe5!\x80\xee|\x1e\xd8+\x22N\x9a\
\xa5\xc5\x1f \x22>\x03\xec\x0f\xfc\x1ep_q\x9c\xfb\
\xfb\x00\xf0\x88\x88\xf8k\x17\x7f\xcd\x8a\x88\xb8/\x22>\
\x01<\x1a\xf8Pu\x1eiZ,\x00\xdd8\x0d8,\
\x22n\xac\x0e\xb26\xe3/\xb5\xb7\x01G\x01w\x14\xc7\
I\xe0\xb5\x11\xf1\xab\x11\xf1\xe3\xe2,\xd2\x1aE\xc4\x1d\
\x11q\x1cp\x22\xa3mV\x1a\x14\x0b\xc0\xe2\x9d\x0b\xbc\
4\x22\xee\xac\x0e\xb2\x10\x11q6p,\xb5_ho\
\x8b\x88w\x14\xce\x97\x16,\x22N\x01\xde^\x9dC\xea\
\x9a\x05`q\xae\x06\x8e\x89\x88{\xab\x83l\x88\x888\
\x03x[\xd1\xf8s\x80?(\x9a-M\xea\xf7\x81\x7f\
\xac\x0e!u\xc9\x02\xb08\xbf\x1b\x11?\xac\x0e1\xa1\
?\x04\xbe\xdd\xf3\xcc\xbb\x81WF\xc4,\x9d\x87 \xad\
\xd7x\x9b\xfdM\xe0\xae\xea,RW,\x00\x93\xfbB\
D\x9cY\x1dbR\x11\xf1\x13\xe0M=\x8f=5\x22\
\xae\xe9y\xa6\xd4\x89\x88\xf8&\xf0\xde\xea\x1cRW,\
\x00\x93\xfb\xdb\xea\x00\x1d\xf8\x18\xa3K\x17\xfb\xf27=\
\xce\x92\xa6a\x08\x9f{\x09\xb0\x00L\xea^\xe0\xec\xea\
\x10\x8b5>\x03\xff\xbc\x9e\xc6]\x17\x11\x97\xf74K\
\x9a\x8a\x88\xf8*\xf0\xcd\xea\x1cR\x17,\x00\x93\xf9\xf7\
\x88\xf8^u\x88\x8e\xfcKOs.\xeci\x8e4m\
\x9f\xaf\x0e u\xc1\x020\x99\xeb\xab\x03t\xe8\x86\x9e\
\xe6|\xb7\xa79\xd2\xb4\x0d\xe9\xf3\xaf\x86Y\x00&\xb3\
\xa2:@\x87\x96\xf74gH\xef\x99\xda\xd6\xd7gF\
\x9a*\x0b\xc0d6\xab\x0e\xd0\xa1\xcd{\x9a3\xa4\xf7\
Lm\xdb\xa2:\x80\xd4\x05\x0b\xc0d\x96U\x07\xe8\xd0\
N=\xcd\x19\xd2{\xa6\xb6\xb9-k\x10,\x00\x93\xd9\
33\xa3:DG\xf6\xeci\xce^=\xcd\x91\xa6\xcd\
mY\x83`\x01\x98\xcc2`\xbf\xea\x10\x1dyvO\
s\x0e\xc9Lw\x9dj\xae\x8d\xb7\xe1\xa7U\xe7\x90\xba\
`\x01\x98\xdcs\xab\x03,Vf\xee\x01\xec\xdb\xd3\xb8\
\xcd\x80\xc3{\x9a%M\xcb\x11\xc0\xa6\xd5!\xa4.X\
\x00&\xf7\x1b\x99\xb9]u\x88Ez]\xcf\xf3N\x1a\
\xd0\xa1\x135f\xbc\xed\xfeNu\x0e\xa9+\x16\x80\xc9\
m\xcb\xe89\xe1s)3\xf7\x01~\xb5\xe7\xb1\x07\x00\
G\xf7<S\xea\xca1\xc0\xcfW\x87\x90\xbab\x01X\
\x9cWe\xe6!\xd5!6Tfn\x06|\x10XZ\
0\xfe/2\xf3\xe1\x05s\xa5\x89e\xe6n\xc0\xbb\xab\
sH]\xb2\x00,\xce\xc6\xc0\xe9\x9997g\x05g\
\xe6\x12\xe0\x03\x8c~\x8dW\xd8\x018#3\xb7*\x9a\
/m\x90\xf1\xb6z&\xf0\x90\xea,R\x97,\x00\x8b\
\xb7=pqf>\xa5:\xc8\xfad\xe6\x96\xc0\xa7\x80\
\x17\x14G\xd9\x17\xb8(3w/\xce!\xadSf\xee\
\x02\x5c@\x7f'\xcbJ\xbd\xb1\x00tc\x07\xe0\xdc\xcc\
\xfc\xdd\xcc\xdc\xa4:\xcc\x9ad\xe6\xc1\xc0\x97\x80\xa3\xaa\
\xb3\x8c\xfd\x1c\xf0\xa5\xcc<\xc6\x13\x035k232\
\xf3\x97\x80\xaf0\x9cK~\xa5UX\x00\xba\xb3\x09p\
\x0apUf\xfezf>\xb8:Pf.\xcd\xccC\
3\xf3LFO\xe3{tu\xa6\x07x\x08\xf01\xe0\
\x92\xcc|\xbe\xf7\x09P\xb5\xcc\xdc\x223\x9f\x0f\x5c\x02\
|\x14(\xff\x1cK\xd3\x12\x99\xb9?piu\x90\x01\
\xba\x17\xf8\x22p\x05\xa3\x87\x87\xdc\x04\xdc\xd7\xc3\xdc-\
\x81]\xc7\xafC\x18]\xad0/~\xcc\xe8\xf1\xc4W\
3z\xcfn\xae\x8d\xa3Fl\xcf\xe8\xe6^{\x03O\
\xc1\xeb\xfc\xa7\xe1\x84\x888\xb5:\x84VUq\x16x\
+6\x02\x0e\x1a\xbf\xb40\x9b1\xba\xd1\xca\x11\xd5A\
$i\xe8<\x04 IR\x83,\x00\x92$5\xc8\x02\
 IR\x83,\x00\x92$5\xc8\x02 IR\x83,\
\x00\x92$5\xc8\x02 IR\x83,\x00\x92$5\xc8\
\x02 IR\x83,\x00\x92$5\xc8\x02 IR\x83\
,\x00\x92$5\xc8\x02 IR\x83,\x00\x92$5\
\xc8\x02 IR\x83,\x00\x92$5\xc8\x02 IR\
\x83,\x00\x92$5\xc8\x02 IR\x83,\x00\x92$\
5\xc8\x02 IR\x83,\x00\x92$5\xc8\x02 I\
R\x83,\x00\x92$5\xc8\x02 IR\x83,\x00\x92\
$5\xc8\x02 IR\x83,\x00\x92$5\xc8\x02 \
IR\x83,\x00\x92$5\xc8\x02 IR\x83,\x00\
\x92$5\xc8\x02 IR\x83,\x00\x92$5\xc8\x02\
 IR\x83,\x00\x92$5\xc8\x02 IR\x83,\
\x00\x92$5\xc8\x02 IR\x83,\x00\x92$5\xc8\
\x02 IR\x83,\x00\x92$5\xc8\x02 IR\x83\
,\x00\x92$5\xc8\x02 IR\x83,\x00\x92$5\
\xc8\x02 IR\x83,\x00\x92$5\xc8\x02 IR\
\x83,\x00\x92$5\xc8\x02 IR\x83,\x00\x92$\
5\xc8\x02 IR\x83,\x00\x92$5\xc8\x02 I\
R\x83,\x00\x92$5\xc8\x02 IR\x83,\x00\x92\
$5\xc8\x02 IR\x83,\x00\x92$5\xc8\x02 \
IR\x83,\x00\x92$5h\x09\x90\xd5!$I\x83\
\xe6:3\x83\x96\x00wT\x87\x90$\x0d\xda\xed\xd5\x01\
\xb4\xba%\xc0\x8f\xaaCH\x92\x06\xcduf\x06Y\x00\
$I\xd3v[u\x00\xadn\x09\xa3]3\xf7T\x07\
\x91$\x0d\xd6\xad\xd5\x01\xb4\xba%\x11q/p]u\
\x10I\xd2 %pmu\x08\xadn\xe5e\x80W\x95\
\xa6\x90$\x0d\xd5\xf5\x11\xe1I\x803\xc8\x02 I\x9a\
&\xd7\x97\x19\xb5\xb2\x00|\xad4\x85$i\xa8\xae\xa8\
\x0e\xa05[Y\x00.(M!I\x1a*\xd7\x97\x19\
\x15+\xff%3\xaf\x01\xf6,\xcc\x22I\x1a\x96{\x81\
\x1d\x22\xc2\xab\x00f\xd0\xfd\x9f\x05p~Y\x0aI\xd2\
\x10]\xe6\xe2?\xbb\xee_\x00\xce,K!I\x1a\x22\
\xd7\x95\x19v\xffC\x00K\x81\xef\x00;\xd6\xc5\x91$\
\x0dD\x02\x0f\x8f\x88\xeb\xaa\x83h\xcd~\xba\x07 \x22\
\xee\x01>Z\x98E\x924\x1c\xff\xe2\xe2?\xdb\x96<\
\xe0?\xbf\x1f\x1f\xdb(IZ\xbc\x0fT\x07\xd0\xba\xc5\
\x03\xff\x8b\xcc\xfc\x07\xe0\x17\x0a\xb2H\x92\x86\xe1;\xc0\
^\x11\x06\xb8\xca\x8c\x00\x00\x02XIDATqW\
u\x10\xad\xdd\x03\xf7\x00\x00\xbc\xa5\xf7\x14\x92\xa4!y\
\xbb\x8b\xff\xec[m\x0f\x00@f^\x00<\xb5\xdf(\
\x92\xa4\x01X\xce\xe8\xe4\xbf\x9fT\x07\xd1\xba\xadi\x0f\
\x00\xc0\xef0\xba\x81\x83$I\x1b\xe2u.\xfe\xf3a\
\x8d\x05 \x22.\x03N\xed9\x8b$i\xbe}\x1e8\
\xad:\x84\x16f\x8d\x87\x00\x002sk\xe0J`Y\
\x7fq$Is\xea\x1e`\xff\x88\xb8\xbc:\x88\x16f\
m\x87\x00\x88\x88\xdb\x80\x13\xf0\xb2@I\xd2\xfa\xbd\xc5\
\xc5\x7f\xbe\xacu\x0f\xc0J\x99\xf9.\xe0U=d\x91\
$\xcd\xa7\x0b\x80\xa7G\x84\xe7\x8e\xcd\x91\x85\x14\x80\x8d\
\x81\x7f\x06\x9e8\xf54\x92\xa4y\xb3\x02x\x5cD,\
\xaf\x0e\xa2\x0d\xb3\xd6C\x00+E\xc4\xdd\xc0\xd1\xc0u\
SO#I\x9a'w\x00\xbf\xe8\xe2?\x9f\xd6[\x00\
\x00\x22\xe2\x06\xe0\xe9\x8c\x9a\x9e$Iw\x03\xcf\x8f\x88\
/T\x07\xd1d\x16T\x00\x00\x22\xe2\x1a\xe0\xd9\xc0m\
\xd3\x8b#I\x9a\x03\xf7\x02/\x8d\x88\x7f\xac\x0e\xa2\xc9\
-\xb8\x00\x00D\xc4\xa5\xc0\x93\x80\x1b\xa6\x13G\x924\
\xe3\xee\x02^\x14\x11\x1f\xae\x0e\xa2\xc5Y\xefI\x80k\
\x92\x99{\x00\xe7\x02\x8f\xe86\x8e$i\x86\xdd\x0e<\
/\x22\xce\xab\x0e\xa2\xc5\xdb\xa0=\x00+E\xc47\x81\
\x83\x19]\xfa!I\x1a\xbe+\x81\x03]\xfc\x87c\xa2\
\x02\x00\x10\x11+\x80C\x81\x93\xf0\xb9\x01\x924d\x1f\
\x06\x0e\x88\x88\xafW\x07Qw&:\x04\xf0@\x99\xf9\
4\xe0\xaf\x81\xbd\xba\xf8\xf3$I3\xe1f\xe05\x11\
\xf1\xc1\xea \xea\xde\xc4{\x00\xee/\x22.\x00\x1e\xcd\
ho\x80O\x81\x92\xa4\xf9\x96\xc0\x87\x80}\x5c\xfc\x87\
\xab\x93=\x00\xf7\x97\x99{\x02o\x04^\x08,\xed\xfa\
\xcf\x97$M\xd5y\xc0\x1b\x22\xe2K\xd5A4]\x9d\
\x17\x80\x952swF\xcf\x108\x1e\xd8tZs$\
I\x9d\xf8\x0c\xf0z\x17\xfevL\xad\x00\xac\x94\x99\xdb\
2\xba\x95\xf0q\x8c\x9e'0\xf5\x99\x92\xa4\x05\xf96\
\xf0Q\xe0o\xc67{SCz]\x8c3\xf3\x91\xc0\
3\x81C\x80'\x03[\xf79_\x92\x1aw'p1\
p>pnD\x5cR\x9cG\x85\xca~\x8dg\xe6R\
`_\xe01\xc0#\xc7\xaf\x87\x01\xdb\x01[\x01[\x02\
\x9bW\xe5\x93\xa49t\x17\xf0#\xe0\x87\x8cn\xdb~\
=\xa3\xeb\xf7\xaf\x1a\xff\xf3\xcb\x11\xf1\xe3\xbax\x9a%\
\xff\x05,\x97\xe6tG\x19\xbd\xbc\x00\x00\x00\x00IE\
ND\xaeB`\x82\
\x00\x00&[\
\x89\
PNG\x0d\x0a\x1a\x0a\x00\x00\x00\x0dIHDR\x00\
\x00\x02\x00\x00\x00\x02\x00\x08\x06\x00\x00\x00\xf4x\xd4\xfa\
\x00\x00\x00\x04sBIT\x08\x08\x08\x08|\x08d\x88\
\x00\x00\x00\x09pHYs\x00\x00\x0e\xc4\x00\x00\x0e\xc4\
\x01\x95+\x0e\x1b\x00\x00\x00\x19tEXtSof\
tware\x00www.inksca\
pe.org\x9b\xee<\x1a\x00\x00 \x00ID\
ATx\x9c\xed\xddy\x94T\xf7y\xe6\xf1\xe7\xbdU\
\xdd\x8d\x04\x08\x83\x00\xad\xb6\x90\x84\xac\xa5\x01\xcb\xe9\xf1\
\x82\xd8\x1a\x1a\x90\x18\x8f\xe2\xd8Q'N\xe2\xe3\xb1c\
\xd99\x89c%9\x93L\xb6\x99\x09\xf1x\x92\x19;\
\xc9$\xf2\x12\x8f\x1d':\x8e\x9d3\x11\xf1\xd8\x89\x22\
#\xa0\x1b\x8a\x16\x08/j[\x86n\x10\x16\x92\x85e\
\x09\x81\xc4\x22@l\xddu\x7f\xf3\x07(F\x88\xa5\x97\
\xaaz\xef\xef\xde\xef\xe7\x1c\xfe\x93\xba\x1e\x0a\xa4\xf7\xb9\
\xef\xef\xd6-\x09\x00\x00\x00\x00\x00\x00\x00\x00\x00\x00\x00\
\x00\x00\x00\x00\x00\x00\x00\x00\x00\x00\x00\x00\x00\x00\x00\x00\
\x00\x00\x00\x00\x00\x00\x00\x00\x00\x00\x00\x00\x00\x00\x00\x00\
\x00\x00\x00\x00\x00\x00\x00\x00\x00\x00\x00\x00\x00\x00\x00\x00\
\x00\x00\x00\x00\x00\x00\x00\x00\x00\x00\x00\x00\x00\x00\x00\x00\
\x00\x00\x00\x00\x00\x00\x00\x00\x00\x00\x00\x00\x00\x00\x00\x00\
\x00\x00\x00\x00\x00\x00\x00\x00\x00\x00\x00\x00\x00\x00\x00\x00\
\x00\x00\x00\x00\x00\x00\x00\x00\x00\x00\x00\x00\x00\x00\x00\x00\
\x00\x90-\xe6\x1d\x00\xc52{\xf6\xec\x8b\x0e\xb6\xb4L\
(\x99M\x08j\x1a'IiU\x13\x92$M$I\
!m\x92J\xe3\x5cC\x02uQ=,K\x06$)\
M\x934)\xe9%IJ\x06\xaa\x87\x06\xcb\xd5\x83\x97\
\x1c?\xfe\xd2\xa6M\x9b\x8e\xfafD\x91P\x000j\
7\xceYre9\xa9^-+]n\x16\xae\x0a\x0a\
\x97\x9b%W)\x0d\x97\xcbt\x99\xa4\x89\x92&\x9c\xfa\
\xd5\xe4\x9b\x16\xc8\xb4\x01I/\x9d\xfa\xb5OA{d\
aW\x90\x9e3Kv\x85T\xcf\xc9\xd2]iZ\xfe\
\xf1\xb6\x87W\xedr\xce\x8a\xc8Q\x000$\xad\xb3o\
\x9f\x944\x85\x19A\xe9\xf4 \xdd\x90\x98M\x0fJo\
\x90l\xba\xa4\xb1\xde\xf9\x80\x02zY\xd2\x13&\xdb\x11\
\xa4'\x14\xc2\x8e\xc4\xc2\x13\xd5\x13\xe5\xfe\xfeM\xab\xf6\
y\x87C\xf6Q\x00\xf0\x1a7\xceYre\xb9lm\
fi\x9b\x82n\x91\xd4*\xe9f\xf1\xf7\x05\x88\xc5.\
I\xbd\xc1\xd4\xafT[C\xa9\xda\xbbu\xdd\xba\xad\x92\
\x82w0d\x07\xffC/\xb8\xf6\xf6\xf6\xf2^k~\
S\xa8\x86\xb9\xb20G\xd2BI\x93\xbds\x01\xa8\xb9\
C\x92\xbe%\xd3F\x936\x1c\xbd\xa8\xe9\xe1\x1d+W\
\x1e\xf7\x0e\x05?\x14\x80\x82\xe9\xec\xec,m\xdb\xbd\xf7\
m\xc1JwX\x08\xf3ez\xab\xa4\x8b\xbcs\x01h\
\xb8#\x92\xbe\x1d\x14z\x12\xe9\xa1\x9b\xa6N\xfa\xf6\x8a\
\x15+\xaa\xde\xa1\xd08\x14\x80\x02xc{\xfb\xe4\x96\
\xd0\xb40(\xdc)\xe9\x1d\x92&yg\x02\x909\xfb\
$u\x9b\xd4ub\xd0\xfeu\xfb\xc65\xcfy\x07B\
}Q\x00r\xea\xe6E\x8b\xae)U\x93\x9f\x93\xd4)\
\xa9MR\xe2\x1c\x09@<R\xc9\x1eU\xd0\xfd\x92\xdd\
\xdf\xd7\xb3\xfa\x19\xef@\xa8=\x0a@\x8e\x9c\xbc\xd2/\
\xbf;\x04\xbdO\xa6\xdb\xc4\x9f/\x80\xda\xe8U\xb0\xbf\
\x1f\xa8j\x05\x9b\x81\xfc`@Dn\xfa\xb2e--\
GO\xbcK\xa9\xddm\xa6\x85\xe2J\x1f@\xfdT%\
\xadS\x08\x7f\x13\xf6N\xfaZ\x7f\xff\x8a\x13\xde\x810\
r\x14\x80H\xbdin\xc7\x1b\x07\xcb\xf6\xcb\x16\xf4\xcb\
\x92\xa6x\xe7\x01P8\x07\x82t\x7f\x12\xf4\xe9-=\
][\xbc\xc3`\xf8(\x00\x11\xe9\xec\xec,m}a\
\xdf\xbb\x14\xec\x1e\x93\xe6y\xe7\x01\x00IAA=\x92\
\xee\xed\xeb\x99\xfbuiy\xea\x1d\x08CC\x01\x88\xc0\
\xf4e\xcbZZ^\x1e\xf8y3\xfd\xbe\xa4\x9b\xbc\xf3\
\x00\xc09<\xa5`\xf7\xb6\xbc<\xe6\x0b\xbd\xbd\x0f\x1c\
\xf1\x0e\x83\xf3\xa3\x00d\xd8M\x1d\x1d\x97\x96\x07\xec\xd7\
e\xfa\x88X\xf3\x03\x88\xc7\x9e`\xfa\x94\x8e\x97>\xcb\
c\x89\xb3\x8b\x02\x90A\xad\xed\xed\xe3\x92\xb4\xe9#\xc1\
\xc2\xef\xeb\xe4\x17\xe8\x00@\x8c\x0e\x07\xd3g\xc6\x94\xf5\
\xa7\xbd]]/y\x87\xc1\xabQ\x002\xa4\xb5\xb5\xb3\
9\x99\xbc\xff\xfdA\xfa\x98\xa4\xcb\xbc\xf3\x00@\x8d\xec\
\xb5`\x9f\x1c7p\xf8^\xbe\xf28;(\x00\x19\xd0\
\xd9\xd9Yz|\xf7\xbe\xbbe\xf6\xdf\x82t\xa5w\x1e\
\x00\xa8\x0f\xfbqP\xf8X\xff\xfa\xb9_\xe4fA\x7f\
\x14\x00g\xad\x0b:\xdebJ>-\x85\xb7zg\x01\
\x80F0\xe9{ib\x1f\xed_\xb7f\xa3w\x96\x22\
\xa3\x008imo\xbf\x5c\xa1\xfc\xc7&\xdd-\x1e\xde\
\x03\xa0x\x82\xa4/\xab\x1c~\xa7\xaf\xbb{\xb7w\x98\
\x22*y\x07(\x9e\xe5\xc9\x8c\xf9M\xf7\x98\x92\xffg\
\xe2q\xbd\x00\x0a\xcb$\xbdI\xa9}h\xea\xb4\xeb^\
\xde\xb3\xf3}\x8fJ\x95\xe0\x1d\xaaH\x18>\x0d4s\
\xee\xe2\xebBI_\x94\xd4\xee\x9d\x05\x00\xb2\xc5\x1e)\
U\xd3\x0f|\x7fC\xf7\x0f\xbc\x93\x14\x05\x1b\x80\xc6\xb0\
\x99\x0b\x16\x7f8$\xfa\xba\xa47z\x87\x01\x80\x0cz\
}H\xec\xee\xcb\xae\xb9~p\xcf\xce\xf7mb\x1bP\
\x7fl\x00\xeal\xc6\xa2E\xd7\xab\x9a\xdc'i\xaew\
\x16\x00\x88B\xd0\xfaD\xc9\x076\xf7\xac\xfe\xa1w\x94\
<\xa3\x00\xd4\xd1\xcc\xf6\x8e\x9f\x09\xc1\xfeN\xd2\xeb\xbc\
\xb3\x00@d\x0e\x9a\xec\xee-\xeb\xd7\xac\xf0\x0e\x92W\
\x14\x80:hkkk:6~\xe2\x7f\xb7\xa0\xff,\
\xdec\x00\x18\xb1 }^/N\xfc(_=\x5c{\
\x0c\xa7\x1ak\x9d\xbb\xf8\x0dV\xd2?Jz\xbbw\x16\
\x00\xc8\x89G\xad\xaa\x9f\xdf\xb2\xa1\xeb)\xef yB\
\x01\xa8\xa1\x19\x0b:\x96Hv\xbfX\xf9\x03@\xad\xed\
\x0b!\xe9\xec\xefY\xbd\xd6;H^\xf0)\x80\x1ai\
]\xb0\xf8C&\xfb\x8a\xa4\xb1\xdeY\x00 \x87.2\
\x0b\xbf4\xe5\x9a\xeb\xf7\xbd\xb0\xf3\xa9\xefx\x87\xc9\x03\
\x0a\xc0(uvv\x96l\xea\x95\x7fj\xd2\xff\x12\xef\
'\x00\xd4Sb\xa6\x7f?u\xda\xf5\x93\x16\xbc\xb5m\
\xcd\xd6\xad[\xf9\xa8\xe0(p\x040\x0a7\xce\x993\
\xbe\x5c\xbe\xf8\x1fMa\x99w\x16\x00(\x96\xf0@\xb0\
\xea/\xf6W*\x87\xbd\x93\xc4\x8a\x020B3\xe7\xbe\
cb(\x1d\xff\x86\xb8\xd9\x0f\x00\xbc<:X\x0ew\
<\xde\xdd\xbd\xd7;H\x8c(\x00#0\xa3\xa3\xe32\
\x0d\xdajI\xb3\xbc\xb3\x00@\xc1m\x1d\x18\xb4%\xdb\
7\xaey\xce;Hl(\x00\xc3t\xeac~]\x92\
n\xf0\xce\x02\x00\x90$mWH\x96\xf4\xf5\xac~\xc6\
;HL(\x00\xc3\xd0\xda~\xfbt\x0b\xd5nIo\
\xf0\xce\x02\x00x\x95\x9d*\xa5\x1d}k\xd7>\xe9\x1d\
$\x16\x14\x80!\x9a\xd5\xde~u5\x94\x1e6\xd94\
\xe7(\x00\x80\xb3{\xa6ZJ\xe7m[\xbbv\xa7w\
\x90\x18$\xde\x01b0\xeb\xb6\xa5S\xd3P^\xc3\xf0\
\x07\x80L{}\xa9\x9a\xacimo\xbf\xdc;H\x0c\
(\x00\x17pk{\xfb\xebBS\xfa\x90\xa4\x9b\xbc\xb3\
\x00\x00.\xe8\x06\x0b\xe5\xd5\xad\xb3o\x9f\xe4\x1d$\xeb\
(\x00\xe7q\xe3\x9c9\xe3\x07Cyu\x90\xde\xec\x9d\
\x05\x000d3\xad\xb9\xfa`k{\xfb8\xef Y\
F\x018\x87\xce\xce\xceRSy\xccW$\xbd\xc5;\
\x0b\x00`\xd8\xde\xae\xd0t\x7fgg'Oh=\x07\
\xde\x98sH\xa6\x5c\xf5\x97\x92\xde\xe7\x9d\x03\x0002\
&\xdd\xf0\xe2\xe1c\x17\xef\xd9\xf9\xd4\x1a\xef,YD\
\x018\x8b\x19\xf3;>(\xd3\xff\xf0\xce\x01\x00\x18%\
\xd3mS\xaf\xbd~\xf7\x9e\xa7\x9fz\xd4;J\xd6\xf0\
1\xc03\x9c\xfaJ\xdfoH*{g\x01\x00\xd4\xc4\
@\x92\xd8\xb2\xcd\xeb\xd6t{\x07\xc9\x12\x0a\xc0if\
\xcd_zmj\xe9w%\xbd\xce;\x0b\x00\xa0\xa6\xf6\
UK\xe9O\xf1\x8c\x80\x9f\xe0&\xc0S\xda\xda\xda\x9a\
RK\xbf\x22\x86?\x00\xe4\xd1\xa4R\xb5t\x7fkk\
g\xb3w\x90\xac\xa0\x00\x9crl\xec\xc4\xbf\x904\xdb\
;\x07\x00\xa0^\xc2[m\xca\xbe?\xf1N\x91\x15\x1c\
\x01Hjm\xef\xb8\xcb\x82\xad\xf0\xce\x01\x00\xa8\xbb \
\xd9\xcf\xf6\xad_\xf35\xef \xde\x0a_\x00f,Z\
t\xbd\xaaI\xaf\xa4\x09\xdeY\x00\x00\x0d\xb1\xbfZJ\
\xdf\x5c\xf4\xfb\x01\x0a~\x04\xb0<Q\xd5\xfeV\x0c\x7f\
\x00(\x92\x89\xa5j\xf2w*\xf8Ep\xa1\x9f\x03\xd0\
\xba\xa0\xfc\x9b&\xfb\xb0w\x0e\x00@\xc3];e\xda\
\xb5{^\xd8\xf9\xc3\xefx\x07\xf1R\xd8\xf63s\xee\
\xe2\xebBI\x9b%\x8d\xf5\xce\x02\x00p\xf1r\xb0\xd2\
\xad\xfd\x95U;\xbc\x83x(\xe8\x11\xc0\xf2$-\xe9\
>1\xfc\x01\xa0\xc8\xc6ZZ\xbdOZ^\xc8YX\
\xc8#\x80\x19\xf3\x9b\xee1\xd3\xafx\xe7\x00\x0083\
\xbda\xca5\xcf\xbc\xf0\xc2\xce\xa7\x0aw\x14P\xb8#\
\x80\x19\x1d\x1d\x97i\xd0\xb6\x8b\x1b\xff\x00\x00'\x1d\x0c\
6xc\x7f\xa5\xf2\xbcw\x90F*\xde\xdac\xd0>\
!\x86?\x00\xe0'.15}\xdc;D\xa3\x15j\
\x030c\xfe\xa2\xdbd\xc9\x06\x15\xec\xf7\x0d\x00\xb8\xa0\
41\xcd\xd9\x5c\xe9\xfa\xa6w\x90F)\xd0\x06`y\
\x22K\xfeR\x0c\x7f\x00\xc0k%i\xd0\xa7\x8btC\
`an\x02\x9c9\xbf\xf4a\x99q\xe3\x1f\x00\xe0\x5c\
\xae\x9cz\xcd\x8f~\xb4g\xe7S\xdf\xf3\x0e\xd2\x08\x85\
\xb8\x1a\x9e\xd6\xde>f\x5chzB\x0aW{g\x01\
\x00d\xda\xb3\xe3O\xbc|\xc3\xa6M\x9b\x8ez\x07\xa9\
\xb7B\xac:\xc6\x86\xd2=\x0c\x7f\x00\xc0\x10\x5cu\xb0\
el!\xb6\xc5\xb9\xdf\x00\xdc8g\xce\xf8\xa6\xf2E\
OJ\x9a\xe2\x9d\x05\x00\x10\x85\x17\x07\x06\x8f^\xb7}\
\xe3\xc6C\xdeA\xea)\xf7\x1b\x80ry\xcco\x8b\xe1\
\x0f\x00\x18\xba\xc9\xe5\xa6\x8b~\xc3;D\xbd\xe5z\x03\
pSG\xc7\xa5\xe5A\xfb\xa1\xa4\xf1\xdeY\x00\x00Q\
y\xc9\xaa-\xd7n\xd9\xf0\xe0~\xef \xf5\x92\xeb\x0d\
@\xb9j\x1f\x15\xc3\x1f\x000|\x13Br\xfc\xd7\xbc\
C\xd4Sn7\x00mmw^||\xdc\xd1\xa7\xc5\
\xfa\x1f\x0002{\xc6\x9fxyZ^?\x11\x90\xdb\
\x0d\xc0\xb1qG\xde/\x86?\x00`\xe4\xa6\x1el\x1e\
\xfb^\xef\x10\xf5\x92\xcb\x02\xd0\xd9\xd9Y2\xd9oy\
\xe7\x00\x00D\xef\xb7\xf3\xfat\xc0\x5c\xfe\xa6\x1e\xdfs\
\xe0\xdd\x92\xa6{\xe7\x00\x00\xc4\xcd\xa47\xce\x5c\xb8\xe1\
N\xef\x1c\xf5\x90\xcb\x02\x90*|\xd4;\x03\x00 '\
\xd2p\x8fw\x84z\xc8\xddM\x80\xb3\x16.\xbc1M\
K\xdb\x94\xc3\xdf\x1b\x00\xc0E\xa8\x06\xbbq[\xcf\x9a\
'\xbc\x83\xd4R\xee6\x00\xd5\xb4\xfca1\xfc\x01\x00\
\xb5cI\x12>\xe8\x1d\xa2\xd6r5([[;\x9b\
m\xf2\xfe\x1f\x8b\xbb\xff\x01\x00\xb5\xf5\xe2\xb1\x8b\x9b\xae\
\xde\xb1r\xe5q\xef \xb5\x92\xaf\x0d\xc0\x94}\xef\x16\
\xc3\x1f\x00P{\x93/:2\xf8\xd3\xde!j)_\
\x05 \xb5\xbb\xbd#\x00\x00\xf2)H\x1f\xf2\xcePK\
\xb99\x02\xb8y\xde\xedW\x94\x92\xea3\x92J\xdeY\
\x00\x00\xb9\x94\x0e\x0c\xda\xeb\xb7o\x5c\xf3\x9cw\x90Z\
\xc8\xcd\x06\xa0d\xe9\xcf\x89\xe1\x0f\x00\xa8\x9f\xa4\xb9)\
\xbc\xdb;D\xad\xe4\xa6\x00\xc8\xc2\xcf{G\x00\x00\xe4\
[\x08\xca\xcd\xac\xc9\xc5\x11\xc0\x8c\xf9K_/Kw\
*'\xbf\x1f\x00@f\x85P\xd5\xb4\xfe\x0d]?\xf2\
\x0e2Z\xb9\xd8\x00\x04\xab\xfe\x82\x18\xfe\x00\x80\xfa3\
\x95\xf4\xb3\xde!j!\x17\x05\xc0dwyg\x00\x00\
\x14\x83I\x9d\xde\x19j!\xfa\xab\xe6Y\xb7-\x9d\x9a\
6\xa5\xbb\x94\x932\x03\x00\xc8\xbc4\x19H\xae\xd8\xfc\
\xc8\xea=\xdeAF#\xfa\xa1Y-W\x97)\x07\xbf\
\x0f\x00@4\x92PN\x17{\x87\x18\xad\xe8\x07\xa7%\
\xb6\xcc;\x03\x00\xa0X\x82\x85\xe8gO\xd4\x05\xa0\xb3\
\xb3\xb3\xa4\xa0\xe8[\x18\x00 6v\x87\xb4<\xea\x19\
\x1au\xf8\xad/\x1ex\xbb\xa4K\xbds\x00\x00\x0ag\
\xf2-\x0b\x1fy\x8bw\x88\xd1\x88\xba\x00(\xd5\xed\xde\
\x11\x00\x00\xc5\x94T\xd3;\xbc3\x8cF\xd4\x05\xc0B\
\x98\xef\x9d\x01\x00PLA\x9a\xe7\x9da4\xa2-\x00\
\xad\xad\x9d\xcd2E\xbd~\x01\x00\xc4\xcbLook\
kk\xf2\xce1R\xd1\x16\x00\xbbt\xef\xbf\x93t\xb1\
w\x0e\x00@a\x8d=v\xf1\x847{\x87\x18\xa9h\
\x0b@0\x9b\xeb\x9d\x01\x00PlI\x12\xef,\x8a\xb6\
\x00\x98\x14\xed\x9b\x0e\x00\xc8\x87\x10\xf1,\x8a\xb5\x00\x98\
ds\xbcC\x00\x00\x8a\x8e\x0d@C\xcd\x9c\xbb\xf8Z\
I\x93\xbcs\x00\x00\x0aoJ\xeb\xdc\xc5o\xf0\x0e1\
\x12Q\x16\x80\x90\xe8V\xef\x0c\x00\x00HR\xd2\xa4(\
o\x04\x8c\xb3\x00\x98Q\x00\x00\x00\x99\x10\xaaq^\x94\
FY\x00Li\x94o6\x00 \x87\x8c\x02\xd0@l\
\x00\x00\x00\xd9\x10\x14\xa2\x9cI\xe6\x1d`\xb8n\xea\xe8\
\xb8\xb4<h/z\xe7\x00\x00\xe0\x94\x10N\x94&\xf7\
oZ\xb5\xcf;\xc8pD\xb7\x01h\x1e\xd4-\xde\x19\
\x00\x008\x8diLz\xb3w\x88\xe1\x8a\xae\x00\xa4\xc1\
n\xf0\xce\x00\x00\xc0\xabT\xd3\xe9\xde\x11\x86+\xba\x02\
\x10$\x0a\x00\x00 S\x12\x19\x05\xa0\xde\x8c\x02\x00\x00\
\xc8\x98\x90\xc47\x9b\xa2+\x00\xb2\xf8\xded\x00@\xce\
\x05\xb1\x01\xa83\x93t\xbdw\x08\x00\x00\xce\x10\xdd\xc5\
iT\x05\xe0\xc69K\xae\x904\xd6;\x07\x00\x00g\
\xb8d\xd6mK\xa7z\x87\x18\x8e\xa8\x0a@9\xa9^\
\xed\x9d\x01\x00\x80\xb3*\x0dF5\xa3\xa2*\x00I\xc9\
\xae\xf4\xce\x00\x00\xc0\xd9\xa4\xe5\xe4\x0a\xef\x0c\xc3\x11U\
\x01\x08\xc1\xa2zs\x01\x00\xc5\x11REu\x91\x1aW\
\x01\x10\x05\x00\x00\x90M\x16(\x00uc\x16\xd7\x9b\x0b\
\x00(\x90$\xae\x8b\xd4\xa8\x0a\x80B\x88\xea\xcd\x05\x00\
\x14HH\xa3\xbaH\x8d\xab\x00H\x97y\x07\x00\x00\xe0\
\xec\xecr\xef\x04\xc3\x11[\x01x\x9dw\x00\x00\x00\xce\
&H\x13\xbc3\x0cGl\x05 \xaa7\x17\x00P\x1c\
\x16\xd9\x8c\x8a\xad\x00\x5c\xe2\x1d\x00\x00\x80s\xa0\x00\xd4\
\xc3\xec\xd9\xb3/\x92\xd4\xec\x9d\x03\x00\x80s\x183}\
\xd9\xb2\x16\xef\x10C\x15M\x018\xd8\xd2\x12U\xb3\x02\
\x00\x14\xcf\xf8\xc3\xf1l\xaa\xa3)\x00%3\x0a\x00\x00\
 \xd3N\x94\xd2hfU4\x05 \xa8i\x9cw\x06\
\x00\x00\xce'\xa4\xd5\xf1\xde\x19\x86*\x9a\x02\xa0\xb4\xca\
\xf9?\x00 \xd3,\xa4M\xde\x19\x86*\x9e\x02\x10J\
\xd1\xbc\xa9\x00\x80\x82*\xc73\xab\xa2)\x00\xa9T\xf6\
\xce\x00\x00\xc0\xf9X\x08\x14\x80\x9a+\xc5\xb3V\x01\x00\
\x14\x14\x05\xa0\xf6bjU\x00\x80b\xb2\x90D3\xab\
\xa2Y\xab\x9bT\x0e\xde!\x00\x8cT\x90\xb4_\xd2\x01\
\xc9\x9a\xa50Q\xd2X\xe7L@\xed%i47\xac\
GS\x00R\xa9l\xde!\x00\x0cUUA]2=\
\x98\xa4\xe9\xc6\xb1\x83G\xb7m\xda\xb4\xe9\xe8\xe9\xff\xc0\
\x8c\x8e\x8e\xcbl0\xfcTj\xc9\x02\x0b\xea\x94t\x9d\
SV\xa0fb\xba_-\x9a\xa0IH,\x88\x1d\x00\
\x90q\x87\x83\xe93\x83\x03v\xef\xf6\x8dk\x9e;\xdf\
?\xd8\xd7\xdd\xbd[\xd2\xcaS\xbf~o\xd6\xc2%\x1d\
i\x1a~O\xd2\xe2F\x04\x05\xea!\x09I4\xd7\xaa\
\xd1\x14\x00\x00\x19\x17\xf4\xd5R9\xfd\x8d\xef\xaf]\xfb\
\xecH\xfe\xf5\xcd\xeb\xd6tK\xean]\xb0\xf4NS\
\xf8\xac\x14\xae\xaeqB\x00\xa7\x89\xe6&@\x00\x995\
 \xb3_\xed\xeb\xe9\xbak\xa4\xc3\xfft\xfd\xebW?\
0XNoU\xd0\xaaZ\x84\x03pv\x14\x00\x00\xa3\
qT\x89\xde\xd5WY\xf3\xb9Z\xfe\xd0\xc7\xbb\xbb\xf7\
\xb6\xbc\xbc\xffN\x99\xbeR\xcb\x9f\x0b\xe0'(\x00\x00\
F\xea\xa8\x14\xde\xd9\xb7\xae\xeb\xc1z\xfc\xf0\xde\xde\xde\
\x81\xc9\x1a|\xbf\xa4\x7f\xad\xc7\xcf\x07\x8a\x8e\x02\x00`\
$\x8e\x9a\xe9\xa7\xfb\xd6w\xaf\xa9\xe7\x8bT*\x95\xc1\
`\x83\xbf\x10\xa4\x1f\xd4\xf3u\x80\x22\xa2\x00\x00\x18\xae\
\xa3Rx\xe7\x96JWW#^\xac\xbfR9\xac\xc4\
~Y\xe2c@@-Q\x00\x00\x0c\xc7\xc9\xb5\x7f\x9d\
\xaf\xfc\xcf\xd4\xbfn\xcdF\x99\xfe\xa1\x91\xaf\x09\xe4\x1d\
\x05\x00\xc0P5d\xed\x7f.\xa6\xe4\xe3\x92R\x8f\xd7\
\x06\xf2\x88\x02\x00`(\x1a\xba\xf6?\x9b-\x95\xd5\x8f\
KZ\xef\xf5\xfa@\xdeP\x00\x00\x5c\x88\xcb\xda\xff\xac\
\xcc\xee\xf7\x8e\x00\xe4\x05\x05\x00\xc0\xf9\xb8\xae\xfd\xcfT\
\x1aL\xd7zg\x00\xf2\x82\x02\x00\xe0\x5c\xdc\xd7\xfeg\
\xfa\xfe\x86\xee\x1f\xe8\xe4\xb7\x0a\x02\x18%\x0a\x00\x80\xb3\
\xc9\xce\xda\xff\xb5vx\x07\x00\xf2\x80\x02\x00\xe0L\x99\
Z\xfb\x9f)\xc8^\xf4\xce\x00\xe4\x01\x05\x00\xc0\xe92\
\xb7\xf6?\x93)=\xe6\x9d\x01\xc8\x03\x0a\x00\x80Wd\
\xfa\xca\xff'l\xacw\x02 \x0f(\x00\x00\xa4S\xc3\
?\xcbW\xfe\xa7\xb9\xdc;\x00\x90\x07\x14\x00\x00\x99_\
\xfb\xbf\xa2\xb3\xb3\xb3$i\xbaw\x0e \x0f(\x00@\
\xb1E\xb2\xf6?\xe9\xf1\x17_\xbaU\xd2\xc5\xde9\x80\
<\xa0\x00\x00\xc5\x15\xcd\x95\xff+BZ]\xea\x9d\x01\
\xc8\x0b\x0a\x00PLY\xfe\x9c\xffy\xd8{\xbc\x13\x00\
yA\x01\x00\x8a'\xaa\xb5\xff+Z\xe7/]$i\
\x96w\x0e /\xca\xde\x01\x004\xd4\xa9\xb5\x7fw4\
k\xffSL\x96.\xf7\x0e\x01\xe4\x09\x1b\x00\xa08\x22\
]\xfbK3\xda\x97\xfc\x92I\xf3\xbcs\x00yB\x01\
\x00\x8a!\xda\xe1?k\xfe\xd2k\x15\xc2\xa7\xbds\x00\
yC\x01\x00\xf2/\xca3\x7fIj[\xbcxBj\
\xe9\xd7%M\xf0\xce\x02\xe4\x0d\x05\x00\xc8\xb7\xe8>\xea\
\xf7\x8a\xe9o[v\xc9\xf1\x01\xad\x147\xfe\x01uA\
\x01\x00\xf2+\xda+\xff\xe9o[v\xc9\x981\x03\xab\
$\xcd\xf6\xce\x02\xe4\x15\x05\x00\xc8\xa7\x98\x9e\xed\xff*\
\xa7\x0d\xff\xb7{g\x01\xf2\x8c\x02\x00\xe4\x0f\xc3\x1f\xc0\
\x05Q\x00\x80|a\xf8\x03\x18\x12\x0a\x00\x90\x1f\x0c\x7f\
\x00CF\x01\x00\xf2\x81\xe1\x0f`X(\x00@\xfc\x18\
\xfe\x00\x86\x8d\x02\x00\xc4\x8d\xe1\x0f`D(\x00@\xbc\
\x18\xfe\x00F\x8c\x02\x00\xc4\x89\xe1\x0f`T(\x00@\
|\x18\xfe\x00F\x8d\x02\x00\xc4\x85\xe1\x0f\xa0&(\x00\
@<\x18\xfe\x00j\x86\x02\x00\xc4\x81\xe1\x0f\xa0\xa6(\
\x00@\xf61\xfc\x01\xd4\x1c\x05\x00\xc86\x86?\x80\xba\
\xa0\x00\x00\xd9\xc5\xf0\x07P7\x14\x00 \x9b\x18\xfe\x00\
\xea\x8a\x02\x00d\x0f\xc3\x1f@\xddQ\x00\x80la\xf8\
\x03h\x08\x0a\x00\x90\x1d\x0c\x7f\x00\x0dC\x01\x00\xb2\x81\
\xe1\x0f\xa0\xa1(\x00\x80?\x86?\x80\x86\xa3\x00\x00\xbe\
\x18\xfe\x00\x5cP\x00\x00?\x0c\x7f\x00n(\x00\x80\x0f\
\x86?\x00W\x14\x00\xa0\xf1\x18\xfe\x00\xdcQ\x00\x80\xc6\
b\xf8\x03\xc8\x04\x0a\x00\xd08\x0c\x7f\x00\x99A\x01\x00\
\x1a\x83\xe1\x0f S(\x00@\xfd1\xfc\x01d\x0e\x05\
\x00\xa8/\x86?\x80L\xa2\x00\x00\xf5\xc3\xf0\x07\x90Y\
\x14\x00\xa0>\x18\xfe\x002\x8d\x02\x00\xd4\x1e\xc3\x1f@\
\xe6Q\x00\x80\xdab\xf8\x03\x88\x02\x05\x00\xa8\x1d\x86?\
\x80hP\x00\x80\xda`\xf8\x03\x88\x0a\x05\x00\x18=\x86\
?\x80\xe8P\x00\x80\xd1a\xf8\x03\x88\x12\x05\x00\x189\
\x86?\x80hQ\x00\x80\x91a\xf8\x03\x88\x1a\x05\x00\x18\
>\x86?\x80\xe8Q\x00\x80\xe1a\xf8\x03\xc8\x05\x0a\x00\
0t\x0c\x7f\x00\xb9A\x01\x00\x86\x86\xe1\x0f W(\
\x00\xc0\x851\xfc\x01\xe4\x0e\x05\x008?\x86?\x80\x5c\
\xa2\x00\x00\xe7\xc6\xf0\x07\x90[\x14\x00\xe0\xec\x18\xfe\x00\
r\x8d\x02\x00\xbc\xd6\x09\x05\xfb\x99\x88\x87\xffCb\xf8\
\x03\xb8\x00\x0a\x00p\x06\x0b\xfa@_\xcf\x9a\xd5\xde9\
\x86\xeb\xb4\xe1?\xdb;\x0b\x80\xec\xa3\x00\x00\xa7\x0b\xfa\
\xdc\x96\x9e\xae\x7f\xf0\x8e1\x5c\x0c\x7f\x00\xc3U\xf6\x0e\
\x00d\xc8\xf3\xc7\x8e7\xfd\xaew\x88\xe1\xe2\xcc\x1f\xc0\
H\xb0\x01\x00N\x09f\xffu\xc7\xb7V\x1e\xf4\xce1\
\x1c\x9c\xf9\x03\x18)\x0a\x00p\xd2\xf3\xc7/*\xff\xbd\
w\x88\xe1`\xed\x0f`48\x02\x00$)\xe8\xcb;\
V\xae<\xee\x1dc\xa8X\xfb\x03\x18-6\x00\x80$\
)\xfd\x9aw\x82\xa1b\xed\x0f\xa0\x16(\x00\x80t4\
\xec\xbd\xf4Q\xef\x10C\xc1\xda\x1f@\xadp\x04\x00H\
\xdb\xfa\xfbW\x9c\xf0\x0eq!\xac\xfd\x01\xd4\x12\x1b\x00\
@z\xda;\xc0\x85\xb0\xf6\x07Pkl\x00\x00\xe9%\
\xef\x00\xe7\xc3\x95?\x80z`\x03\x00H\xc1;\xc0\xb9\
p\xe5\x0f\xa0^(\x00\x804\xde;\xc0\xb9\x8ci\x19\
\xb8J\xd2t\xef\x1c\x00\xf2\x87\x02\x00\xc8\xae\xf1Np\
.}=]\xdb\x14\xb4@\xd2\xf3\xdeY\x00\xe4\x0b\x05\
\x00P\xb8\xb9\xb3\xb3\xb3\xe4\x9d\xe2\x5c\xfaz\xba\xb6Y\
\xd0RI/xg\x01\x90\x1f\x14\x00@\x1a\xbf\xfd\xf9\
\xbdo\xf2\x0eq>[z\xba\xb6XP\x87(\x01\x00\
j\x84\x02\x00H\xaa&\xa5\x9f\xf1\xcep![z\xba\
\xb6p\x1c\x00\xa0V(\x00\x80$Sxo\x96\x8f\x01\
^\xc1q\x00\x80Z\xa1\x00\x00']\xfb\xf8\x9e\x03\xef\
\xf6\x0e1\x14\x1c\x07\x00\xa8\x05\x0a\x00pJP\xf8\xd3\
\xe9\xcb\x96\xb5x\xe7\x18\x0a\x8e\x03\x00\x8c\x16\x05\x00\xf8\
\x89\xeb[\x8e\x9c\xf8\x03\xef\x10C\xd5\xd7\xd3\xb5Mi\
\xb8]l\x02\x00\x8c\x00\x05\x008\x8d\xc9\xfep\xd6\xc2\
%\x1d\xde9\x86\xaa\xef\xe1\xee\xcdJ\xc3bQ\x02\x00\
\x0c\x13\x05\x00x\xb5R\x9a\x86\xaf\xb6\xb6/\xb9\xd5;\
\xc8PQ\x02\x00\x8c\x04\x05\x00x\xad\x09\x16\xc2\xea\x19\
\xf3:fy\x07\x19\xaa\xbe\x87\xbb7sO\x00\x80\xe1\
\xa0\x00\x00g7E\x89uEU\x02N>6x\x91\
(\x01\x00\x86\x80\x02\x00\x9c\x1b%\x00@nQ\x00\x80\
\xf3\xa3\x04\x00\xc8%\x0a\x00pa\x94\x00\x00\xb9C\x01\
\x00\x86\x86\x12\x00 W(\x00\xc0\xd0Q\x02\x00\xe4\x06\
\x05\x00\x18\x9e)J\xac2s\xe1\xd26\xef CE\
\x09\x00p6\x14\x00`\xf8&\x864]C\x09\x00\x10\
3\x0a\x0002\x94\x00\x00Q\xa3\x00\x00#G\x09\x00\
\x10-\x0a\x000:\x94\x00\x00Q\xa2\x00\x00\xa3G\x09\
\x00\x10\x1d\x0a\x00P\x1b\x94\x00\x00Q\xa1\x00\x00\xb5C\
\x09\x00\x10\x0d\x0a\x00P[\x94\x00\x00Q\xa0\x00\x00\xb5\
G\x09\x00\x90y\x14\x00\xa0>(\x01\x002\x8d\x02\x00\
\xd4\x0f%\x00@fQ\x00\x80\xfa\xa2\x04\x00\xc8$\x0a\
\x00P\x7f\x94\x00\x00\x99C\x01\x00\x1a\x83\x12\x00 S\
(\x00@\xe3P\x02\x00d\x06\x05\x00h,J\x00\x80\
L\xa0\x00\x00\x8dG\x09\x00\xe0\x8e\x02\x00\xf8\xa0\x04\x00\
pE\x01\x00\xfcP\x02\x00\xb8\xa1\x00\x00\xbe(\x01\x00\
\x5cP\x00\x00\x7f\x94\x00\x00\x0dG\x01\x00\xb2\x81\x12\x00\
\xa0\xa1(\x00@vP\x02\x004\x0c\x05\x00\xc8\x16J\
\x00\x80\x86\xa0\x00\x00\xd9C\x09\x00Pw\x14\x00 \x9b\
(\x01\x00\xea\x8a\x02\x00d\x17%\x00@\xddP\x00\x80\
l\xa3\x04\x00\xa8\x0b\x0a\x00\x90}\x94\x00\x005G\x01\
\x00\xe2@\x09\x00PS\x14\x00 \x1e\x94\x00\x005C\
\x01\x00\xe2B\x09\x00P\x13\x14\x00 >\x94\x00\x00\xa3\
F\x01\x00\xe2D\x09\x000*\x14\x00 ^\x94\x00\x00\
#F\x01\x00\xe2F\x09\x000\x22\x14\x00 ~\x94\x00\
\x00\xc3F\x01\x00\xf2\x81\x12\x00`X(\x00@~P\
\x02\x00\x0c\x19\x05\x00\xc8\x17J\x00\x80!\xa1\x00\x00\xf9\
C\x09\x00pA\x14\x00 \x9f(\x01\x00\xce\x8b\x02\x00\
\xe4\x17%\x00\xc09Q\x00\x80|\x8b\xb2\x04X\x92\xfc\
\x07I\x87\xbc\xb3\x00yF\x01\x00\xf2obH\xd3\x87\
f\xcc\xeb\x98\xe5\x1dd\xa8\xb6\xac[\xdd\x1b\x94\xfc\x92\
\xa4\xe0\x9d\x05\xc8+\x0a\x00P\x0c\x93\x95XwL%\
\xa0\x7f\xfd\xea\x07B\xd0g\xbcs\x00yE\x01\x00\x8a\
c\xb2\x12\xab\xc4t\x1c0X=\xfa\x07\x92vy\xe7\
\x00\xf2\x88\x02\x00\x14KT\xf7\x04l\xdf\xb8\xf1\x90\x82\
\xfd\xb9w\x0e \x8f(\x00@\xf1DuO\xc0@\xf5\
\xc8\xe7%\x1d\xf6\xce\x01\xe4\x0d\x05\x00(\xa6h\x8e\x03\
\xb6o\xdcx\xc8\xa4\x07\xbcs\x00yC\x01\x00\x8a+\
\x9a\xe3\x80`\xf6\x0d\xef\x0c@\xdeP\x00\x80b\x8b\xe2\
8\xa0\xac\xd2\x06\xef\x0c@\xdeP\x00\x00d\xfe8\xe0\
\xb1\xcaC;%\x1d\xf5\xce\x01\xe4\x09\x05\x00\x80\x94\xfd\
M@\x90\xf4\x9cw\x08 O(\x00\x00^\x91\xf1\x87\
\x05\x05>\x09\x00\xd4\x10\x05\x00\xc0\xe92|\x1c`\xcd\
\xde\x09\x80<\xa1\x00\x008SV\x8f\x03&y\x07\x00\
\xf2\x84\x02\x00\xe0l2u\x1cp\xe3\x9c9\xe3%M\
\xf5\xce\x01\xe4\x09\x05\x00\xc0\xb9d\xe68\xa0\xa9\xe9\xa2\
6I\xe6\x9d\x03\xc8\x13\x0a\x00\x80\xf3\xc9\xc4q@\x08\
a\xa1\xe7\xeb\x03yD\x01\x00p!\xee\x9b\x00\x93\xdd\
\xe5\xf5\xda@^Q\x00\x00\x0c\x85\xdbc\x83g-\xe8\
\x98'\xe9\x96F\xbf.\x90w\x14\x00\x00C\xe5r\x1c\
\x10d\x7f\xd0\xc8\xd7\x03\x8a\x82\x02\x00`8\x1a\xfa\xe9\
\x80\x99\x0b\x16-\x0b\xd2\x1d\x8dx-\xa0h(\x00\x00\
\x86\xab!\xf7\x04\xcc\x9c\xfb\x8e\x89A\xc9_\xd7\xf35\
\x80\x22\xa3\x00\x00\x18\x89\xba\x1e\x07\xb4\xb5\xb55\x85\xd2\
\xf1\xff+\xe9\x9az\xfc|\x00\x14\x00\x00#7Y\x89\
u\xdf\xb2p\xe9\xdbj\xf9C\xa7\xb5\xb7\x8f9>n\
\xd2\x97$-\xad\xe5\xcf\x05\xf0j\x14\x00\x00\xa319\
I\xd3\xf5\xad\x0b\x16\x7f\xa8\x16?\xecM\x8b\x16]5\
>-W\xa4\xf0\x9eZ\xfc<\x00\xe7\x16M\x01H-\
\x0d\xde\x19\x00\x9cU\x8bI\x9f\x9f1\x7f\xf1C\xb7\xcc\
_\xfc\xe6\x91\xfc\x80\xb6\xb6;/\x9e\xb1\xa0\xe3\xf7\xab\
\xd5\xa4/\x98j\xbaQ\x00\x1a)\xa6YU\xf6\x0e0\
T\x894\x18\xcd\xbb\x0a\x14\x91\xe9\xf6DZ:s\xc1\
\x92\xaf*\x09_>\x14\x06W=]\xa9\x1c;\xdf\xbf\
2\xb3}\xe9M\xa9\xd2\xbb\x8e\x87\xa3\xbf&\xd9\x15\x8d\
\x8a\x0a\xd4K\x22\x0dzg\x18\xaah\x0a@\x88\xe8M\
\x05\x0a\xcc\x82\xc2]Ju\xd78\x95\x0f\xcd\x5c\xb0d\
UP\xfa]\x05=\x15Jv \x09\xe1\x22\x05\x9b\x1a\
d\xad&u\x84\x90\xb6\xf2\x80\x7f\xe4I0\x1b\xf0\xce\
0T\xf1\x14\x00\xb3\x01c\x05\x00\xc4d|P\xb8K\
\xb2\xbbd\x92\xa5R\xf8\xb7\xef\xf3\x09\xe2?g\xe4R\
\x1aNxG\x18\xaah\xee\x01P5\x89\xa6U\x01\x00\
\x0a*\xa2\x0d@4\x05 \xa6s\x15\x00@1\xc5t\
\x04\x10M\x01\x90U\xa3yS\x01\x00\x055\x18\xcf\xac\
\x8a\xa7\x00$\xa5h\xceU\x00\x00\xc5\x14,\x9e\xe3\xea\
h\x0a\x80i\xe0\xb0w\x06\x00\x00\xce\xc7\x92\xd2!\xef\
\x0cC\x15M\x01\xa8\x86\xf0\x92w\x06\x00\x00\xce\xa7\xb9\
\x9aD3\xab\xa2)\x00\x97\x1c?\x1e\xcd\x9b\x0a\x00(\
\xa6C\xe3t\xd0;\xc3PE\xf5\x0c\x8e\x19\x0b\x16\x1f\
\x97\xd4\xec\x9d\x03\x00\x80\xb38\xd6\xb7\xbe\xeb\x22\xef\x10\
C\x15\xcd\x06\xe0\x94h\x9a\x15\x00\xa0p\xa2\xdaT\xc7\
V\x00\xa2zs\x01\x00\xc5\x11\x22\x9bQ\xb1\x15\x80\x03\
\xde\x01\x00\x008\x1b\xa3\x00\xd4Q\xd0\xf3\xde\x11\x00\x00\
8\x1b\x93vyg\x18\x8e\xb8\x0a\x80\x85\xa8\xde\x5c\x00\
@q\x84\xa0\xe7\xbc3\x0cGT\x05 (\xae7\x17\
\x00P\x1cf\x16\xd5EjT\x05\xc0,\x89\xea\xcd\x05\
\x00\x14Gjq]\xa4FU\x00B\x1a\xd7\x9b\x0b\x00\
(\x8e$\xb2\x19\x15U\x01\x90\xa5l\x00\x00\x00\x99\x94\
&\x14\x80\xbaI\xd3\xf2\x8f\xbd3\x00\x00p6\xcd\xd5\
\xf2\xb3\xde\x19\x86#\xaaG\x01K\xb2\x19\x0b\x16\x1f\x94\
4\xce;\x08\x00\x00\xa79\xd8\xb7\xbek\x82w\x88\xe1\
\x88j\x03 )H\xe1I\xef\x10\x00\x00\x9c\xe1\x09\xef\
\x00\xc3\x15[\x01\x90\x82\xed\xf0\x8e\x00\x00\xc0\xab\x19\x05\
\xa0\xdeB\x84-\x0b\x00\x90o\x16Bt\x17\xa7\xd1\x15\
\x00\xa3\x00\x00\x002&\x15\x05\xa0\xee\x12\x0b\x14\x00\x00\
@\xb6\x94\x12\x0a@\xbd\x85\xea\x98>I\xc1;\x07\x00\
\x00\xa7\x84d\xa0y\xabw\x88\xe1\x8a\xae\x00l\xd9\xf0\
\xe0~I\xcfx\xe7\x00\x00\xe0\x94\xa7O\xcd\xa6\xa8D\
W\x00$\xc9\xa4\xc7\xbc3\x00\x00p\xca\xf7\xbc\x03\x8c\
D\x94\x05 X\x9co6\x00 \x7fL!\xca\x8b\xd2\
(\x0b\x80\x82}\xdf;\x02\x00\x00\x92\x94\xaaD\x01h\
\x94\xb2\x95\xd8\x00\x00\x002\xa1d'\xa2\x9cI\xb1}\
\x17\xc0+l\xc6\x82\xc5/H\xba\xd4;\x08\x00\xa0\xd0\
\xf6\xf4\xad\xef\xba\xcc;\xc4HD\xb9\x01\xd0\xc9\xef\x04\
x\xc4;\x04\x00\xa0\xe8\xc2F\xef\x04#\x15k\x01\x90\
d\x0f{'\x00\x00\x14[\x88x\x16E[\x00La\
\x83w\x06\x00@\xd1\xc5;\x8b\xa2-\x00\xcd\x87\x0f<\
*\xe9\x88w\x0e\x00@a\xbd<\xe6\xf0\x81(?\x01\
 E\x5c\x00z{{\x07$}\xdb;\x07\x00\xa0\xb0\
6\x9d\x9aEQ\x8a\xb6\x00HRP\xe8\xf1\xce\x00\x00\
(&\x8b\xf8\xfc_\x8a\xbc\x00X\x08\xab\xbc3\x00\x00\
\x8a)M\xab\x0fyg\x18\x8d\xa8\x0b\xc0\xcd\x97]\xfa\
-I{\xbds\x00\x00\x0a\xe7\xc5\xfe\x87\xe7?\xea\x1d\
b4\xa2.\x00+V\xac\xa8J\xb6\xc6;\x07\x00\xa0\
pVJ\xcbS\xef\x10\xa3\x11u\x01\x90\xa4\x10\xc2J\
\xef\x0c\x00\x80b\x09\xb2\xe8gO\xf4\x05\xa094\xad\
\x94\x14u\x0b\x03\x00D\xa5Z-\xa7\xab\xbdC\x8cV\
\xf4\x05\xe0{\x0f\xaf|\xc1\x82\xbe\xe3\x9d\x03\x00P\x10\
A\xdf|\xbc\xbb;\xfa\xfb\xcf\xa2/\x00\x92\x14d+\
\xbc3\x00\x00\x8a\x22\x1f3'\x17\x05@\xb2\xfb%\x05\
\xef\x14\x00\x80\xdcKK\xe5\xea?y\x87\xa8\x85\x5c\x14\
\x80\xbe\x9e\xd5\xcf(\x88o\x07\x04\x00\xd4Y\xd8\xf0\xfd\
\xb5k\x9f\xf5NQ\x0b\xb9(\x00\x92$\xd3?zG\
\x00\x00\xe4[P~fMn\x0a@\xb0\xc1\x15\x92\xaa\
\xde9\x00\x00\xb9U\xb5\xb2\xbe\xea\x1d\xa2VrS\x00\
\xfa+\x95\xe7%\xad\xf3\xce\x01\x00\xc8\xad\xee\xbe\xee\xee\
\xdd\xde!j%7\x05@\x92\x14\xc2\xdfxG\x00\x00\
\xe4S\xb0\xf0\x05\xef\x0c\xb5\x94\xab\x02\x10\xf6N\xfa\x9a\
\xa4=\xde9\x00\x00\xb9\xb3{\xcc\xa1\x03\xff\xec\x1d\xa2\
\x96rU\x00\xfa\xfbW\x9c\x90\x85\xbf\xf7\xce\x01\x00\xc8\
\x97\x10\xf4w\xbd\xbd\xbd\x03\xde9j)W\x05@\x92\
\x12K\xbf \x9e\x09\x00\x00\xa8\x9d\x90\xca\xfe\xd6;D\
\xad\xe5\xae\x00l^\xb7n\xbb\x82z\xbcs\x00\x00r\
\xa3{[\xcf\x9a'\xbcC\xd4Z\xee\x0a\xc0)\xf7z\
\x07\x00\x00\xe4\x84\x85\xbf\xf2\x8eP\x0f\xb9,\x00}=\
s\xbf.i\x9bw\x0e\x00@\xf4\xb6\xf7U\xe6}\xc3\
;D=\xe4\xb2\x00H\xcbS\x0b\xf9ll\x00\x80\x06\
\x0a\xfa\x84\xb4<\x97_9\x9f\xd3\x02 \x1d\x1d\xdb|\
\x9f\xa4\xe7\xbds\x00\x00\xa2\xb5\xfbp2\xf8\x0f\xde!\
\xea%\xb7\x05`\xc7\xca\x95\xc7\x83\xe93\xde9\x00\x00\
q\xb2`\xff\xfb\xe9J\xe5\x98w\x8ez\xc9m\x01\x90\
$\x1d/}V\xd2A\xef\x18\x00\x80\xe8\x1c(%\x03\
\xff\xc7;D=\xe5\xba\x00\xf4oZ\xb5OA\x7f\xe1\
\x9d\x03\x00\x10\x1b\xfb\xe4c\x95\xca\x01\xef\x14\xf5\x94\xeb\
\x02 I!\x19\xfcs\xf1x`\x00\xc0\xd0\xbd00\
x\xe4S\xde!\xea-\xf7\x05\xa0\xbfR9\xac`\x9f\
\xf0\xce\x01\x00\x88E\xf8\xf8\xf6\x8d\x1b\x0fy\xa7\xa8\xb7\
\xdc\x17\x00I:\x9c\x0c|F\xd23\xde9\x00\x00\x99\
\xf7\xa3c\x177\xe7\xfa\xec\xff\x15%\xef\x00\x8dp\xe0\
\xe9\xa7\x07\xa7L\xbb\xee\xb0Iwzg\x01\x00d\x97\
\x99\xfd\xe6\xe3]\xabz\xbds4B!6\x00\x92\xd4\
\xbf~\xee\x17%\xfb\xb6w\x0e\x00@f=\xba\xa52\
\xe7K\xde!\x1a\xa50\x05@Z\x9e\x06\xa5\xbf.)\
\x97Ot\x02\x00\x8cJ\x1a\xd2\xf4#y}\xea\xdf\xd9\
\x14\xa8\x00H\xfd\xeb\xbb\xbf\x13\x14\x0a\xd3\xee\x00\x00C\
c\xd2\x17\xfb\x1f^[\xa8-q\xa1\x0a\x80$\x95\x06\
J\xbf+)\xd7\x9f\xed\x04\x00\x0c\xcb\xfer\xda\xf4\x87\
\xde!\x1a\xad\x107\x01\x9en\xf73O\xbe<u\xda\
uG$-\xf3\xce\x02\x00\xc8\x84\xff\xb4\xb9g\xf5z\
\xef\x10\x8dV\xb8\x0d\x80$\xf5\xad\x9f\xfb\x19\x05\x15\xee\
\x0f\x1b\x00\xf0\x1a\xeb\xfa\xd6w}\xce;\x84\x87B\x16\
\x00iy\x9a(\xf9\x80\xa4\xc3\xdeI\x00\x00n^V\
)\xfd\x90\xa4\xe0\x1d\xc4C\xe1\x8e\x00^\xb1{\xe7\x93\
\x07\xa6N\xbb\xee\xb08\x0a\x00\x80B\xb2\x10\xee\xe9\xab\
\xac]\xe3\x9d\xc3KA7\x00'q\x14\x00\x00\xc5\x14\
\x82\xba\xb7\xf4t\x7f\xde;\x87\xa7B\x17\x80\xd3\x8e\x02\
\xf8T\x00\x00\x14\xc7^;\xf9\xff\xfeB\xae\xfe_Q\
\xf0\x02 m\xeeY\xfd\xc3\xa0\xe4}*\xf8_\x04\x00\
(\x88`\x89>\xd8\xd7\xb3\xba\xf0\xdf\x0fS\xd8{\x00\
N\xf7\xc2\xce'\x7f0\xf5\xdak'J\xf6v\xef,\
\x00\x80\xfa1\xd9'\xb7T\xba>\xed\x9d#\x0b\x0a\xbf\
\x01xE\xcb\xa1\x03\xbf#\xd9#\xde9\x00\x00\xf5a\
A\xdfj>\xbc\xef\xbfx\xe7\xc8\x0a\x0a\xc0)\xbd\xbd\
\xbd\x03\xd5R\xf5\x17%\xed\xf3\xce\x02\x00\xa8\xb9\x17\x83\
\x92\xce\xde\xde\xde\x01\xef YA\x018\xcd\xb6\xb5k\
wZH\xde%\xe9\x84w\x16\x00@\xcd\x0c\x04\x85\x9f\
\xe3\xdc\xff\xd5\xb8\x07\xe0\x0c{v>\xb9\xf3\xb2i\xd7\
=+\xe9\x9d\xdeY\x00\x00\xa3g\xd2\xaf\xf5\xad\xef\xfe\
\xaaw\x8e\xac\xa1\x00\x9c\xc5\x9e\x9dO=6e\xda\xf5\
\x97\x984\xdb;\x0b\x00`\xe4B\xd0\xff\xec\xeb\xe9\xfa\
\x84w\x8e,\xe2\x08\xe0\x1c\xfa\xd7\xcf\xf9\x9d\x10\xf4\xcf\
\xde9\x00\x00#\x15\xbe\xd6\xdf3\xb7p\xdf\xf27T\
\x14\x80sZ\x9e*\x19|\xaf\xa4oz'\x01\x00\x0c\
S\xd0\xc6\x96\xc3\x17\xbfWZ\x9ezG\xc9*\x0a\xc0\
y\xf4W*\x87[\x9at\x87\xa4\xefzg\x01\x00\x0c\
\xd9fK[\xee\xec\xed}\xe0\x88w\x90,3\xef\x00\
1x\xc4t\x8f\x90\x00\x00\x05\xccIDAT\xf3\xbc\
eS\x06\x92\x81\xf5\x92n\xf6\xce\x02\x008\xaf'T\
\x0e\xf3\xfa\xba\xbbw{\x07\xc9:\x0a\xc0\x10\xcdjo\
\xbf:\x0d\xe5\x1eI\xd7zg\x01\x00\x9c\xd53\xd5R\
:o\xdb\xda\xb5;\xbd\x83\xc4\x80#\x80!\xda\x5c\xa9\
\xfcX\xa5tIPx\xda;\x0b\x00\xe05~hU\
\xb53\xfc\x87\x8e\x0d\xc00\xdd<\xef\xf6+\xcaI\xba\
&(\xb4zg\x01\x00H\x92\x1eOlp\xc9\xe6J\
\xe5\xc7\xdeAb\xc2\x06`\x98\xb6=\xbcj\x97\x0d\xd8\
\x22I\x8fyg\x01\x80\xa23\xe9{Mi\xd3|\x86\
\xff\xf0\xb1\x01\x18\xa1[\xdb\xdb_7\x18\x9a\x1e\x94\xc2\
m\xdeY\x00\xa0\x98\xec\xdb\xe1D\xb2\xac\x7f\xd3*\xbe\
\xc3e\x04\xd8\x00\x8c\xd0c\x95\xca\x81`\x03\xb7\x9b\xf4\
/\xdeY\x00\xa0x\xc2\xd7Z\x0e\x8fY\xc8\xf0\x1f9\
6\x00\xa3g3\xda\x17\xff\x91\x82\xfe\xc8;\x08\x00\x14\
\x83\xdd\xdb\xb7~\xceo\xf1\x90\x9f\xd1\xa1\x00\xd4\xc8\x8c\
\xf9\x1d\x1f\x94\xd9_Kj\xf2\xce\x02\x009u\xc2\xcc\
~eKe\xcd}\xdeA\xf2\x80\x02PC\xad\xf3\x97\
.2KWH\x9a\xe4\x9d\x05\x00r\xe6E\x0b\xc9\xcf\
n\xe9Y\xdd\xe3\x1d$/\xb8\x07\xa0\x86\xfa{V\xaf\
UHn\x95\xec\x11\xef,\x00\x90#\xdfIB\xf2V\
\x86\x7fm\xf1u\xc05\xb6g\xe7\x93\x07o\xb9\xf6\x0d\
_:bI\x904_lY\x00`\xa4\x82d\x9fj\
9\xbc\xff=\x8f}s\xc3^\xef0y\xc3p\xaa\xa3\
\xd6\x05K\xef4\xa5\xf7\x89#\x01\x00\x18\xae\xbdJ\xf4\
\x1f\xfb\xd6u=\xe8\x1d$\xaf8\x02\xa8\xa3\xfe\xf5\xab\
\x1f\xa8\x96\xd2\x9f2\x85\xb5\xdeY\x00 \x1e\xb6F!\
y3\xc3\xbf\xbe\xd8\x004\x86\xcd\x5c\xb0\xf8CA\xfa\
3I\xe3\xbd\xc3\x00@F\x1d\xb1`\x1f\xdb\xd23\xe7\
\x93|\xc4\xaf\xfe(\x00\x0dtk\xfb\x1d\xd3\xaaa\xe0\
\x8bA\xb6\xc8;\x0b\x00d\xcc\x86`\xa5\x0f\xf4WV\
\xed\xf0\x0eR\x14\x14\x80\x86[\x9e\xb4\xce\xdf\xf8\xabf\
\xe1\xe3\x92^\xe7\x9d\x06\x00\x9c\xed\x97\xf4\x87}\xeb\xbb\
>')x\x87)\x12\x0a\x80\x93\xd6\xd9\xb7O\xb2\xe6\
\xf4\x8f\xa4\xf0\x11\xf1i\x0c\x00\xc5\x13$}9\x19H\
~{\xf3#\xab\xf7x\x87)\x22\x0a\x80\xb3\x99\x0b\x97\
\xb6\x854\xfd\x94\xa4\xd9\xdeY\x00\xa0AzM\xe1\xa3\
[\xd6wo\xf2\x0eRd\x14\x80LX\x9e\xcc\x98\xbf\
\xe1\xfd2-\x97\xf4z\xef4\x00P';\xcdl\xf9\
\x96\xca\x9c/q\x93\x9f?\x0a@\x86\xb4\xb6v6'\
\x93\xf7\xbf?H\x7f,\xe9r\xef<\x00P#/Z\
\xb0?;\x94\x0c\xfc\xd5\xd3\x95\xca1\xef08\x89\x02\
\x90A\xb3\x96.\x1d\x1b\x8e\x85_\x0f\x16~O\xdc(\
\x08 ^\x87\x82\xe9\xb3\xc7\x8f6\xfd\xc9\x8eo\xad<\
\xe8\x1d\x06\xafF\x01\xc8\xb0\x99s\xdf11\x94N\xfc\
\xaa\x14\xee\x91t\x99w\x1e\x00\x18\xa2]f\xba\xb7\xa4\
\xc1\xcf=V\xa9\x1c\xf0\x0e\x83\xb3\xa3\x00D\xa0\xb5\xb5\
\xb3Y\x97\xee\x7f\x8f\x99~W\xd2-\xdey\x00\xe0\x1c\
v(\xd8\xa7\xc7\x0f\x1c\xfe\xfc\xa6M\x9b\x8ez\x87\xc1\
\xf9Q\x00\xa2\xb2<\x99\xb9p\xc3\x9dJ\xc3=A\xb6\
P\xfc\xf9\x01\xf0\x17$u\x07%\xf7\xf6\xaf_\xfd\xaf\
\xe2\xb3\xfc\xd1`\x80D\xaa\xb5\xfd\xf6\xe9R\xf5n\x0b\
\xfa\x80\xa4\xa9\xdey\x00\x14\xce\xee`\xba\xcf\x92\xf4\x0b\
}k\xd7>\xe9\x1d\x06\xc3G\x01\x88\xdc\xc9O\x0e\x1c\
xgP\xb8[R\x87x\xa8\x10\x80\xfa\xa9J\xea\x0e\
\x16\xbe0\xe6\xd0\x81\x7f\xee\xed\xed\x1d\xf0\x0e\x84\x91\xa3\
\x00\xe4\xc8M\x1d\x1d\x97\x96\x06\xec\x1df\xea\x94\xb4L\
\x94\x01\x00\xa3\x97*h\x93d+\xaa!\xb9\x7f\xdb\xc3\
\xabvy\x07BmP\x00rjV{\xfb\xd5\xd5P\
\xee4\xa9S\xd2\xdb\xc4W?\x03\x18\xba\xaa\x82\xbe\x19\
\x12\xfdS9IW|\x7f\xed\xdag\xbd\x03\xa1\xf6(\
\x00\x05pSG\xc7\xa5M\x83\xc9\xa2Ta\xb1Iw\
J\xba\xc2;\x13\x80\xcc\xd9+i\xadI]\xa9\x0d\xfe\
K\x7f\xa5\xf2\xbcw \xd4\x17\x05\xa0p\x96'\xb7,\
|\xe4-I5\xbd\xc3,\xcc\x0f\xb2\xb7I\x1a\xeb\x9d\
\x0a@\xc3\xbd\x1c\x82\xbe\x99\x98\xf5\xa4i\xf5\xa1\xfe\x87\
\xe7?\xca\xe3y\x8b\x85\x02Pp\xed\xed\xed\xe5=\xd6\
\xdcVJ\xabs\xd2`\xf3\xcdt\x9b\xa4)\xde\xb9\x00\
\xd4\xdc\x1eI\x8f\x04\xa9Gi\xbaqJ)\xfdn\xa5\
R\x19\xf4\x0e\x05?\x14\x00\xbc\xc6\x8ds\x96\x5cY.\
[[\x12\xc2-\xc1B\xab\xa46I7\x8b\xbf/@\
,vI\xea\x0d\xa6~\xa5\xda\x1aJ\xd5\xde\xad\xeb\xd6\
m\x15\x9f\xd1\xc7i\xf8\x1f:\x86d\xe6\xdcwLL\
\x9bN\xdc\x92\x04\xdd\x10\x14\xa6K\x9a\xae\xa0\x1b$M\
\x97t\x89s<\xa0\x88\x0eJzB\xa6\x1d\x92v\x98\
lGH\xab?('\xe9V\x1e\xbf\x8b\xa1\xa0\x00`\
\xd4f\xdd\xb6t\xea`9\xbd*I\xc2U!\xd8\x15\
\x16t\xa5\x12\xbbB!\xbdRJ.\x93\xc2DI\x13\
t\xb2(\x8cq\x8e\x0bd\xd91\x9d\x1c\xec/I\xb6\
_Jw\xcb\x92\xe7\x94\x86]!\xb1g\xcd\xc2\xae\x10\
\xec\xd9\xd2\x09{n\xf3#\xab\xf7x\x87E\xdc(\x00\
h\xa8\xe9\xcb\x96\xb5\x5c\xfcRuB\xb5\xd9.I,\
L\x90$K\xab\x17\x07\xb3\x16IJ\x15\xcaIH\xc6\
\xfb\xa6\x04j/\xb5\xf4P\x22\x1b\x94$\x0b\xe1xH\
JG$)\x0d\xf6R\xe9D8xdB\xe9\xa5\x1d\
+W\x1e\xf7M\x09\x00\x00\x00\x00\x00\x00\x00\x00\x00\x00\
\x00\x00\x00\x00\x00\x00\x00\x00\x00\x00\x00\x00\x00\x00\x00\x00\
\x00\x00\x00\x00\x00\x00\x00\x00\x00\x00\x00\x00\x00\x00\x00\x00\
\x00\x00\x00\x00\x00\x00\x00\x00\x00\x00\x00\x00\x00\x00\x00\x00\
\x00\x00\x00\x00\x00\x00\x00\x00\x00\x00\x00\x00\x00\x00\x00\x00\
\x00\x00\x00\x00\x00\x00\x00\x00\x00\x00\x00\x00\x00\x00\x00\x00\
\x00\x00\x00\x00\x00\x00\x00\x00\x00\x00\x00\x00\x00\x00\x00\x00\
\x00\x00\x00\x00\x00\x00\x00\x00\x00\x00\x00\x00\x00\x00\x00\x00\
\x00\x00\x00\xfc\xfc\x7f\x12\xe6\xa9gT\xb4_\xfe\x00\x00\
\x00\x00IEND\xaeB`\x82\
\x00\x00%#\
\x89\
PNG\x0d\x0a\x1a\x0a\x00\x00\x00\x0dIHDR\x00\
\x00\x02\x00\x00\x00\x02\x00\x08\x06\x00\x00\x00\xf4x\xd4\xfa\
\x00\x00\x00\x04sBIT\x08\x08\x08\x08|\x08d\x88\
\x00\x00\x00\x09pHYs\x00\x00\x0e\xc4\x00\x00\x0e\xc4\
\x01\x95+\x0e\x1b\x00\x00\x00\x19tEXtSof\
tware\x00www.inksca\
pe.org\x9b\xee<\x1a\x00\x00 \x00ID\
ATx\x9c\xed\xddy\xd4eUy\xe7\xf1\xefcU\
\x18\x0bd\x0aHD\x91A@Q#\x1a\xc5\x01\x10P\
cD\x0d\xa0\x02\xc6\x818%\xda\x89C\x1c\x12bl\
b\x1b\xa3\x12\xbaM\x96DM;\x846j\x94AP\
A\x14d\xa8\x14 \x83\xe2\xd0\x06eF\x14\xa9\x92A\
 PEaMO\xffq/m\x89\x0c\xef[\xef\xd9\
g\xdfs\xf7\xf7\xb3\xd6].E\x9e\xfd\x9c;\x9c\xf3\
{\xcf\xd9g\x9f\xa0q\x99\xf9[\xc0N\xc0n\xc0\xae\
\xc0.\xc0\xf6\xc0f\xc0\x02`\xe3\xf1k\xf3Z=J\
\x9a\xb5\xdb\x80e\xe3\xd7\xd2\xf1\x7f\xff)p%p\x05\
p\x19pmD\xac\xac\xd6\xa1TY\xd4n\xa0o\x99\
\xb9\x09\xb0\x0f\xb0\x1f\xb0?\xf0x`~\xd5\xa6$\xd5\
\xb0\x0a\xf8\x01\xb0\x108\x078/\x22\xee\xac\xdb\x92\xd4\
\x9f&\x02@fn\x0f\xbc\x0a8\x00x\x0a\x1e\xf0%\
\xfd\xa6U\xc0\xb7\x81\xd3\x80\xcfE\xc4O*\xf7#\x15\
5\xb5\x01 37\x05\x0ebt\xe0\x7f6S\xbc\xad\
\x92:\xb7\x06\xb8\x10\xf8\x0cp\x5cD\xdcQ\xb9\x1f\xa9\
sSwP\xcc\xcc\x1d\x81#\x18\x1d\xf87\xac\xdc\x8e\
\xa4\xe1[\xce(\x08\xfcCD\xfc\xb8v3RW\xa6\
&\x00d\xe6N\xc0_\x01\xaf\xc5S\xfc\x92\xba\xb7\x06\
8\x09xOD\x5cV\xbb\x19i\xae\x06\x1f\x00\xc6\x7f\
\xf1\xff\x03\xf0b\xe0!\x95\xdb\x914\xfd\xd6\x00_\x04\
\x8e\x88\x88\xeb*\xf7\x22\xad\xb3\xc1\x06\x80\xf1\xed{\x7f\
\x06\xfc=\xa3\xdb\xf5$\xa9O\xcb\x81\xa3\x81\x0fF\xc4\
/k7#\xcd\xd6 \x03@f\xee\x07|\x14xL\
\xed^$5\xefj\xe0M\x11qF\xedF\xa4\xd9\x18\
T\x00\xc8\xcc\x8d\x80c\x80\xd7\xd5\xeeE\x92\xee\xe5\x93\
\xc0[#by\xedF\xa4\x99\x18L\x00\xc8\xcc]\x81\
\x13\x80'\xd4\xeeE\x92\xee\xc7e\xc0\xa1\x11qi\xed\
F\xa4\x073\x88Is\x99y8p\x09\x1e\xfc%M\
\xb6\xc7\x00\xdf\xca\xcc\xd7\xd7nDz0\x13}\x06 \
3\x1f\x02|\x18xS\xed^$i\x96>\x0c\xbc=\
\x22\xd6\xd4nD\xba/\x13\x1b\x002s=\xe0\xdf\x80\
\x97\xd5\xeeE\x92\xd6\xd1\xc9\xc0+\x22\xe2\xee\xda\x8dH\
\xf76\x91\x01 37f\xb4\xe0\xc6\xf3j\xf7\x22I\
st\x0ep\xb0\xcb\x09k\xd2L\x5c\x00\xc8\xcc-\x80\
3\x80\xdf\xab\xdd\x8b$u\xe4\x12\xe0y\x11qk\xed\
F\xa4{LT\x00\xc8\xcc\x0d\x813\x81g\xd6\xeeE\
\x92:v1\xf0\xec\x88XV\xbb\x11\x09&\xe8.\x80\
\xf1\xca~_\xc4\x83\xbf\xa4\xe9\xb4'p|f\xfa\xac\
\x12M\x84\x89\x08\x00\x99\x19\xc0\xc7\x81\x03j\xf7\x22I\
\x05\xbd\x00\xf8\xf4x\x9f'U5\x11\x01\x80\xd1z\xfe\
\xaf\xa9\xdd\x84$\xf5\xe0\x15\xc0\xdf\xd5nB\xaa\x9eB\
3\xf3\xf9\xc0i\x93\xd0\x8b$\xf5$\x81\x03#\xe2\xd4\
\xda\x8d\xa8]U\x0f\xba\x99\xb9\x1d\xf0=`\xab\x9a}\
\xdc\xcb\xed\xc0\x15\xc0\xe5\xc05\xc0\x9d\xc0\xb2\xf1\xff\xfe\
@\x02\xd8\x06\xd8\x1c\xd8\xacPo\x9b\x8e\xeb?\x06\xd8\
\x95~\xce\xe0,\x01\xfe\x82\xd1\x0eK\xc3\x11\x8c\x9e\x9b\
\xb1M\x0fc\xada\xf4\x9b\xb9\x0c\xb8\x0d(u\xbb\xdb\
\xed\xe3\xfa7\xf2\xe0\xdf\xc7\xcd\x80\x8d\x81M\x80\x9d\x81\
\xdd\x80](\xf7\xdb\x5c\x177\x03{D\xc4\x0d\xb5\x1b\
Q\x9b\xaa\x05\x80\xf1D\x98\x85\xc0^\xb5z\x18[\xc6\
\xe8\xb6\xc3\x85\xc09\x11\xf1\xa3\xca\xfd\xccHfn\x0d\
\xbc\x03x\x0b\xb0A\xe1\xe1\x9e\x1a\x11\xdf.<\x86:\
\x94\x99O\x07.(<\xccrF!\xe3C\x11qs\
\xe1\xb1:\x91\x99\xbb\x03\xfb\x03\xfb1Zgd\xa3\xba\
\x1dq.\xa3;\x03VU\xeeC\xeaOf\xbe/\xeb\
Y\x93\x99\x0b3\xf3\xd5\x99\xb9I\xed\xf7b.2s\
\xc7\xcc\xfcA\xe1\xf7\xebojo\xa7f'3\xff\xb6\
\xf0w\xe2\xfb\x99\xb9C\xed\xed\x9c\x8b\xcc\xdc$3_\
\x93\x99\xffQ\xf8\xbdz0\xef\xad\xfd^H\xbd\xc9\xcc\
]2\xf3\xee\x0a?\xb4\xd5\x99yjf>\xa5\xf6{\
\xd0\xa5\xcc\x5c\x90\x99\xe7\x14|\xdf\xce\xaa\xbd\x8d\x9a\x9d\
\x1c\x05\xdcR\xce\xce\xcc\x05\xb5\xb7\xb1K\x99\xf9\xbb\x99\
\xf9\x99\xcc\x5cU\xf0}\xbb?\xbf\xcc\xcc\xc7\xd4~\x0f\
\xa4\xe223\xb2\xec\xce\xe9\xfe,\xcc\xcc\xc7\xd5\xde\xfe\
R2s\x8b\xcc\xbc\xaa\xd0{wW\x8e\xd6i\xd0\x00\
d\xe6zY.`_\x99\x99\x9b\xd7\xde\xc6R2\xf3\
\x09\x99\xb9\xa8\xd0{\xf7@\x0c\xd9\x9a~\x99\xf9\x8a\x9e\
\x7fX7f\xe6+\xb3\x81\xfbn3\xf3i9\xba\xbc\
Q\xc2\xae\xb5\xb7O3\x93\x99\x8f-\xf4\x1d\xc8\xcc\x9c\
\xfa\x85\xbar\xf4G\xca\x1fg\xe6\xcd\x05\xdf\xc7\xfb\xf2\
G\xb5\xb7]*&3\x1f\x9a\x99Kz\xfcA-\xcc\
\xccmkow\x9f2\xf3\x94B\xef\xe5\x81\xb5\xb7M\
3\x93\x99\x07\x17\xfa\x0e|\xa5\xf6\xb6\xf5)3\x1f\x9e\
\xfd\x9e\x0dX\x9c\x99\x9b\xd6\xden\xb5\xa3\xef\x85\x80\xde\
\x06<\xac\x87q\x92\xd1\xe2B\xcf\x89\x88%=\x8c7\
I>U\xa8\xaeg\x00\x86\xa3\xd4gU\xea\xbb5\x91\
\xc6\xb7\xe7=\x1b8\xaa\xa7!\xb7\x05\xde\xda\xd3XR\
\x7f\x01 G\x93\x86\xfe\xbc\x87\xa1V\x03o\x8c\x88#\
#bu\x0f\xe3M\x9a3\x19\xdd\x9e\xd5\xb5IZ\xab\
A\x0fl\xcb\x025\xef\x02\x9a\xbbN\x1d\x11\xab\x22\xe2\
]\x8cV*\xed\xe3V\xbd\xbf\xc8\x81\xdf\x99\xa4\xe1\xe8\
\xf3\x0c\xc0\x9fQ\xfe \xb2\x02xiD|\xa2\xf08\
\x13+\x22\x96\x03W\x17(=U\xb3\xbe\xa7\x5c\x89\x03\
\xc8U\xe3\xefV\x93\x22\xe2\xd3\xc0a\x8c\xf61%m\
\x01\xbc\xa1\xf0\x18\x12\xd0S\x00\xc8\xcc\x0d\x18\xad&W\
\xd2\x1a\xe0U\x11\xf1\xe5\xc2\xe3\x0cA\x89\x95\xc5\xfc\xab\
d8J\x84\xb5\xc5\x05j\x0eJD\x9c\x0c\xfc1\xa3\
}MI\xef\xcc\xd1\xa3\xd1\xa5\xa2\xfa:\x03\xf0:F\
\xd7\xb7JzKD\x9cPx\x8c\xa1\xf8E\x81\x9a^\
\x02\x18\x8e\xdf.P\xb3\xc4wjp\x22\xe28Fs\
\x99J\xda\x06xu\xe11\xa4^\x03@I\xff\x12\x11\
\x1f-<\xc6\x90,-P\xf3w\x0a\xd4T\x19%>\
\xab;\x0b\xd4\x1c\xa4\x888\x86\xf2\x13\x22_[\xb8\xbe\
T>\x00\xe4h\xed\xed=\x0a\x0e\xf1\x9f\x8c\xd6\xc4\xd7\
\xaf\x94\xd8Y\xef\xeci\xc9\xc9\x97\x99\x1b\x01;\x15(\
]\x22T\x0e\xd9\x9b\x81\xef\x17\xac\xff{9\xc5\x0b\x97\
i2\xf4q\x06\xe0\x8f\x0b\xd6^\xceh\xd2_\xb3\x93\
\x93\xee\xc7-\x05jn\x04<\xa7@]u\xeb\xb9@\
\x89\xa06\x88\x87\xfd\xf4%\x22\xee\x06^\x0e\xfc\xb2\xe0\
0\xaf,X[*\x1b\x002\xf3!@\xc9\xd5\xad\x8e\
\x8a\x88+\x0b\xd6\x1f\xaaR\xef\xc9\x9f\x14\xaa\xab\xee\xbc\
\xbeP]\x7fg\xf7\x12\x11\x97\x01G\x17\x1c\xe2\x95\x99\
9\xaf`}\xa9\x9c\xcc|v\xc1U\xb3\xae\xcc\xcc\xf5\
ko\xe3$\xca\xb2K\xc1\xee]{\xfbt\xdf2s\
\x9f\x82\x9f\xfbn\xb5\xb7o\x12e\xe6\x86\x99yM\xc1\
\xf7}\xdf\xda\xdb\xa8\xe9U\xfa\x12\xc0s\x0b\xd6\xfe\x9b\
\x88(y\xfam\xc8\xae\x06\xee.T\xfb\xd8\xcc\xdc\xa2\
Pm\xad\xa3\xcc\xdc\x128\xb6P\xf9\xe5\xc05\x85j\
\x0f\xda\xf8\xf2\xe3\xbb\x0b\x0eQr\x1f\xaa\xc6\x95\x0e\x00\
\xfb\x17\xaa{9pr\xa1\xda\x83\x17\x11+\x80\x0b\x0b\
\x95\xdf\x198)]\xadlb\x8c?\x8b\x93(3\xf9\
\x0f\xe0\x82\x88XY\xa8\xf648\x11\xb8\xa2P\xed\xfd\
\x0a\xd5\x95\xca\x05\x80\xcc|(\xf0\xa4B\xe5?\x18\x11\
\xa5\x17\xe3\x18\xba\x85\x05k\xef\x0b|33K\x1dp\
4C\x99\xb93p\x01\xf0\xac\x82\xc3\x9cS\xb0\xf6\xe0\
\x8d\x97\x1c\xff\x87B\xe5\x9f\x92> H\x85\x94<\x03\
\xb0/Pb\x02\xcbm\xc0\xf1\x05\xeaN\x9b3\x0b\xd7\
\x7f<pif\x1e\x9d\x99\xdb\x14\x1eK\xf7\x92\x99\xdb\
d\xe6\xffbt\x1bl\xe9\xdb\xc5\xbeQ\xb8\xfe4\xf8\
\x02p{\x81\xba\xf3\x01\xe7\xdd\xa8\x88\xf9\x05k\xefS\
\xa8\xeeq^\xfb\x9f\x91\x8b\x19]\xb7-\xf9W\xfa\x06\
\xc0_\x02o\xcf\xcc\x0b\x81s\x81%\xc0\x8d\x05\xc7l\
\xd96\x8c\x16\xf9\xd9\x07x:\xfd\xdc\xc6{eD\x5c\
\xd2\xc38\x83\x16\x11wg\xe6\x09\xc0\x9f\x16(\xbf/\
pZ\x81\xbaj\x5c\xc9\x00P\xea\xaf\x92\xcf\x16\xaa;\
U\x22\x223\xf3s\xc0{z\x18n\x1e\xb0\xd7\xf8\xa5\
\xe9\xe2\xefm\xe6>G\x99\x00\xe0\x82@*\x22J\x15\
\xce\xcc\x9f\x00\x8f\xec\xb8\xec/\x80\xad\xbd\xfe?3\x99\
\xf9(\xe0*\xca\x06=M\xafU\xc0\xce\x11\xf1\x93\xda\
\x8d\x0cA\x8e\xee\xd9\xbf\x19\xd8\xbc\xe3\xd2?\x8e\x88\x1d\
;\xae)\x959\x85\x98\xa3\xe5H\xb7+Pz\xa1\x07\
\xff\x99\x8b\x88\xebp\xbe\x84\xd6\xdd\xbf{\xf0\x9f\xb9\xf1\
d\xc0E\x05Jo\x9f.\xc3\xad\x02J]C\xdc\xa5\
P\xed\x923\xdb\xa7\xd5\xfb)\xff\xf8RM\x9f\xd5\xc0\
\x07k71@g\x17\xa8\xf9\x10\xe0\xd1\x05\xea\xaaq\
\xa5\x02\xc0\xae\x85\xea~\xafP\xdd\xa95^\xae\xf4\xf3\
\xb5\xfb\xd0\xe0|6\x22J\xdd\xdb>\xcdJ\xed\xa3J\
\xedS\xd5\xb0R\x01\xa0\xd4ma\xee\x90\xd6\xcd;)\
s\x8b\x92\xa6\xd3m\xc0\x11\xb5\x9b\x18\xa8\xcb\x0b\xd5\xdd\
\xbaP]5\xacT\x00(\xb1J\xdcM\x11qk\x81\
\xbaS/\x22n\x04\x8e\xac\xdd\x87\x06\xe3\xdd\x11qS\
\xed&\x86(\x22~\xc1h\xb2r\xd7\x5cyS\x9d+\
\x15\x00\x16\x14\xa8yC\x81\x9a-\xf9\x18pF\xed&\
4\xf1\xbe\x0e|\xbcv\x13\x03w}\x81\x9a\xae\x06\xa8\
\xce\x0d\xe9\x0c\xc0\x9d\x05j6c|\xf7\xc4\xab0H\
\xe9\xfe\xfd\x0c8\xdc;m\xe6li\x81\x9a%\xfe\xa8\
R\xe3\x86t\x06\xc0\x000G\x11q3p(\xa3\xa7\
\xbbIk[\x0e\x1c\x12\x11\xb7\xd4nd\x0a\x94\xd8W\
y\x09@\x9d+\x15\x006*P\xd3\x83V\x07\x22\xe2\
\x02\xe00F\x8b\xbcH0\xba\xe5\xef\x15\x11qQ\xed\
F\xa6\xc4\xb2\x0257.PS\x8d\xebc-\xf1\xae\
d\xed\x06\xa6ED\x9c\x0a\xbc\x01\xd7\x07\xd0\xe8;\xf0\
\xfa\x88\xf8R\xedF\xa6\x88\xfb*\x0d\xc2\x90\x02\x80:\
\x14\x11\xc7\x02/\x05\xee\xae\xdd\x8b\xaaY\x01\xbc<\x22\
>]\xbb\x11I\xfd3\x004l\xfcW\xdf\x0b\x19\xdd\
\xf7\xad\xb6\xdc\x0a</\x22\x5c*Zj\x94\x01\xa0q\
\x11q6\xf0D\xe0\x82\xda\xbd\xa87\x97\x00O\x89\x88\
\xff\xa8\xdd\x88\xa4z\x0c\x00\x22\x22~\x0a\xec\x07\x1c\x8d\
\x93\x03\xa7\xd9J\xe0(\xe0\x19\x11qm\xedf$\xd5\
e\x00\x10\x00\x11\xb1\x22\x22\x8e`\xf4\xec\xf1\xb3j\xf7\
\xa3\xce\x9d\x07<)\x22\xde\x15\x11+k7#\xa9>\
\x03\x80~\xcd\xf8\x010\xbf\x0f\xbc\x04\xf8n\xe5v4\
w\xdf\x01\x0e\x06\x9e\x15\x11\x97\xd6nF\xd2\xe40\x00\
\xe87DDF\xc4\xc9\x11\xf1d\xe0\x05\xc0W\x19\x9d\
>\xd60\xac\x04N\x05\x0e\x88\x88\xdf\x8b\x88/G\x84\
\xb7\xa6I\xfa5\xf3k7\xa0\xc9\x16\x11_\x03\xbe\x96\
\x99[\x03/c\x14\x08\xf6\xa2\xccbOZw\xcb\x80\
\xf3\x81\xd3\x80\xe3\xc6\xab>J\xd2\xfd2\x00hF\xc6\
O\x87;\x068&3\xd7\x03\xf6\x04\x9e\xcc\xe89\xe5\
\xbb\x02\x8fd\xb4Z\xd9\x02\x5c\xb7\xbc\x94\xa5k\xbd~\
\x0a\x5c\xc9\xe8\xf1\xb3\xdf\x05.\x8e\x88\x15\x15{\x934\
0\x06\x00\xcd\xda\xf8@s\xde\xf8%I\x1a \xe7\x00\
H\x92\xd4 \x03\x80$I\x0d2\x00H\x92\xd4 \x03\
\x80$I\x0d2\x00H\x92\xd4 \x03\x80$I\x0d2\
\x00H\x92\xd4 \x03\x80$I\x0d2\x00H\x92\xd4 \
\x03\x80$I\x0d2\x00H\x92\xd4 \x03\x80$I\x0d\
2\x00H\x92\xd4 \x03\x80$I\x0d2\x00H\x92\xd4\
 \x03\x80$I\x0d2\x00H\x92\xd4 \x03\x80$I\
\x0d2\x00H\x92\xd4 \x03\x80$I\x0d2\x00H\x92\
\xd4 \x03\x80$I\x0d2\x00H\x92\xd4 \x03\x80$\
I\x0d2\x00H\x92\xd4 \x03\x80$I\x0d2\x00H\
\x92\xd4 \x03\x80$I\x0d2\x00H\x92\xd4 \x03\x80\
$I\x0d2\x00H\x92\xd4 \x03\x80$I\x0d2\x00\
H\x92\xd4 \x03\x80$I\x0d2\x00H\x92\xd4 \x03\
\x80$I\x0d2\x00H\x92\xd4 \x03\x80$I\x0d2\
\x00H\x92\xd4 \x03\x80$I\x0d2\x00H\x92\xd4 \
\x03\x80$I\x0d2\x00H\x92\xd4 \x03\x80$I\x0d\
2\x00H\x92\xd4 \x03\x80$I\x0d2\x00H\x92\xd4\
 \x03\x80$I\x0d2\x00H\x92\xd4 \x03\x80$I\
\x0d2\x00H\x92\xd4 \x03\x80$I\x0d2\x00H\x92\
\xd4 \x03\x80$I\x0d2\x00H\x92\xd4 \x03\x80$\
I\x0d2\x00H\x92\xd4 \x03\x80$I\x0d2\x00H\
\x92\xd4 \x03\x80$I\x0d2\x00H\x92\xd4 \x03\x80\
$I\x0d2\x00H\x92\xd4 \x03\x80$I\x0d2\x00\
H\x92\xd4 \x03\x80$I\x0d2\x00H\x92\xd4 \x03\
\x80$I\x0d2\x00H\x92\xd4 \x03\x80$I\x0d2\
\x00H\x92\xd4 \x03\x80$I\x0d2\x00H\x92\xd4 \
\x03\x80$u+\x07RS\x8d3\x00HR\xb7n)\
P\xf3\xa6\x025\xd58\x03\x80$uk\xf1@j\xaa\
q\x06\x00I\xea\xd6\xb9\x05j.*PS\x8d3\x00\
HR\xb7.\xa0\xdbS\xf67\x02\x17uXO\x02\x0c\
\x00\x92\xd4\xa9\x88X\x0d|\xa8\xc3\x92GG\xc4\x9a\x0e\
\xebI\x80\x01@\x92J\xf8g\xe0\xda\x0e\xea\x5c\x0d|\
\xac\x83:\xd2o0\x00HR\xc7\x22b9\xf0\x22\xe0\
\x8e9\x94Y\x0a\xbc8\x22\xee\xee\xa6+\xe9\xd7\x19\x00\
$\xa9\x80\x88\xf8\x11p\x10p\xeb:\xfc\xeb\xbf\x00^\
\x18\x11\xff\xd9mW\xd2\xaf\x18\x00$\xa9\x90\x88X\x08\
\xec\x09\x9c?\x8b\x7f\xed\x5c`\xcf\x88p\xe6\xbf\x8a2\
\x00HRA\x11quD\xec\x0d\x1c\x08\x9c\x02,\xbf\
\x8f\xff\xdb]\xc0W\x80\x17E\xc4\xb3\x22\xe2\x9a>{\
T\x9b\xe6\xd7n@\x92Z\x10\x11\xa7\x00\xa7d\xe6F\
\xc0\x8e\xc0v\xe3\x7f\xf43\xe0\xda\x88\xb8\xabZsj\
\x92\x01@\x92z4>\xd0_:~I\xd5x\x09@\
\x92\xa4\x06\x19\x00$Ij\x90\x01@\x92\xa4\x06\x19\x00\
$Ij\x90\x01@\x92\xa4\x06\x19\x00$Ij\x90\x01\
@\x92\xa4\x06\x19\x00$Ij\x90\x01@\x92\xa4\x06\x19\
\x00$Ij\x90\x01@\x92\xa4\x06\x19\x00$Ij\x90\
\x01@\x92\xa4\x06\x19\x00$Ij\x90\x01@\x92\xa4\x06\
\x19\x00$Ij\x90\x01@\x92\xa4\x06\x19\x00$Ij\
\x90\x01@\x92\xa4\x06\x19\x00$Ij\x90\x01@\x92\xa4\
\x06\x19\x00$Ij\x90\x01@\x92\xa4\x06\x19\x00$I\
j\x90\x01@\x92\xa4\x06\x19\x00$Ij\x90\x01@\x92\
\xa4\x06\x19\x00$Ij\x90\x01@\x92\xa4\x06\x19\x00$\
Ij\x90\x01@\x92\xa4\x06\x19\x00$Ij\x90\x01@\
\x92\xa4\x06\x19\x00$Ij\x90\x01@\x92\xa4\x06\x19\x00\
$Ij\x90\x01@\x92\xa4\x06\x19\x00$Ij\x90\x01\
@\x92\xa4\x06\x19\x00$Ij\x90\x01@\x92\xa4\x06\xcd\
\xaf\xdd\x804)2sw\xe0\xe9\xc0\xae\xc0n\xc0\xce\
\xc0\x02`c`\xf3\x8a\xad\xcd\xd6\x0a\xe0&\xe0j\xe0\
t\xe0\xa4\x88\xb8\xbanK\x90\x99\x9b\x02\x07\x01\x7f\x08\
\xec\x0e<\x82\xd1{\xabn\xf9\xf9\xcf\xdc\x0a`\x19p\
\x1b\xb0\x14\xb8\x1d\xb8\x02\xb8r\xfc\x9f\x97M\xc2{W\
J\x94(\x9a\x99'\x00\x87t\x5c\xf6\xc4\x888\xb4\xe3\
\x9ajXf\xae\x0f\xbc\x10x)\xb0\x1f\xb0M\xdd\x8e\
\x8aY\x0d|\x1a82\x22\x96\xf4=xf\xce\x07\xde\
\x04\xbc\x1b\xd8\xaa\xef\xf1\xe5\xe7?GK\x80s\xeey\
E\xc4uu\xdb\xe9\x8e\x01@\xcd\xc9\xcc]\x80\xb7\x02\
/\x03\xb6\xa8\xdcN\x9f\x96\x00\x07G\xc4\xc5}\x0d8\
\xfe\xab\xef\xf3\xc0\x0b\xfa\x1aS\xf7\xab\xc6\xe7\xbf9p\
<\xf0\xdc\xbe\xc6\xec\xc1E\xc0g\x81\xe3\x22\xe2\xd6\xda\
\xcd\xcc\x85s\x00\xd4\x8c\xcc|Bf\x1e\x07\x5c\x06\xfc\
\x19m\x1d\xfc\x01\xb6\x05\x16f\xe6\x9e}\x0c\x96\x99\x0b\
\x80Ex\xf0\x9f\x145>\xffs\x98\xae\x83?\xc0\xd3\
\x80\x8f\x02\x8b3\xf3\x84\xcc|J\xed\x86\xd6\x95\x01@\
S/37\xcb\xcc\x8f\x00\xdf\x05\x0e\xa3\xed\xef\xfd\x86\
\xc0\x972\xf3a=\x8c\xf5o\xc0\x13{\x18G3\xe7\
\xe7\xdf\x9d\xf5\x19\x9d\xe9\xfeVf\x9e\x91\x99\xfb\xd4n\
h\xb6Z\xde\x11\xaa\x01\x99\xf9b\xe0r\xe0\xcf\x81y\
\x95\xdb\x99\x14\xdb\x02\xef+9@f\x1e\x00\xbc\xb8\xe4\
\x18Zg}|\xfe\xcf\xa7\xad\xcf\xff\xf7\x81E\x99y\
ff\xeeZ\xbb\x99\x992\x00h*e\xe6\xfa\x99\xf9\
\xcf\xc0IL\xef\xe4\xbe\xb9xMf\xeeT\xb0\xfe\xdf\
\x15\xac\xad\xb9+\xfd\xf9\x17\x0d\x18\x13\xec9\xc0\x0f2\
\xf3\xfd\x99\xb9Q\xedf\x1e\x8c\x01@S'3\xb7\x01\
\xcec4\xf3X\xf7m\x1e\xf0\x92\x12\x85\xc7\x07\x96'\
\x97\xa8\xad\xce\xf8\xf9\x97\xb3\x1e\xf07\xc0\x0f3\xf3\x99\
\xb5\x9by \x06\x00M\x95\xcc\xdc\x118\x1f\x18\xec\xc4\
\x9c\x1e=\x7f`u\xd5-?\xff\xb2\x1e\x05\xfcGf\
\x1e\x91\x99E\xee\xb8\x9b+\x03\x80\xa6\xc6\xf8\xf6\xbe\xf3\
\x19-\xe0\xa3\x07\xb7\xc3\xc0\xea\xaa[~\xfe\xe5\xcd\x07\
\x8e\x02N\xcb\xcc\x89\xbb\xeb\xc8\x00\xa0\xa9\x90\x99\xbf\x03\
\x9c\xc1h\x82\x93f\xa6\xd4L\xf0\xad\x0b\xd5U\xb7J\
}\xfe}\xdca04\xcf\x07\xce\xcb\xccG\xd4nd\
m\x06\x00\x0d\xdex\xb1\x99\xd3\x19\x9dr\xd3\xcc\xfdW\
\xa1\xbaw\x14\xaa\xabn\xdd^\xa8\xeeo\x15\xaa;t\
\x8f\x05\xbe\x99\x99\x8f\xa9\xdd\xc8=\x0c\x00\x9a\x06\x9f\x00\
\x1e_\xbb\x89\x01\xba\xa1P\xdd\xc5\x85\xea\xaa[~N\
\xfd{\x04\xa33\x01O\xaa\xdd\x08\x18\x004p\x99\xf9\
\xdf\x18-\xee\xa3\xd9[T\xa8\xee\xb9\x85\xea\xaa[\xa5\
>\x7f=\xb0-\x813&a\xbd\x00\x03\x80\x06k|\
\xbb\xd1\x87j\xf71`_)T\xf7\x02FO\xa3\xd3\
d+\xf5\xf9\xeb\xc1m\x05|=3\xab\xceY2\x00\
h\xc8\x8ea\xb4\xb4\xa9f\xef\x22\x0a\xfd\x05\x18\x11\xab\
1\x98M\xbao\xe1\x19\x80\xdav`\x14\x02\xaa=\x12\
\xd9\x00\xa0A\xca\xcc\x83\x81\x03j\xf71P\xab\x81w\
FD\x16\x1c\xe3\x9f\x81k\x0b\xd6\xd7\xba[\x0d\xbc\xbd\
\xf0\xe7\xaf\x99\xf9]\xe0c\xb5\x067\x00hp\xc6\x8b\
j\xbc\xb7v\x1f\x03vDD|\xb3\xe4\x00\x11\xb1\x1c\
x\x11\xde\x110\x89\x8a\x7f\xfe\x9a\x95\xc33\xf3\xd55\
\x066\x00h\x88\x0e\xc4Y\xff\xeb\x22\x81\xf7ED/\
\xa7\xe7#\xe2G\xc0A\xc0\xa0\x9f\x99>Ez\xfd\xfc\
5+\x1f\xcd\xcc\xc7\xf6=\xa8\x01@CtD\xed\x06\
\x06h1pHD\xfcm\x9f\x83F\xc4B`OF\
+4\xaa\x9e*\x9f\xbffl#\xe0\x93}/\x19l\
\x00\xd0\xa0d\xe6\xee\xc0\xd3j\xf71\x10\x09\x5c\x02\xfc\
%\xf0\xe8\x888\xa9F\x13\x11quD\xec\xcd\xe8\xcc\
\xcd)\xc0\xf2\x1a}4h\x22>\x7f\xcd\xd83\x80\xd7\
\xf69\xe0\xfc>\x07\x93:\xf0\xaa\x1e\xc7\xba\x86\xd1\x0a\
\x83\xd7\x007\x02+{\x1c{.V\x00?\x07\xae\x8d\
\x88\x9bk7s\x8f\x888\x058e\xfc\x98\xd4\x1d\x81\
\xed\x80M\xeav\xc5\x09\x05j\xfe\x13pa\x81\xba3\
5\x91\x9f\xff\x1c]\x04\xfcc\x81\xba\x1b1Z>|\
\x07\xe0I\xc0\x13\x18=\xcd\xaf\x96\xa32\xf3\xcb\x11\xf1\
\x8b>\x063\x00hh^\xde\xc3\x18_\x07\x8e\x8c\x88\
\xef\xf40Vs\x22\xe2.\xe0\xd2\xf1\xab\xaa\xcc\x22\x13\
\xe1/\x8c\x88\x13K\x14n\xd8\xf5}\xbc\xa7\x99\xb9\x09\
\xf0\x5cF\x8b\x8b\x1dD\xffa`+\xe0\x7f\x00o\xee\
c0/\x01h02s7FKi\x96\xb2\x14x\
iD\x1c\xe0\xc1_jOD\xdc\x19\x11'G\xc4a\
\xc0#\x19=\xc9oY\xcfm\xbc\xbe\xaf\x05\x82\x0c\x00\
\x1a\x92\xfd\x0a\xd6\xbe\x0d\xd8\xdb\xeb\xa4\x92\x00\x22\xe2\xc6\
\x88x\x17\xf0h\xca\x5c*\xba?\x1b\x00\xef\xe8c \
\x03\x80\x86\xe4Y\x85\xea\xae\x02\x0e\x8b\x88\xef\x17\xaa/\
i\xa0\x22b\xc9\xf8\x8c\xc0\xa1\xc0\x9d=\x0d\xfb\x86\xcc\
\xdc\xb2\xf4 \x06\x00\x0d\xc9\xee\x85\xea~$\x22\xce,\
T[\xd2\x14\x18\xcfA\xd8\x93~V\xb8\x5c\x00\xbc\xae\
\xf4 \x06\x00\x0dBf\xcect*\xaekw\x00\xef\
/PW\xd2\x94\x89\x88\xcb\x80}\x80\xcb{\x18\xae\xf8\
\x1dO\x06\x00\x0d\xc5\xf6\xc0\xfa\x05\xea~9\x22n)\
PW\xd2\x14\x8a\x88\x1b\x80\xdf\x07n(<\xd4\xe32\
s\x8f\x92\x03\x18\x004\x14[\x15\xaa{J\xa1\xba\x92\
\xa6TD\x5c\xcf\xe8Y\x17w\x17\x1e\xea\xf0\x92\xc5\x0d\
\x00\x1a\x8a\x05\x85\xea\xfe\xa0P]IS,\x22\xbe\x07\
\xfcu\xe1a\x0e.Y\xdc\x00\xa0\xa1(\xb5b\xdc\x92\
Bu%M\xbfc\x80\xf3\x0a\xd6\xdf>3w(U\
\xdc\x00\xa0\xa1(\xb2\x22WD,-QW\xd2\xf4\x8b\
\x88\x04\xde\xc6\xe8\xb9\x0b\xa5\xec_\xaa\xb0\x01@\x92\xa4\
u4^5\xf4\xd4\x82C\x18\x00$I\x9aP\xff\xb3\
`\xed=K\x156\x00H\x924\x07\x11q>pU\
\xa1\xf2\x8f\xca\xcc\x12\xb7@\x1b\x00$I\xea@\xa9\xa7\
\x15\xce\x03v*Q\xd8\x00 I\xd2\xdc\x9dS\xb0\xf6\
\xae%\x8a\x1a\x00$I\x9a\xbb\x0b\x18=X\xac\x84\x22\
\xb7\x02\x1a\x00$I\x9a\xa3\x88X\x0e\xfc\xa4P\xf9M\
K\x145\x00H\x92\xd4\x8dk\x0a\xd55\x00H\x924\
\xc1n/T\xb7\xc8R\xe8\x06\x00I\x92\xbaQje\
\xd1\x22K\xa1\x1b\x00$I\xea\xc6\x06\x85\xea\x16y\xea\
\xa0\x01@\x92\xa4n\x94zj\xe9\x9d%\x8a\x1a\x00$\
I\xea\xc6\xf6\x85\xea\xdeQ\xa2\xa8\x01@\x92\xa49\xca\
\xcc\x00v.T\xde3\x00\x92$M\xa8\xc7\x03\x1b\x17\
\xaa\xbd\xb8DQ\x03\x80$Is\xb7o\xc1\xdaW\x96\
(j\x00\x90$i\xee\x0e.X\xfb\x8a\x12E\x0d\x00\
\x92$\xcdAf>\x02\xd8\xa7P\xf9\x1b#\xa2\xc8\x02\
C\x06\x00I\x92\xe6\xe6\xcd\x94;\x9e\xfe\xa0P]\x03\
\x80$I\xeb*3\xb7\x02\xdeXp\x88\x85\xa5\x0a\x1b\
\x00$IZw\xef\xa3\xd0R\xbdcg\x97*l\x00\
\x90$i\x1dd\xe6\xd3\x80?)8\xc4\x7f\x01\xdf-\
U\xdc\x00 I\xd2,e\xe6\xa6\xc0\xbf\x03\xf3\x0a\x0e\
sfD\xac*U\xdc\x00 I\xd2,d\xe6<\xe0\
s\xc0\x8e\x85\x87\xfa\x5c\xc9\xe2\x06\x00I\x92f(3\
\x1f\x02|\x02xQ\xe1\xa1~\x01|\xbd\xe4\x00\xf3K\
\x16\x97$iZd\xe6z\xc0\xff\x01^\xde\xc3p\xc7\
E\xc4\x8a\x92\x03\x18\x00$Iz\x10\x99\xb9-p\x22\
\xf0\xcc>\x86\x03>Uz\x10/\x01H\x92\xf4\x002\
\xf3\x10\xe0\xfb\xf4s\xf0\x078-\x22\xbe_z\x10\x03\
\x80$I\xf7!3\x9f\x9a\x99g\x01'\x00[\xf78\
\xf4\xfb\xfb\x18\xc4K\x00\x92$\x8de\xe6\x86\xc0\x1f\x02\
o`\xf4\x84\xbf\xe8\xb9\x85\xb3#\xe2\xa2>\x062\x00\
H\x92\x9a\x94\x99\x1b\x03\x0f\x07v\x00\xf6\x00\xf6\x02\xf6\
\x076\xac\xd4\xd2j\xe0\x88\xbe\x063\x00\xa8i\x99\x99\
\xb5{(`\x05p\x13p5p:pRD\x5c]\
\xb7%iN\x0e\x99\xd2\xdf\xea\xbd\xfd\xef\x88\xf8N_\
\x839\x07@\x9a>\xeb\x01\xdb1:}y\x14py\
f~j<\x8bY\xd2d\xba\x118\xb2\xcf\x01\x0d\x00\
\xd2\xf4\x9b\x07\xbc\x0e\xf8Nf\xeeY\xbb\x19I\xf7\xe9\
m\x11q[\x9f\x03\x1a\x00\xa4vl\x0b,4\x04H\
\x13\xe7\xd8\x88\xf8B\xdf\x83\x1a\x00\xa4\xb6l\x08|)\
3\x1fV\xbb\x11I\x00\xfc\x10xs\x8d\x81\x0d\x00R\
{\xb6e\xf4\x0csIu-\x05\x0e\x8d\x88\xbbj\x0c\
n\x00\x90\xda\xf4\x9a\xcc\xdc\xa9v\x13R\xc3V\x02\x87\
D\xc4\x8fj5`\x00\x90\xda4\x0fxI\xed&\xa4\
F%\xf0'\x11qz\xcd&\x0c\x00\x1a\x8a\x87\xd6n\
`\x0a=\xbfv\x03R\xa3\xde\x11\x11\xffV\xbb\x09\x03\
\x80\x86\xa2\xcfu\xb8[\xb1C\xed\x06\xa4\xc6$\xa3\x83\
\xff?\xd5n\x04\x5c\x09P\xc3\xb1i\xed\x06\xa6\x90w\
\x02H\xfdY\x01\x1c\x1e\x11\xc7\xd7n\xe4\x1e\x06\x00\x0d\
\xc5\xf2\xda\x0dL\xa1\xdbk7 5\xe2\x16F\xb3\xfd\
\x17\xd6ndm^\x02\xd0P\xf4\xbaBV#\x16\xd7\
n@j\xc0\xb7\x80\xa7N\xda\xc1\x1f\x0c\x00\x1a\x8e\x9f\
\xd7n`\x0a-\xaa\xdd\x804\xc5\x128\x06\xd8+\x22\
~\x5c\xbb\x99\xfb\xe2%\x00\x0dE\x0bO\x02\xeb\xdbW\
j7 M\xa9+\x807E\xc4Y\xb5\x1by \x9e\
\x01\x90\xda\xf4-<\x03 um\x19\xf0^\xe0\x09\x93\
~\xf0\x07\xcf\x00H-Z\x0d\xbc=\x22<\xab\x22u\
\xe3.\xe0\x13\xc0\xd1\x11\xb1\xa4v33e\x00\x90\xda\
sDD|\xb3v\x13\xd2\x14X\x0a\x1c\x0b\x1c5\xa4\
\x03\xff=\x0c\x00R;\x12\xf8\xfb\x88\xf8P\xedF\xa4\
\x01[\x03\x5c\x08|\x06\xf8BD\xdcY\xb9\x9fuf\
\x00\x90\xda\xb0\x18xKD\x9cT\xbb\x11i\x80\xee\x04\
\xce\x05\xce\x02N\x8c\x88\x1b*\xf7\xd3\x09\x03\x804\xbd\
\x12\xf8\x0ep<\xf0\xb1Z\x8f\x1c\x95\x06\xe6V\xe0J\
\xe0r\xe02\xe0<\xe0\xdb\x11\xb1\xaajW\x05\x18\x00\
\xd4\xbaCk7P\xc0\x0aF\xeb&\x5c\x1b\x117\xd7\
nF\xea\xc0E\xc0?\x16\xa8\xfbKF\xd7\xf1\xff\x0b\
\xb8\x03\xb8\xbd\xa5\xdf\x8c\x01@M\x8b\x88\x13k\xf7 \
\xe9A]\xefo\xb5{\xae\x03 IR\x83\x0c\x00\x92\
$5\xc8\x00 IR\x83\x0c\x00\x92$5\xc8\x00 \
IR\x83\x0c\x00\x92$5\xc8\x00 IR\x83\x0c\x00\
\x92$5\xc8\x00 IR\x83\x0c\x00\x92$5\xc8\x00\
 IR\x83\x0c\x00\x92$5\xc8\x00 IR\x83\x0c\
\x00\x92$5\xc8\x00 IR\x83\x0c\x00\x92$5\xc8\
\x00 IR\x83\x0c\x00\x92$5\xc8\x00 IR\x83\
\x0c\x00\x92$5\xc8\x00 IR\x83\x0c\x00\x92$5\
\xc8\x00 IR\x83\x0c\x00\x92$5\xc8\x00 IR\
\x83\x0c\x00\x92$5\xc8\x00 IR\x83\x0c\x00\x92$\
5\xc8\x00 IR\x83\x0c\x00\x92$5\xc8\x00\xa0\xa1\
X1\x90\x9a\x1a\x16\xbfW\xdd[Y\xa0f\xeb\xefi\
\x11\x06\x00\x0d\xc5\xcf\x0b\xd4\x5c\x5c\xa0\xa6\x86\xc5\xefU\
\xf7\x96\x14\xa8\xd9\xfa{Z\x84\x01@Cq\x1d\x90\x1d\
\xd7\xfcq\xc7\xf54<]\x7f\x07\x92\xd1w\xb5e\xd7\
\x0d\xa4f\xf3\x0c\x00\x1a\x84\x88\xb8\x11\xf8n\xc7e\xbf\
\xd6q=\x0d\xcf\xd7;\xaewID\xdc\xdcq\xcd\xa1\
\xf9j\x81\x9a]\x7fN\xc2\x00\xa0a9\xbe\xc3Z\xab\
\x80\x93;\xac\xa7a:\x09X\xdda\xbd\x13:\xac5\
H\x11q\x1dpI\x87%\xbf\x15\x11\x9e\xad+\xc0\x00\
\xa0!\xf9\x08\xf0\xb3\x8ej\xfdkD\x5c\xdbQ-\x0d\
TD\x5c\x0d|\xba\xa3r\x8b\x81\x7f\xe9\xa8\xd6\xd0\xfd\
\xf7\x09\xad\xa5\xb5\x18\x004\x18\x11\xb1\x1cx;s\x9f\
\x0b\xb0\x18x\xcf\xdc;\xd2\x948\x92\xb9O\x5cK\xe0\
-\x11\xb1\xac\x83~\x06/\x22\xce\x00N\xec\xa0\xd4q\
\x11qf\x07ut\x1f\x0c\x00\x1a\x94\x888\x11x\xff\
\x1cJ,\x07\x0e\x1a\xcf)\x90\x88\x88%\xc0\xc1\x8c\xbe\
\x1b\xeb\xea\xef#\xe2\xa4\x8eZ\x9a\x16\xaf\x01\xbe7\x87\
\x7f\xff;\xc0\xeb:\xeaE}\xc9\xcc\x13\xb2{\xcd_\
[\xd3\xafd\xe6[3s\xd5,\xbfC7d\xe6S\
k\xf7\xae\xc9\x94\x99{d\xe6Og\xf9\x9dZ\x95\x99\
G\xd4\xee}Re\xe6&\x99y\xea,\xdf\xd3\xcc\xcc\
\xd33s\xb3\xda\xfdk\x1d\xa4\x01@=\xc8\xcc\xbd3\
\xf3\xa2\x19|wVf\xe6\xc73s\x9b\xda=k\xb2\
e\xe6\xc32\xf3\x939\xb3pyaf>\xb3v\xcf\
\x93.3\xe7e\xe6\x9b3\xf3\xa6\x19\xbc\xa77f\xe6\
\x9fg\xe6\xbc\xda}\xb7 J\x14\x1d\x1f\xac\x0f\xe9\xb8\
\xec\x89\x11qh\xc755p\x99\x19\xc0\xbe\xc0A\xc0\
\xde\xc0\xef\x00\x9b3Z\xe0\xe5\x1a\xe0t\xe0\x8bN\xf8\
\xd3ld\xe6\x8e\xc0K\x81?\x00v\x02\x1e\x06\xdc\xc6\
h\xfe\xc8\xb9\xc0\x97\x81E\x11\xd1\xf5\xda\x14S+3\
7\x01\x0e\x1c\xbfv\x07\x1e1\xfeG\xd7\x03\x97\x02_\
\x01N\x89\x88;\xebt\xa8N\xa4g\x00$I\x9ah\
N\x02\x94$\xa9A\x06\x00I\x92\x1ad\x00\x90$\xa9\
A\x06\x00I\x92\x1ad\x00\x90$\xa9A\x06\x00I\x92\
\x1ad\x00\x90$\xa9A\x06\x00I\x92\x1ad\x00\x90$\
\xa9A\x06\x00I\x92\x1ad\x00\x90$\xa9A\x06\x00I\
\x92\x1ad\x00\x90$\xa9A\x06\x00I\x92\x1ad\x00\x90\
$\xa9A\x06\x00I\x92\x1ad\x00\x90$\xa9A\x06\x00\
I\x92\x1ad\x00\x90$\xa9A\x06\x00I\x92\x1ad\x00\
\x90$\xa9A\x06\x00I\x92\x1ad\x00\x90$\xa9A\x06\
\x00I\x92\x1ad\x00\x90$\xa9A\x06\x00I\x92\x1ad\
\x00\x90$\xa9A\x06\x00I\x92\x1ad\x00\x90$\xa9A\
\x06\x00I\x92\x1ad\x00\x90$\xa9A\x06\x00I\x92\x1a\
d\x00\x90$\xa9A\x06\x00I\x92\x1ad\x00\x90$\xa9\
A\x06\x00I\x92\x1ad\x00\x90$\xa9A\x06\x00I\x92\
\x1ad\x00\x90$\xa9A\x06\x00I\x92\x1ad\x00\x90$\
\xa9A\xf3k7 I-\xc9\xcc\x8d\x81\x1d\x81\xed\xc6\
\xff\xd3\xcf\x80k\x22\xe2\xaez]\xa9E\x06\x00I\xea\
Af\x1e\x08\xbc\x0ex\x0e\xb0\xe1\xbd\xfe\xf1\xf2\xcc<\
\x0b\xf8TD\x9c\xd2{sRW2\xf3\x84\xec\xde\x09\
\xb5\xb7K\x92f+3\x1f\x9d\x99\xe7\xcfb_wn\
f\xee\x5c\xbboM?\xe7\x00HR!\x99\xb9?p\
1\xf0\xccY\xfck{\x03\x17g\xe6\xbeE\x9a\x92\xc6\
\x0c\x00\x92T@f>\x16\xf8\x12\xb0\xf9:\xfc\xeb[\
\x00\xa7f\xe6\x13\xba\xedJ\xfa\x15\x03\x80$u,3\
7\x04\xbe\x0al:\x872\x0b\x80\x933s\x83n\xba\
\x92~\x9d\x01@\x92\xba\xf7V`\x87\x0e\xea\xec\x04\xbc\
\xb9\x83:\xd2o0\x00HR\x872s\x1e\xf0\xf6\x0e\
K\xbec\x5cS\xea\x94\x01@\x92\xba\xb5\x17\xf0\xdb\x1d\
\xd6\xdb\x06xz\x87\xf5$\xc0\x00 I]\xdb\xab@\
\xcd\xbd\x0b\xd4T\xe3\x0c\x00\x92\xd4\xad\x87\x0f\xa4\xa6\x1a\
g\x00\x90\xa4nmY\xa0f\x97\x97\x14$\xc0\x00 \
I]\x8b\x81\xd4T\xe3\x0c\x00\x92$5\xc8\x00 I\
R\x83\x0c\x00\x92$5\xc8\x00 IR\x83\x0c\x00\x92\
$5\xc8\x00 IR\x83\x0c\x00\x92$5\xc8\x00 \
IR\x83\x0c\x00\x92$5\xc8\x00 IR\x83\x0c\x00\
\x92$5\xc8\x00 IR\x83\x0c\x00\x92$5\xc8\x00\
 IR\x83\x0c\x00\x92$5\xc8\x00 IR\x83\x0c\
\x00\x92$5\xc8\x00 IR\x83\x0c\x00\x92$5\xc8\
\x00 IR\x83\x0c\x00\x92$5\xc8\x00 IR\x83\
\x0c\x00\x92$5\xc8\x00 IR\x83\x0c\x00\x92$5\
\xc8\x00 IR\x83\x0c\x00\x92$5\xc8\x00 IR\
\x83\x0c\x00\x92$5\xc8\x00 IR\x83\x0c\x00\x92$\
5\xc8\x00 IR\x83\x0c\x00\x92$5\xc8\x00 I\
R\x83\x0c\x00\x92$5\xc8\x00 IR\x83\x0c\x00\x92\
$5\xc8\x00 IR\x83\x0c\x00\x92$5\xc8\x00 \
IR\x83\x0c\x00\x92$5\xc8\x00 IR\x83\x0c\x00\
\x92$5\xc8\x00 IR\x83\x0c\x00\x92$5\xc8\x00\
 IR\x83\x0c\x00\x92$5\xc8\x00 IR\x83\x0c\
\x00\x92$5\xc8\x00 IR\x83\x0c\x00\x92$5\xc8\
\x00 IR\x83\x0c\x00\x92$5\xc8\x00 IR\x83\
\x0c\x00\x92$5\xc8\x00 IR\x83\x0c\x00\x92$5\
\xc8\x00 IR\x83\x0c\x00\x92$5\xc8\x00 IR\
\x83\x0c\x00\x92$5\xc8\x00 IR\x83\x0c\x00\x92$\
5\xc8\x00 IR\x83\x0c\x00\x92$5\xc8\x00 I\
R\x83\x0c\x00\x92$5\xc8\x00 IR\x83\x0c\x00\x92\
$5\xc8\x00 IR\x83\x0c\x00\x92$5\xc8\x00 \
IR\x83\x0c\x00\x92$5\xc8\x00 IR\x83\x0c\x00\
\x92$5\xc8\x00 IR\x83\x0c\x00\x92$5\xc8\x00\
 IR\x83\x0c\x00\x92$5\xc8\x00 IR\x83\x0c\
\x00\x92$5\xc8\x00 IR\x83\x0c\x00\x92$5h\
H\x01 j7 I3\xe0\xbeJ\x83P*\x00\xdc\
U\xa0\xe6\x86\x05jJR\xd76.PsY\x81\x9a\
j\x5c\xa9\x00pg\x81\x9a\x9b\x14\xa8)I]+\xb1\
\xaf*\xb1OU\xe3\x0c\x00\x92\xd4\xad\x12\xfb\xaa\xa5\x05\
j\xaaqC\x0a\x00\x0f/PS\x92\xba\xb6]\x81\x9a\
w\x14\xa8\xa9\xc6\x0d)\x00l\x9d\x99[\x14\xa8+I\
\x9d\xc8\xcc\xad\x80-\x0b\x94\xf6\x12\x80:W*\x00\xfc\
\xbcP\xdd]\x0b\xd5\x95\xa4.\x94\xdaG\xddX\xa8\xae\
\x1aV*\x00\x5cQ\xa8\xee\x93\x0a\xd5\x95\xa4.\x94\xda\
G\x95\xda\xa7\xaaa\xa5\x02\xc0U\xc0\xea\x02u\xf7-\
PS\x92\xba\xb2\x7f\x81\x9ak\x18\xedS\xa5N\x15\x09\
\x00\x11q7p}\x81\xd2\xfbe\xe6\x90\x16/\x92\xd4\
\x88\xcc\x9c\x07<\xab@\xe9\xeb\xc6\xfbT\xa9S%\x0f\
\xa6\x97\x17\xa8\xb9%\xf0\xb4\x02u%i\xae\x9e\x01l\
^\xa0\xee\x95\x05jJE\x03\xc0\xa5\x85\xea\xbe\xaaP\
]I\x9a\x8bR\xfb\xa6R\xfbR5\xaed\x00XT\
\xa8\xeea\x99\xb9~\xa1\xda\x924k\x99\xb9\x01pH\
\xa1\xf2\x0b\x0b\xd5U\xe3J\x06\x80s\x81U\x05\xean\
\x0e\xbc\xac@]IZW/\x076+Pw\x15p\
^\x81\xbaRY\x99yQ\x96q\xb9\x93\x01%M\x82\
\xcc\x9c\x97\x99W\x14\xda\xd7}\xb3\xf6\xf6iz\x95>\
\x88\x9eS\xa8\xee\xae\xc0K\x0b\xd5\x96\xa4\xd98\x0c\xd8\
\xa5PmO\xff\xab\x98\xd2\x01\xe0\xcc\x82\xb5?\x90\xa3\
\xebn\x92TEfn\x04\xbc\xbf\xe0\x10%\xf7\xa1j\
\x5c\xe9k\xe1\xe4\xe0\x00\x00\x04\x94IDAT\x00\xb0\
\x882\xeb\x01\x00\xec\x04\xfcu\xa1\xda\x924\x13\xef\x06\
\x1eU\xa8\xf6\x0d\xc0\xf9\x85jKe\x03@D\xac\x01\
>_p\x88#2s\xb7\x82\xf5%\xe9>e\xe6c\
\x81w\x14\x1c\xe2\xb3\x11QbEU\xa9\x1f\x99\xf9\xd8\
B\x93c\xee\xf1\x9f\xe3\xd3p\x92\xd4\x8b\xcc\xdc 3\
\xbf_x\xdf\xf6\xb8\xda\xdb)\xcdYf^R\xf8\x87\
\xf2\xf1\xda\xdb(\xa9\x1d\x99yl\xe1}\xda\xb7ko\
\xa3\xa6__\xb7\xd2\xfdk\xe1\xfa\x7f\x9a\x99o)<\
\x86$\x91\x99o\x03^Sx\x98c\x0b\xd7\x97\xfa\x91\
\xa3\xd3e7\x14N\xcck2\xf3\xf0\xda\xdb*iz\
e\xe6\x1fe\xe6\xea\xc2\xfb\xb2%\x99\xb9a\xedm\x95\
:\x93\x99\xef,\xfc\xa3\xc9\xcc\xfcef\x1e\x5c{[\
%M\x9f\xcc|\xc9x\x1fSZ\xc9\x89\x85R\xff2\
s\xe3\xcc\xbc\xb9\x87\x1f\xcf\xaa\xcc|c\xed\xed\x954\
=2\xf3\xb5\x99\xb9\xb2\x87\xfd\xd7-\x99\xb9\xa0\xf6\xf6\
J\x9d\xcb\xcc#{\xf8\x01\xdd\xe3\x03\x999\xbf\xf66\
K\x1a\xae\xcc\x9c\x9f\x99G\xf7\xb8\xdfzw\xedm\x96\
\x8a\xc8\xccM3sq\x8f?\xa6E\x99\xf9\xf0\xda\xdb\
-ix2\xf3\x11\x99y~\x8f\xfb\xab\x9fe\xe6&\
\xb5\xb7[*&G\x93h\xfatsf\xbe:3\xa3\
\xf6\xb6K\x9a|\x99\x199:\xe5\x7fK\xcf\xfb\xaaC\
ko\xbbT\x5cf\x9e\xd5\xf3\x0f+3\xf3\xbc\xcc|\
b\xedm\x974\xb92\xf3I\x99\xf9\xcd\x0a\xfb\xa7o\
\xd4\xdev\xa9\x17\x99\xf9\xe8\xcc\xbc\xbb\xc2\x8flMf\
\x9e\x9a\x99{\xd6~\x0f$M\x8e\xcc|bf\x9e0\
\xdeG\xf4\xed\x97\xe9\x92\xe6jIf\xbe\xb7\xc2\x0fm\
m\x8brt\x9a\xef\xa1\xb5\xdf\x0bI\xfd\xcb\xcc\x87f\
\xe6\xeb3\xf3\xdc\xaa{\xa2\xcc\xf7\xd4~/\xd4\xa6j\
\xd7\xc5s4C\xffl`\x9fZ=\x8c-g\xf4\xc8\
\xcds\x18\xf5\xf3\xc3\x88\xc8\xba-I\xeaZ\x8e\xe6\x01\
=\x0e\xd8\x1fx6\xf0\x5c\xa0\xf6#\xc5\x17\x01\xcf\xf6\
\xa1?\xaa\xa1\xea\xc4\xb8\x1c\xcd\xd0\xff\x1e\xf0\xdb5\xfb\
\xb8\x97;\x80+\xc6\xaf\xab\x80\xa5\xe3\xd7m5\x9b\x92\
4+\x9b\x03\x0b\xc6\xafG\x03\xbb\x01\xbb\x00\x9b\xd6l\
\xea^n\x02\xf6\x88\x88\xc5\xb5\x1bQ\x9b\xaa\xcf\x8c\xcf\
\xcc?\x00N\xa3\xbf\xe7\x12HRmk\x80\x03\x22\xe2\
\x8c\xda\x8d\xa8]\xd5\x0f\xba\x11q:\xf0\x81\xda}H\
R\x8f\xde\xe7\xc1_\xb5U?\x03\x00\xff\xff\xda\xdc\xa7\
\x80\xd7\xd6\xeeE\x92\x0a\xfb\x1cp\xb8s\x8dT\xdbD\
\x04\x00\x80\xcc\x9c\x07\x9c\x08\xf80\x1fI\xd3\xea\xab\xc0\
\xc1\x11\xb1\xaav#\xd2\xc4\x04\x00\x80\x1c=\x02\xf3\x1b\
\xc0^\xb5{\x91\xa4\x8e]\xcch\xc6\xff\xb2\xda\x8dH\
0\x01s\x00\xd6\x16\x11\xcb\x81\x03\x81o\xd7\xeeE\x92\
:\xf4mF\x93\xfe<\xf8kbLT\x00\x00\x88\x88\
[\x81\xfd\x80\xd3k\xf7\x22I\x1d8\x1bx\xcex\xdf\
&M\x8c\x89\x0b\x00\x00\xe3\x94| \xf0\x85\xda\xbdH\
\xd2\x1c|\x1ex~D\xdcQ\xbb\x11\xe9\xde&2\x00\
\x00D\xc4\x0a\xe0\x95\xc0\x87k\xf7\x22I\xeb\xe0\x1f\x81\
WF\xc4\xca\xda\x8dH\xf7e\xa2&\x01\xde\x9f\xcc|\
\x09\xf0\xaf\x80\xeb\xf6K\x9atw\x02o\x8c\x88\xcf\xd7\
nDz \x83\x08\x00\x00\x99\xb9\x0bp<\xe0#}\
%M\xaa\x1f\x01\x87F\xc4\x0fk7\x22=\x98\x89\xbd\
\x04po\x11q%\xf0\x0c\xe0\xe3\xb5{\x91\xa4\xfb\xf0\
q\xe0\xc9\x1e\xfc5\x14\x839\x03\xb0\xb6\xcc|\x16\xf0\
Q`\xf7\xda\xbdHj\xdeU\xc0\x9b\x22\xe2\x1b\xb5\x1b\
\x91fc0g\x00\xd6\x16\x11\x8b\x80=\x80\xbf`t\
\xbdM\x92\xfav\x17\xf0^\xe0\xf1\x1e\xfc5D\x83<\
\x03\xb0\xb6\xcc|$\xf0A\xe00`^\xe5v$M\
\xbf\xd5\x8c\xe6#\xbd+\x22~Z\xbb\x19i]\x0d>\
\x00\xdc#3w`tF\xe0\x0d\xc0\xfa\x95\xdb\x914\
}V\x02\xc7\x01\x1f\x88\x88\xcbk7#\xcd\xd5\xd4\x04\
\x80{d\xe6\xf6\xc0_\x01\x87\x03\x0b*\xb7#i\xf8\
\x96\x01\x9f\x01\x8e\x8e\x88\xeb*\xf7\x22uf\xea\x02\xc0\
=\xc6\x0f\x16z!\xa3 \xf0\x07\xc0\xfc\xba\x1dI\x1a\
\x905\xc0\x85\x8c\x0e\xfc_\x88\x08\xe7\x1ai\xeaLm\
\x00X[fn\x07\xbc\x1cx\x01\xf04`\xbd\xba\x1d\
I\x9a@+\x19=\xb1\xef\xab\xc0\xe7#\xe2\xfa\xca\xfd\
HE5\x11\x00\xd6\x96\x99\x1b1z\xdc\xf0\xfe\x8c\x1e\
:\xf4D\x0c\x04R\x8bV\x02\xff\x178\x07X\x08\x9c\
\xe7\xd3\xfa\xd4\x92\xe6\x02\xc0\xbde\xe6<`\x07`W\
`7`\x17\xe0Q\x8c\x96\x1d^\x00l2~m\x86\
\xef\x974\x14\xb7\x01K\xd7z\xdd\x0e\xfc\x04\xb8\x12\xb8\
\x1c\xb8\x02\xb86\x22VU\xebP\xaa\xec\xff\x01\xee\xa2\
\xf0\x17\x179\x0a\x1b\x00\x00\x00\x00IEND\xaeB\
`\x82\
\x00\x00\x10E\
\x89\
PNG\x0d\x0a\x1a\x0a\x00\x00\x00\x0dIHDR\x00\
\x00\x02\x00\x00\x00\x02\x00\x08\x06\x00\x00\x00\xf4x\xd4\xfa\
\x00\x00\x00\x04sBIT\x08\x08\x08\x08|\x08d\x88\
\x00\x00\x00\x09pHYs\x00\x00\x0e\xc4\x00\x00\x0e\xc4\
\x01\x95+\x0e\x1b\x00\x00\x00\x19tEXtSof\
tware\x00www.inksca\
pe.org\x9b\xee<\x1a\x00\x00\x0f\xc2ID\
ATx\x9c\xed\xdd\x7f\xb0nW]\xdf\xf1\xf7z\x12\
\x82\x10bB\x10L\x08m1A.\xa4\x8c\x94\x99\x8e\
\x96jJ@\xe9\xd0t\xca\x1f\x9d2-\x92 \x99J\
\xd5\xa1c\xadZ,\x8d\xd6\xa9\xa3c;c\xdb\x01[\
~8\xce(\x84Q\xa6\x9d\xce\xc8\x1f\x9a\xd2\xca\x8f\x09\
-\xf6\xc7\x1f8hB.\x98\x80\x12L\x08 \xf9m\
\xf3\xe3\xb2\xfa\xc79\xe7rrs\xee\xbd\xe7\x9es\x9e\
\xe7I\xee}\xbd\xfe{\xf6^{\xed\xcf\x7f\xeb\xfb\xac\
\xbd\xf6\xda\x05\x00\x00\x00\x00\x00\x00\x00\x00\x00\x00\x00\x00\
\x00\x00\x00\x00\x00\x00\x00\x00\x00\x00\x00\x00\x00\x00\x00\x00\
\x00\x00\x00\x00\x00\x00\x00\x00\x00\x00\x00\x00\x00\x00\x00\x00\
\x00\x00\x00\x00\x00\x00\x00\x00\x00\x00\x00\x00\x00\x00\x00\x00\
\x00\x00\x00\x00\x00\x00\x00\x00\x00\x00\x00\x00\x00\x00\x00\x00\
\x00\x00\x00\x00\x00\x00\x00\x00\x00\x00\x00\x00\x00\x00\x00\x00\
\x00\x00\x00\x00\x00\x00\x00\x00\x00\x00\x00\x00\x00\x00\x00\x00\
\x00\x00\x00\x00\x00\x00\x00\x00\x00\x00\x00\x00\x00\x00\x00\x00\
\x00\x00\x00\x00\x00\x00\x00\x00\x00\x00\x00\x00\x00\x00\x00\x00\
\x00\x00\x00\x00\x00\x00\x00\x00\x00\x00<\x11\x8deu<\
\xe7|J\xf5\xac\xea\xdc\xea\x82e\xdd\x07\x00NCw\
W\x0fT_\x19c<\xba\x8c\x1b\x1cH\x010\xe7\x1c\
\xd5K\xabWVWT\x97W\x97VO9\x88\xfe\x01\
\xe0\x0c\xf5Hu[uS\xf5\xf1\xea\xa3\xd5\xa7\xc6\x18\
s\xbf\x1d\xef\xab\x00\x98s^Z\xbd\xa9\xba\xa6z\xfe\
~\xc3\x00\x00'\xf5\xb9\xea\xfa\xea\xbdc\x8c\xdb\xf6\xda\
\xc9\x9e\x0a\x809\xe7K\xaa\xb7U\x7f\xbf:k\xaf7\
\x07\x00\xf6\xecH\xf5\x81\xea\x17\xc7\x187\x9d\xea\xc5\xa7\
T\x00\xcc9\xcf\xaf~\xaezK\x06~\x00x\x22\xf8\
z\xf5\xab\xd5[\xc7\x18\xf7\xec\xf6\xa2]\x17\x00s\xce\
WU\xef\xaf.>\xf5l\x00\xc0\x92}\xb1\xbaz\x8c\
\xf1\xb1\xdd4^\x9c\xac\xc1\x9cs\xcc9\xffe\xf5\xdf\
2\xf8\x03\xc0\x13\xd5%\xd5\xef\xce9\xaf\xdb\x5c\x9c\x7f\
B'l0\xe7<\xabzW\xf5\xe6\x03\x0a\x07\x00,\
\xdf{\xab\x1f<\xd1+\x84\xc7-\x006\x07\xff\x0fT\
\x7fo\x09\xc1\x00\x80\xe5\xfa\xcf\xd5\xeb\xc7\x18Gv:\
\xb9\xe3#\x80\xcd\xa9\x83we\xf0\x07\x80'\xab\xd7U\
\xef<\xde\xc9\xe3\xad\x01\xf8\xf1L\xfb\x03\xc0\x93\xdd?\
\x9as\xfe\xd8N'\x1e\xf7\x08`\xce\xf9\x9dm\xec6\
t\xce\xb2S\x01\x00K\xf7H\xf5\x8a1\xc6\xefm?\
\xf8\x98\x02`\xce\xf9M\xd5\x1fT/Xa0\x00`\
\xb9\x0eW/\x1dc<\xb4u\xe0\xd8G\x00\xff<\x83\
?\x00\x9cn\x0eU?\xb9\xfd\xc0\xd1\x19\x809\xe7\xc5\
\xd5\xad\xd5\xd3V\x1c\x0a\x00X\xbe\x07\xabK\xc7\x18_\
\xaa\xc7\xce\x00\xfcx\x06\x7f\x008]=\xbd:\xba \
pT\xcd9\xbf\xb9\x8d-\x04\x9f\xb1\xa6P\x00\xc0\xf2\
\xddW]2\xc6\xb8ok\x06\xe0u\x19\xfc\x01\xe0t\
w^\xf5w\xeb\x1b\x8f\x00\xae^_\x16\x00`\x85\xae\
\xa9\x1as\xce\xf3\xaa?\xab\xce^o\x1e\x00`\x05\x1e\
\xad.\x5cT\xaf\xc8\xe0\x0f\x00g\x8a\xb3\xab\xefYT\
/_w\x12\x00`\xa5\xfe\xfa\xa2z\xd1\xbaS\x00\x00\
+uhQ\xbdp\xdd)\x00\x80\x95:\xb4\xa8\x9e\xbd\
\xee\x14\x00\xc0J={\x91\xf7\xff\x01\xe0Ls\xde\x98\
s>Z\x9d\xb5\xee$\x00\xc0\xca\x1cY\xb4\xf1q\x00\
\x00\xe0\xccq\xff\xa2\x8d}\x81\x01\x803\xc7}\x8b\xea\
\x8eu\xa7\x00\x00V\xeaO\x17\xd5\xe1u\xa7\x00\x00V\
\xea\xf0\xa2\xbay\xdd)\x00\x80\x95\xfa\xf4\xa2\xfa\xf8\xba\
S\x00\x00+u\xe3\x98s\x9e\xd3\xc6\xd7\x00\xcf]w\
\x1a\x00`\xe9\x1e\xa8.\x5c\x8c1\x1e\xae\xfe\xeb\xba\xd3\
\x00\x00+\xf1\xdbc\x8c\x87\x17\x9b?\xae_k\x14\x00\
`U\xae\xaf\x1aUs\xce\xa7T\x9f\xaf\x9e\xbb\xc6@\
\x00\xc0r\xdd^]:\xc6xdQ5\xc6x\xa4\xfa\
\xb7\xeb\xcd\x04\x00,\xd9/m\x8e\xf9\x1b3\x00Us\
\xces\xab[\xabo]W*\x00`i\xee\xa8^0\
\xc6x\xb0jk\x0d@c\x8c\x07\xaa\xb7\xae+\x15\x00\
\xb0T?\xb95\xf8\xd7\xb6\x19\x80\xaa9\xe7\xa8>R\
]\xb9\xe2P\x00\xc0\xf2|\xb8z\xf5\x18cn\x1d\x18\
\xc7\xb6\x98s>\xaf\xfad\xf5-+\x0c\x06\x00,\xc7\
\x9fU/\x1bc\xfc\xc9\xf6\x83\x8bc[\x8d1n\xaf\
~\xa0:\xb2\xa2`\x00\xc0r\x1c\xa9\xdep\xec\xe0_\
;\x14\x00Uc\x8c\xdf\xa9\xde\xb2\xecT\x00\xc0R\xfd\
\xd31\xc6\x8e\x9b\xfd\xedX\x00T\x8d1\xdeS]\xb7\
\xb4H\x00\xc02\xfd\x8b1\xc6/\x1f\xef\xe4\xe3\xd6\x00\
\x1ck\xceym\xf5+\xd5\xd9\x07\x99\x0a\x00X\x8a#\
\xd5?\x1ec\xbc\xfbD\x8dNZ\x00T\xcd9\xaf\xaa\
\xdeW=\xeb\x00\x82\x01\x00\xcb\xf1\x95\xea\x9a\xe3M\xfb\
ow\xdcG\x00\xdbm\xae\x09xY\xf5\xd1}\x06\x03\
\x00\x96\xe3\xc3m\xac\xf6\xdf\xd5\x07\xfevU\x00T\x8d\
1\xbeP}ouMu\xe7\xde\xb2\x01\x00\x07\xec\x8e\
6V\xfa\x7f\xdf\xe6\x9b|\xbb\xb2\xabG\x00\xc7\x9as\
>\xb5\x8dW\x05\x7f\xa6z\xde^\xfa\x00\x00\xf6\xe5K\
\xd5\xbf\xaf~y\xfb\x0e\x7f\xbb\xb5\xa7\x02`\xcb\xe6W\
\x04_\xd3\xc6\xac\xc0U\xd5\xb9\xfb\xe9\x0f\x008\xa1\xfb\
\xab\xdfi\xe3\x93\xbe\x1f\xda\xfa\xb0\xcf^\xec\xab\x00\xd8\
n\xb3\x18\xf8\xae\xea\x8a\xea\xf2\xeaPuQu^u\
\xc1A\xdd\x07\x00\xce\x00wW\xf7\xb5\xf1\xc8\xfdpu\
suc\xf5\x7f\xf63\xe8\x03\x00\x00\x00\x00\x00\x00\x00\
\x00\x00\x00\x00\x00\x00\x00\x00\x00\x00\x00\x00\x00\x00\x00\x00\
\x00\x00\x00\x00\x00\x00\x00\x00\x00\x00\x00\x00\x00\x00\x00\x00\
\x00\x00\x00\x00\x00\x00\x00\x00\x00\x00\x00\x00\x00\x00\x00\x00\
\x00\x00\x00\x00\x00\x00\x00\x00\x00\x00\x00\x00\x00\x00\x00\x00\
\x00\x00\x00\x00\x00\x00\x00\x00\x00\x00\x00\x00\x00\x00\x00\x00\
\x00\x00\x00\x00\x00\x00\x00\x00\x00\x00\x00\x00\x00\x00\x00\x00\
\x00\x00\x00\x00\x00\x00\x00\x00\x00\x00\x00\x00\x00\x00\x00\x00\
\x00\x00\x00\x00\x00\x00\x00\x00\x00\x00\x00\x00\x00\x00\x00\x00\
\x00\x00\x00\x00\x00\x00\x00\x00\x00\x00\x00\x00\x00\x00\x00\x00\
\x00\x00\x00\x00\x00\x00\x00\x00\x00\x00\x00\x00\x00\x00\x00\x00\
\x00\x00\x00\x00\x00\x00\x00\x00\x00\x00\x00\x00\x00\x00\x00\x00\
\x00\x00\x00\x00\x00\x00\x00\x00\x00\x00\x00\x00\x00\x00\x00\x00\
\x00\x00\xc0\x89\x8d\x83\xeep\xce\xf9\x9c\xea\xf2\xea\x85\xd5\
\xc5\xd5\xb9\xd5\xf9\x07}\x1f\x008\x8d\xddS=P\xdd\
Q\x1d\xaen\x1ec|\xf9 o\xb0\xef\x02`\xcey\
V\xf5\xea\xea\xb5\xd5+\xab\x17\xed\xb7O\x00\xe0qn\
\xa9>Z}\xb0\xfa\xdd1\xc6\x91\xfdt\xb6\xe7\x02`\
\xf3\x9f\xfe?\xa9\xaem\xe3\x9f>\x00\xb0\x1a\x7fZ\xfd\
z\xf5\xf61\xc6]{\xe9\xe0\x94\x0b\x809\xe7\x05\xd5\
\xcfV?T=m/7\x05\x00\x0e\xc4\x83\xd5{\xaa\
\x9f\x1bc\xdc}*\x17\x9eR\x010\xe7\xbc\xba\xfa\xa5\
\xea[O\xe5:\x00`\xa9\xee\xac~b\x8c\xf1\x1b\xbb\
\xbd`W\x05\xc0\x9c\xf3\xbc\xea\xdd\xd5\xf7\xef1\x18\x00\
\xb0|\xff\xa5\xfa\x87c\x8c{N\xd6\xf0\xa4\x05\xc0\x9c\
\xf3\xf9\xd5\x0dY\xdc\x07\x00O\x067WW\x8d1\xfe\
\xf8D\x8dNX\x00\xcc9_R}\xa8z\xee\x01\x06\
\x03\x00\x96\xeb\x8b\xd5k\xc6\x18\x7fx\xbc\x06\xc7-\x00\
\xe6\x9c\x97U\xff3\xcf\xfb\x01\xe0\xc9\xe8\xcb\xd5\x15c\
\x8c\xc3;\x9d\xdc\xb1\x00\x98s^T}\xa2\xfa\xb6%\
\x06\x03\x00\x96\xeb\xb6\xea\xe5;\xbd*\xb88\xf6\xc0\x9c\
sQ\xbd/\x83?\x00<\xd9]Z}`s\xd3\xbe\
\xc7x\x5c\x01P]\xd7\xc6\xce~\x00\xc0\x93\xdf+\xab\
\x9f:\xf6\xe0c\x1e\x01\xcc9\xbf\xbd\xfa\x83\xea\xa9+\
\x0a\x05\x00,\xdf\xc3\xd5wl_\x0fp\xec\x0c\xc0\xbb\
2\xf8\x03\xc0\xe9\xe6\x9c\xea\x1d\xdb\x0f\x1c\x9d\x01\x98s\
\xbe\xaa\xfa\xf0\xaa\x13\x01\x00+\xf3\x8a1\xc6\x8d\xf5\xd8\
\x19\x80\xeb\xd6\x14\x06\x00X\x8d\xa3c\xfd\xa8\x9as^\
^\xdd\xb4\xb68\x00\xc0\xaa\xbcx\x8cq\xcb\xd6\x0c\xc0\
\x1b\xd7\x1a\x05\x00X\x95\xab\xeb\x1b3\x00\x9f\xaf\xfe\xd2\
:\xd3\x00\x00+q\xdb\x18\xe3\xb2\xb1\xf9\xea\xdfg\xd6\
\x9d\x06\x00X\x99K\x17\xd5\x95\xebN\x01\x00\xac\xd4\xab\
\x16\xd5\xcb\xd6\x9d\x02\x00X\xa9\xbf\xb2\xa8\x0e\xad;\x05\
\x00\xb0R\x87\x16\xf9\xe8\x0f\x00\x9ci.]T\xe7\xaf\
;\x05\x00\xb0R\xe7\x8f9\xe7Cm\xec\x11\x0c\x00\x9c\
\x19\x1e\xda\xe9s\xc0\x00\xc0inQ\xdd\xbf\xee\x10\x00\
\xc0J\xdd\xb7\xa8\xeeYw\x0a\x00`\xa5\xeeYT\xb7\
\xad;\x05\x00\xb0R\xb7.\xaa\xc3\xebN\x01\x00\xac\xd4\
\xe1E\xf5\xfb\xebN\x01\x00\xac\xd4\xef\x8f9\xe7\x0b\xaa\
\xcf\xae;\x09\x00\xb02\x97n}\x0e\xf8s\xd5\xf3\xd7\
\x9b\x05\x00X\x81[\xc7\x18/\xd8\xda\x07\xe0\x03k\x8d\
\x02\x00\xac\xcaoVm\xcd\x00\xbc\xb8\xbay\xadq\x00\
\x80Ux\xd1\x18\xe3\xf0\xa2j\x8c\xf1\xe9\xea\xc3k\x0e\
\x04\x00,\xd7\x87\xc6\x18\x87kc'\xc0-\xbf\xb0\xa6\
0\x00\xc0j\x1c\x1d\xeb\x8f\x16\x00c\x8c\x8fV\xff}\
-q\x00\x80e\xbba\x8c\xf1\xf1\xad\x1fc\xfb\x999\
\xe7\xb7W\x9f\xaa\xbei\xd5\xa9\x00\x80\xa5y\xa8\xfa\x8e\
1\xc6g\xb6\x0e<\xe6k\x80c\x8c\xcfV?\xbf\xea\
T\x00\xc0R\xfd\xec\xf6\xc1\xbf\x8e\x99\x01\xa8\x9as.\
\xaa\x1b\xaa\xbf\xb9\xaaT\x00\xc0\xd2|\xa4z\xf5\x18\xe3\
\xeb\xdb\x0f>\xae\x00\xa8\x9as>\xa7\xfaDu\xd9\x0a\
\x82\x01\x00\xcb\xf1G\xd5\xcb\xc7\x18_9\xf6\xc4b\x87\
\xc6\x8d1\xeejc\x06\xe0\xce%\x07\x03\x00\x96\xe3\xcb\
\xd5U;\x0d\xfeu\x9c\x02\xa0j\x8cq[\xf5}\xd5\
\xedK\x0a\x06\x00,\xc7\x17\xaa+7\xd7\xf6\xed\xe8\xb8\
\x05@\xd5\x18\xe3\xa6\xea\xbb\xb3K \x00<Y\xfca\
\xf5\xddc\x8c\x13\x8e\xdd',\x00\xaa\xc6\x18\x7fR\xfd\
\xd5\xeaW\x0f(\x18\x00\xb0\x1c\xd7W\x7fm\x8c\xf1\x85\
\x935<i\x01P5\xc6\xf8\xf31\xc6\x9b\xab\xef\xcf\
\xba\x00\x00x\xa2\xb9\xa3\xfa\x07c\x8c7\x8e1\x1e\xd8\
\xcd\x05;\xbe\x05p\x22s\xce\xf3\xab\x9f\xa9~\xb8:\
\xf7T\xaf\x07\x00\x0e\xcc\x03\xd5;\xab\x9f\x1fc\xdc{\
*\x17\x9er\x01\xb0e\xce\xf9\xec\xeaG\xabk\xabK\
\xf6\xda\x0f\x00p\xcan\xaf~\xadz\xc7\xf1V\xf9\x9f\
\xcc\x9e\x0b\x80-\x9b\x1b\x07}o\xf5\xda\xeaU\xd5\xe5\
\xfb\xed\x13\x00x\x9c\x9b\xdb\xd8\xd4\xe7\x83\xd5G\x8e\xdd\
\xd8\xe7T\xed\xbb\x008\xd6\x9c\xf3[\xda(\x02^X\
]\x5c=\xa3\xba\xe0\xa0\xef\x03\x00\xa7\xb1\xbb\xab\xfb\xdb\
x\xb6\x7f\xb8\xbay\x8c\xf1\xd5\xf5F\x02\x00\x00\x00\x00\
\x00\x00\x00\x00\x00\x00\x00\x00\x00\x00\x00\x00\x00\x00\x00\x00\
\x00\x00\x00\x00\x00\x00\x00\x00\x00\x00\x00\x00\x00\x00\x00\x00\
\x00\x00\x00\x00\x00\x00\x00\x00\x00\x00\x00\x00\x00\x00\x00\x00\
\x00\x00\x00\x00\x00\x00\x00\x00\x00\x00\x00\x00\x00\x00\x00\x00\
\x00\x00\x00\x00\x00\x00\x00\x00\x00\x00\x00\x00\x00\x00\x00\x00\
\x00\x00\x00\x00\x00\x00\x00\x00\x00\x00\x00\x00\x00\x00\x00\x00\
\x00\x00\x00\x00\x00\x00\x00\x00\x00\x00\x00\x00\x00\x00\x00\x00\
\x00\x00\x00\x00\x00\x00\x00\x00\x00\x00\x00\x00\x00\x00\x00\x00\
\x00\x00\x00\x00\x00\x00\x00\x00\x00\x00\x00\x00\x00\x00\x00\x00\
\x00\x00\x00\x00\x00\x00\x00\x00\x00\x00\x00\x00\x00\x00\x00\x00\
\x00\x00\x00\x00\x00\x00\x00\x00\x00\x00\x00\x00\x00\x00\x00\x00\
\x00\x00\x00\x00\x00\x00\x00\x00\x00\x00\x00\x00\x00\x00\x00\x00\
\x00\x00\x00\x00\x00\xe0\xf47\x0e\xaa\xa39\xe7S\xab\xef\
\xaa\xae\xa8.\xaf\x0eU\x17U\xe7V\x17\x1c\xd4}\x00\
\xe0\x0cpw\xf5@uG\xf5\x99\xea\xe6\xea\xc6\xea\x7f\
\x8f1\x1e>\x88\x1b\xec\xab\x00\x98s\x9eS\xfd\xad\xea\
\x8d\xd5k\xaa\xa7\x1fD(\x00`G\x0fV7T\xef\
\xabn\x18c<\xb2\xd7\x8e\xf6T\x00\xcc9\xcf\xad~\
\xb0\xfag\xd5%{\xbd9\x00\xb0gwU\xef\xaa\xfe\
\xdd\x18\xe3\xdeS\xbd\xf8\x94\x0a\x809\xe7\xa8~\xa0\xfa\
7\xd5sN\xf5f\x00\xc0\x81\xfbR\xf5\xd6\xea\xfa1\
\xc6\xdc\xedE\xbb.\x00\xe6\x9c\x7f\xb1\xba\xbe\xfa\x1b\xa7\
\x9e\x0d\x00X\xb2\x8fUo\x1cc|a7\x8d\x17\xbb\
i4\xe7\xfc;\xd5'3\xf8\x03\xc0\x13\xd5\x95\xd5'\
\xe7\x9c\x7f{7\x8dOZ\x00\xcc9\xdfR\xfdVu\
\xe1\xfer\x01\x00K\xf6\xac\xea\x83s\xce\x1f9Y\xc3\
\x13\x16\x00s\xce\x9f\xae\xfe\xc3\xc9\xda\x01\x00O\x18g\
U\xef\x9cs^w\xa2F\xc7]\x03\xb0Y=\xbc\xf3\
\xa0S\x01\x00+\xf3cc\x8c\xb7\xeftb\xc7\x02`\
\xf3\x99\xffo\xe5\x9f?\x00<\x99}\xbdz\xed\x18\xe3\
\xb7\x8f=\xf1\xb8\x02`\xce\xf9\x17\xdaX\xf0\xf7\xac\x15\
\x04\x03\x00\x96\xebk\xd5\xcb\xc6\x18\x7f\xbc\xfd\xe0c\xfe\
\xe1o\xbe\xe7\xff\xfe\x0c\xfe\x00p\xbaxf\xf5k\x9b\
c\xfcQ\xc7N\xf1\xbf)\xaf\xfa\x01\xc0\xe9\xe6\x95\xd5\
\x1b\xb6\x1f8Z\x0d\xcc9\x9fQ\xdd\x9a\x1d\xfe\x00\xe0\
ttgu\xd9\x18\xe3\xc1z\xec\x0c\xc0\x0fe\xf0\x07\
\x80\xd3\xd5E\xd5\x9b\xb7~\x8c:\xfaU\xbf\xcfU\xcf\
]S(\x00`\xf9\xbeX}\xdb\x18\xe3\x91\xad\x19\x80\
\xab2\xf8\x03\xc0\xe9\xee\x92\xea5\xf5\x8dG\x00\xd7\xac\
/\x0b\x00\xb0B\xd7T\x8d\xcd\xe9\xff\xafUO_o\
\x1e\x00`\x05\x1e\xac\x9e\xb9\xa8^\x9e\xc1\x1f\x00\xce\x14\
O\xaf\xbesQ}\xcf\xba\x93\x00\x00+u\xc5\xa2\xba\
|\xdd)\x00\x80\x95z\xf1\xa2:\xb4\xee\x14\x00\xc0J\
\x1dZT\x17\xaf;\x05\x00\xb0R\xcf]T\xe7\xad;\
\x05\x00\xb0R\xe7\x8d9\xe7\xa3\xd5Y\xebN\x02\x00\xac\
\xcc\x91E\xf5\xff\xd6\x9d\x02\x00X\xa9?_T\xf7\xaf\
;\x05\x00\xb0R\xf7.\xaa\xbb\xd6\x9d\x02\x00X\xa9/\
/\xaa\xcf\xae;\x05\x00\xb0R\x9fYT\x9f^w\x0a\
\x00`\xa5nYT\xbf\xb7\xee\x14\x00\xc0J}b\xcc\
9\xcf\xab\xbeZ=e\xddi\x00\x80\xa5{\xb4\xbap\
1\xc6\xb8\xaf\xfa\x1f\xebN\x03\x00\xac\xc4\xc7\xc6\x18\xf7\
-6\x7f\xbc\x7f\xadQ\x00\x80U\xb9\xbejT\xcd9\
\xbf\xb9\xba=\xdb\x02\x03\xc0\xe9\xec\xde\xeayGg\x00\
\xc6\x18\xf7V\xefYo&\x00`\xc9\xfe\xe3\xe6\xa3\xff\
\x8d\x19\x80\xaa9\xe7E\xd5m\xd5\xd3\xd6\x95\x0a\x00X\
\x9a\x07\xaaK\xc7\x18wUm\xad\x01h\x8cqg\xf5\
\xaf\xd7\x95\x0a\x00X\xaa_\xd8\x1a\xfck\xdb\x0c@\xd5\
\x9c\xf3\xa9\xd5\xa7\xaa\x17\xae:\x15\x00\xb04\xb7T/\
\x1dc<\xbcu`\xb1\xfd\xec\x18\xe3\xa1\xea\xea\xea\xe1\
\x00\x80\xd3\xc1#\xd5\xb5\xdb\x07\xff:\xa6\x00\xa8\x1ac\
\xfc\xdf\xea\xa7V\x95\x0a\x00X\xaa\x9f\x18c\xfc\xafc\
\x0f\x8e\x9dZV\xcd9\xdf^\xfd\xe8R#\x01\x00\xcb\
\xf4\xee1\xc6\x8f\xect\xe2D\x05\xc0Y\xd5oV\xaf\
[V*\x00`i\xfeS\xf5\xfa1\xc6\xd7w:\xf9\
\xb8G\x00[\xc6\x18G\xaa\xd7W\xbf\xb2\xa4`\x00\xc0\
r\xfcz\xf5\x86\xe3\x0d\xfeu\x82\x02\xa0\x8e\x16\x01?\
\x5c\xfdtu\xe4@\xa3\x01\x00\x07\xed\xd1\xeamc\x8c\
k\xc7\x18\x8f\x9e\xa8\xe1q\x1f\x01\x1ck\xceye\x1b\
\xdf\x0c\xb8d\x7f\xd9\x00\x80%\xb8\xbd\x8d\x7f\xfd7\xee\
\xa6\xf1\x09g\x00\xb6\x1bc|\xac:T\xfd\xab\xbc&\
\x08\x00O\x14\x8fV\xef\xa8\xfe\xf2n\x07\xff:\x85\x19\
\x80\xed\xe6\x9c/\xae\xde\xd6\xc6\x1a\x81\xb3\xf7\xd2\x07\x00\
\xb0/\x8fV\xbfQ\xfd\xe2\x18\xe3\x96S\xbdxO\x05\
\xc0\x969\xe7\xf3\xab7\xb5\xb1y\xd0e\xfb\xe9\x0b\x00\
\xd8\x95[\xdb\xf8\xa4\xef{\xc7\x18\x9f\xdfk'\xfb*\
\x00\xb6\xcc9G\xf5\x92\xeaU\xd5\x15\xd5\xe5m\x14\x04\
\xe7\x1cD\xff\x00p\x86z\xb8\xfa\xa3\xea\xd3\xd5\x8d\xd5\
G\xaa\x9b\xc6\x18s\xbf\x1d\x1fH\x01\xb0\x939\xe7\xd9\
\xd5\x85\xd53\xaag.\xeb>\x00p\x1a\xfaZu\x7f\
\xf5\xd5\xcd7\xf2\x00\x00\x00\x00\x00\x00\x00\x00\x00\x00\x00\
\x00\x00\x00\x00\x00\x00\x00\x00\x00\x00\x00\x00\x00\x00\x00\x00\
\x00\x00\x00\x00\x00\x00\x00\x00\x00\x00\x00\x00\x00\x00\x00\x00\
\x00\x00\x00\x00\x00\x00\x00\x00\x00\x00\x00\x00\x00\x00\x00\x00\
\x00\x00\x00\x00\x00\x00\x00\x00\x00\x00\x00\x00\x00\x00\x00\x00\
\x00\x00\x00\x00\x00\x00\x00\x00\x00\x00\x00\x00\x00\x00\x00\x00\
\x00\x00\x00\x00\x00\x00\x00\x00\x00\x00\x00\x00\x00\x00\x00\x00\
\x00\x00\x00\x00\x00\x00\x00\x00\x00\x00\x00\x00\x00\x00\x00\x00\
\x00\x00\x00\x00\x00\x00\x00\x00\x00\x00\x00\x00\x00\x00\x00\x00\
\x00\x00\x00\x00\x00\x00\x00\x00\x00\x00\x00\x803\xc4\xff\x07\
[\xff\x9e\xa9\x16l\xa0\xf5\x00\x00\x00\x00IEND\
\xaeB`\x82\
\x00\x00\x04\x5c\
\x89\
PNG\x0d\x0a\x1a\x0a\x00\x00\x00\x0dIHDR\x00\
\x00\x00\x80\x00\x00\x00\x80\x08\x03\x00\x00\x00\xf4\xe0\x91\xf9\
\x00\x00\x00\x01sRGB\x00\xae\xce\x1c\xe9\x00\x00\x00\
\x04gAMA\x00\x00\xb1\x8f\x0b\xfca\x05\x00\x00\x01\
\x11PLTE333888\xa2\xa2\xa2\xef\xef\
\xef\xff\xff\xff\xe7\xe7\xe7\x9e\x9e\x9e555>>>\
\xf1\xf1\xf1\xdf\xdf\xdfvvvttt\xab\xab\xabR\
RRSSS\xdd\xdd\xddxxxaaa\xcf\xcf\
\xcf\xf3\xf3\xf3\xce\xce\xce\xc1\xc1\xc1zzz\xfa\xfa\xfa\
\xd3\xd3\xd3444\xfd\xfd\xfd\xb2\xb2\xb2\x87\x87\x87\xdb\
\xdb\xdb\xfc\xfc\xfc\x7f\x7f\x7f\xf8\xf8\xf8\xfe\xfe\xfe^^\
^\xcd\xcd\xcddddBBB<<<WWW\
\x97\x97\x97AAA```kkk\xa3\xa3\xa3E\
EE\xc4\xc4\xc4\xaf\xaf\xaf\xcb\xcb\xcb\xed\xed\xed\xe1\xe1\
\xe1\xa1\xa1\xa1\xf2\xf2\xf2]]]ZZZggg\
rrrsssuuu;;;666C\
CC\x83\x83\x83\xea\xea\xea\xfb\xfb\xfb\xeb\xeb\xeb\xc7\xc7\
\xc7\x90\x90\x90\xc6\xc6\xc6???\xb7\xb7\xb7lll\
\xf7\xf7\xf7NNN\x8d\x8d\x8d\xd5\xd5\xd5GGG\xb6\
\xb6\xb6\x81\x81\x81\xac\xac\xac\xc5\xc5\xc5HHH\xb1\xb1\
\xb1XXX\xbf\xbf\xbf\xe3\xe3\xe3\xa7\xa7\xa7III\
\x5c\x5c\x5c@@@r\x03\xc0\xed\x00\x00\x00\x09pH\
Ys\x00\x00\x0e\xc3\x00\x00\x0e\xc3\x01\xc7o\xa8d\x00\
\x00\x02\xd4IDATx^\xed\x98\xd9VSA\x10\
E/\xd2\x82\x88\x8a\x22N\xa0\x08\x0e8\xe2<O(\
*\xe2<\x8f\xff\xff!vW\xed\x9b\xdb}\xd3\x09\xa4\
\x13}\xaa\xfd\x92:\xe7\x14'\xc5Za\x91\xa42\x0c\
\xc30\x0c\xc30\x0c\xc30\x0c\xc30\x0c\xc3\x18=c\
;\xc6\x9ds;'&\xd1\xe5\xec\x9a\xf2EyvO\
\xb3\xd3b\xcc\xb9=\xe1q/{\xfb\xc4\x1d\x06\x8a\x9c\
CW\xd5\xcc~\x1cw\x00\xa7\xc3l\xb4V\x1d\xd4\xa5\
qd1Z\x137{\xe60\x0f\xa1\x15o0)\xba\
\xe3\x0e#\x0b\xa1%\xad\xce\xda^\x1da\x84\xf0Z\x08\
 \xcb\xa0\xa3\xab\x04\xbb\xf1\x13\x01Gee\xb8\x0b\xa8\
\xe8\xee\xc0\xaf\x83xn\x10\xf7\x1f\x1fp,\x92:F\
\xcc\xe7\xedA\x90\x06\x0f2\x82@\x13\x99\x16dL\x08\
\xf6p\x7f\x08\xd2\xecAF\x10D\x07d\x96\x8eg\xdd\
A\xd0\xe6~\x07\x9ch\x84\xf8)\xce\xcd3\x15\xa2\xcd\
\xb9\xeeE\x92\xc5 t\x14?\xc5\x9dd(E\x9bs\
\xddK$\xcbA\xe8xJ\x82\x84\xdcQ\x03\xa1\xcd\xb9\
\x03N\x93\x9c\x09\x82\xf9\xac$1+<\x16Cs\xe6\
\x80s$\xe7\x83`v\x17$\x1a%\x14g\x0e\xb8\x18\
'\xcc\x1e\x91#\x84\xdaL\xef\xa58YA\x04.\x8b\
3*(\xcd\x1c\xb0\xaa\xc1\x15U*j\xae\xaa9\x0a\
h\xcc\x1c\xd0\x0a\x90\x0d\xd7\x08\x86\x84\xb6\x9e\x07 \xaa\
\xea\xba\xea\x84\xd6\xbf\xe7\x22\xa8\xeau\x00s\xe0\x86\x18\
-&\x08\xcb\xa1\xa8\xfb\x80\x9b]\xee-YlCX\
\x0c5\xdd=\xde\xbb\xcd\xd8AW[\xdc!,\x84\x96\
\xf6\x01\xfe\xedo\xeew\xbb\xab\xcb)\xf7\x08\xcb\xa0$\
\xb0p\x1f\xafz\xd0\xe75\xcer\x0cI\x19t\xb4\xe9\
\xf1\xb9@\x98\x5cf\xa9\x03A\x11T\xd4\x1d\x0f\x91[\
u>bM\xc1,\x82\x8aN\x07r;\xa5,\x06p\
J\xa0\xa1\xa9@\xbb9t?X\x1d\xed\x01\x8f1\xdc\
\x13\x8c~\xac\xb1\x8b,\x81\x86\xa8\xe2)N\xbb\xf5\x19\
\x8f\x09\xeb\xd9\xd5A\xd0\x82\xa4\x02\xa7]\x9b\x7f\x96\xdc\
\xe6@hAZ\x81\xe5\x9e\xa3\x85\x1e\xcf\xa2\x9b\x88\x12\
\xb4 \xadx\x81\x17\x9b/\x9d[bL\xe8Z\x1c\x14\
-hU\xe0\xc5n\xaa\x1a\xe4K\x8ea\xde\x1a\x84\x9f\
\x0f \x01\xb3\xb1\x13\x11\xd33\xd8.R\xe0A\xc2\x06\
\xae{\xa5zS\x95\x8a\x84`\xaf3\x17!\xc5\x1ed\
\xcdkl\xf7F$\xe2\xad\x88\x84`3\x96!\xc5\x1e\
d\x07l\xe76\x82z\x87x/Y\xc4\x07o2\x16\
\xa2\xc5\x99\x16|\xe7f\x83\xaa?\xa5|\x94\xac\xc1[\
L\xa5h\xafs\x9f\xd0\x1d\xeao\xe2\x9c\x9b\x12]\x7f\
y&\xa2\xa6\xad\x07fFK\x03\x9f\xb1:\xe0\x07\xbe\
\x88\xf1\x15%\x220=\xe4\xd3\x7f\xa3\xb0\x81@\xc1S\
\xf0\xbe#\x7f\xfc\x5c\xf5\x9f\xdeWq\xff;\xbf6\x7f\
\xffa4\x0c\xc30\x0c\xc30\x0c\xc30\x0c\xc30\x0c\
\xc30\x8c-\xa8\xaa\xbf\xe39%:\xa8\xb6\xf5\x96\x00\
\x00\x00\x00IEND\xaeB`\x82\
\x00\x00*\x13\
\x89\
PNG\x0d\x0a\x1a\x0a\x00\x00\x00\x0dIHDR\x00\
\x00\x02\x00\x00\x00\x02\x00\x08\x06\x00\x00\x00\xf4x\xd4\xfa\
\x00\x00\x00\x04sBIT\x08\x08\x08\x08|\x08d\x88\
\x00\x00\x00\x09pHYs\x00\x00\x0e\xc4\x00\x00\x0e\xc4\
\x01\x95+\x0e\x1b\x00\x00\x00\x19tEXtSof\
tware\x00www.inksca\
pe.org\x9b\xee<\x1a\x00\x00 \x00ID\
ATx\x9c\xed\xddy\xb4\xacU}\xe6\xf1\xe7\xf7\xd6\
\xb9\xcc80\x08FE0F#\xc8\xe0\x8c\x82\xb6\x03\
\x0a\x08\xa4M\x0cj\x12\x95$\x06\x8d\x9ah:\xd1v\
\xc5\xee\xa8\xd1\xb6c\x8c\xdd\x89\x1d38\xc5!\xda\xb6\
sTP48D\xc1\x91!\x80\x82\xc4\xc4\x8b\xc6\x04\
AFA\xa6z\xf7~\xfa\x8fsnT\xbc\xf7rv\
U\xbd\xb5\xab\xce\xfe~\xd6:k\xc1Z\xef\xbe\xf5\xec\
{\xea\xd6~\xea\x1d%\x00\x00\x00\x00\x00\x00\x00\x00\x00\
\x00\x00\x00\x00\x00\x00\x00\x00\x00\x00\x00\x00\x00\x00\x00\x00\
\x00\x00\x00\x00\x00\x00\x00\x00\x00\x00\x00\x00\x00\x00\x00\x00\
\x00\x00\x00\x00\x00\x00\x00\x00\x00\x00\x00\x00\x00\x00\x00\x00\
\x00\x00\x00\x00\x00\x00\x00\x00\x00\x00\x00\x00\x00\x00\x00\x00\
\x00\x00\x00\x00j\x8a\xda\x010\x1b\xb6\xf7\x96t\x80R\
\xda_\x11\xfbI\xdaW\xd2\x9e\x8a\xd8S9\xef\xa9\x88\
\xbd$m\x92t\x87\xb5!;H\xda\xb5R\x5c\x00\x8b\
\xe3\x07\x92nY\xfb\xefk$\xdd\x22\xfbJu\xdd\x95\
\xb2\xaf\x94t\x85\xa4\xcbd\x7f[\xa3\xd1fI\x97D\
\xc4\xf7j\x85\xc5\xecP\x00\x96\x8c\xed\xbb)\xa5\x83\x15\
q\x88\xa4C%\x1d$\xe9\x1eb1\x070?\xd7K\
\xfa\xa6\xa4\xafI:O\xf6\x05\x1a\x8d\xce\x8f\x88\xefT\
\xce\x85\x02\x14\x80\x05f{gI\x0fR\xceG(\xe2\
\x08\xd9\x87K\xda\xb3v.\x00\xd8\x86+\x15\xf1\x05\xd9\
g\xaa\xeb\xce\x94tVD\xdcX;\x14\xb6\x8e\x02\xb0\
@lw\x92\x1e\xa8\x9c\x8f\x95}\xb4\x22\x1e\xa8\xd5\xdd\
\xf6\x00\xb0\x8cn\x91}\x96\x22NS\xd7\x9d&\xe9\xec\
\x88\xc8\xb5Ca\x15\x05\xa02\xdb\xbb)\xa5\xe3\x15q\
\xbc\xa4\xa3%\xedU;\x13\x00\x0c\xe4rI\x9f\x90}\
\x8aF\xa3S\x22\xe2\x07\xb5\x03\xb5\x8c\x02P\x81\xed\x9d\
\x94\xd2c\x15q\xa2\xa4\x9f\x97\xb4[\xedL\x000g\
7)\xe2t\xe5\xfc^\x8dF\x1f\x88\x88\xebk\x07j\
\x0d\x05`\x8el\x1f\xa9\x9cO\x96\xf4Dq\xd2\x1e\x00\
lq\xbd\xa4\xf7\xa9\xeb\xde\x18\x11\x9f\xaf\x1d\xa6\x15\x14\
\x80\x81\xd9\xbe\x83r~\x92\xa4\xe7J:\xa4v\x1e\x00\
Xp\x17Kz\x8b\xba\xeeo\xb8\xdcpX\x14\x80\x81\
\xd8\xbe\xa7r\xfemI'K\xda\xb9v\x1e\x00X2\
7Kz\x8f\xba\xeeU\x11qa\xed0\x1b\x11\x05`\
\xc6l\x1f)\xfby\xb2\x7fA\xd2\xa8v\x1e\x00Xr\
V\xc4'\x95\xf3\xff\x89\x95\x95\x8f\xd4\x0e\xb3\x91P\x00\
f\xc4\xe3\xf1\xe3\x14\xf1rE<\xa4v\x16\x00\xd8\x90\
\xec\xcf\xcb~Il\xda\xf4\xc9\xdaQ6\x02\x0a\xc0\x94\
l\x1f!\xfb\xe5\xb2\x1f];\x0b\x004\xc1>S\xf6\
\x1f\xc4\xa6M\x9f\xae\x1de\x99Q\x00&d\xfb\x10\xd9\
\xaf\x91\xfd\xd8\xdaY\xd6X\xd2\xa5\xb27+b\xb3\xa4\
\xcdZ\xbd\x7f\xf7\x95\xb2/\xd7\xca\xca\x15Z=\xd3\xf6\
\x9a\xb5m\xc7\x5cv\x03\xc0\xf6nZ\xbd\xe1Xh\xf5\
Y!\xbb\xab\xef\xf7R\xc4\xde\x8a\xd8S\xab\xcf\x15\xd9\
_\xf6\x01\x8a8@\xd2\x9d\xb5(kG\xc4i\x8ax\
AD|\xadv\x94e\xb4\x18\xbf\xc4%b{/\xe5\
\xfc\x0a\xad\x9e\xdcW\xeb\x18\xffU\x8a8G\xf6\xf9[\
\xee\xc1-\xe9\xc2\x88\xb8\xa9R\x1e\x00\x8d\xb0\xbd\x93\xa4\
\x03\x95\xd2!\x8aX\xfd\xb1\xef/\xe9\x8e\x95\x22\xf5\x92\
^\xaf\xae{iD\x5cY)\xc3R\xa2\x00\xac\x93\xed\
\x15\xe5\xfc[\x92^\xaa\x1f>Qo^\xbe)\xe9s\
\xb2\xcf\xd4ht\xa6\xa4\x8b\x22\xc2s\xce\x00\x00[e\
;$\x1d\xa8\x9c\x8f\x90t\x84\xa4\x87K:`\xce1\
\xae\x92\xf42u\xdd_FD\x9a\xf3k/%\x0a\xc0\
:\xd8>T)\xbdi\xed\xde\xfc\xf3p\x93\x22\xce\x90\
}\xba\xba\xee\xf4\x888{N\xaf\x0b\x003a\xfb\x1e\
\xca\xf9(E\x1c%\xfbX\xcd\xef\x8e\xa7\xe7\xa9\xeb~\
#\x22\xce\x9a\xd3\xeb--\x0a\xc0v\xd8\xdeY9\xff\
\xa1\xa4\xff\x22ie\xe0\x97\xbbA\x11\x1fU\xce\xef\xd6\
h\xf4\xd1\x88\xb8a\xe0\xd7\x03\x80\xb9\xb0\xbd\x8bR:\
N]\xf7d\xd9\x8f\xd7\xf0\xf7F\x19Kz\x8d\xba\xee\
\x15<\x8dp\xdb(\x00\xdb\xb0v\xdb\xde\xb7H\xba\xe7\
\x80/\x93\x15\xf1\x09\xe5\xfcv\x8dF\x1f\xe1\xa4<\x00\
\x1b\xdd\xda\x03\xd0~N]w\x92\xec\xa3$u\x03\xbe\
\xdc7\xd4u'E\xc4\x17\x06|\x0dl\x14\xb6W\x9c\
\xd2\x8b\x9c\xd2-N\xc9\x03\xfd\xfc\xbbSz\x95\xedy\
\x1f#\x03\x80\x85a\xfb.k\x9f\xb7\x97\x0c\xf8y;\
^\xfb\xbc\xe5\xd1\xea\xd86\xdb\xf7t\xdf\x7fq\xb07\
b\xdf\x7f\xd1}\x7f\xa2m\xee\x10\x08\x00kl\xaf\xb8\
\xef\x9f\xe4\xbe\xff\xd2\x80\x9f\xbf\x9f\xe7K\x17\xb6\xca}\
\xff\x14\xa7t\xdd\x00o\xbc\xe4\x9c?h\xfb\xc8\xdas\
\x04\x80Eg\xfb\x11\xce\xf9CN)\x0f\xf0y|\xad\
\xfb\xfe\xc4\xdas\xc4\x82X\xdb\xe5\xff\xaaA\x1ag\xce\
\x7fo\xfb~\xb5\xe7\x08\x00\xcb\xc6\xf6A\xce\xf9=\x03\
\x15\x81\xd7sH\xa0q\xb6\xf7q\xdf\x7ff\x80\x85\xff\
T\xdb\x0f\xa8=?\x00Xv\xb6\x1f\xe4\x9cO\x1b\xe0\
s\xfa\x93\xb6\xf7\xae=?T`\xfb~N\xe9;3\
~S\x9d\xef\xf1\xf81\xb5\xe7\x06\x00\x1b\x8d\xc7\xe3\xc7\
9\xa5\xaf\xcd\xf83\xfb\xdb\xb6\x0f\xad=7\xcc\xd1\xda\
\x1b\xe9\xda\x19\xbe\x89\xaetJ\xcf\xb7=\xf4\xbd\x02\x00\
\xa0Yk\x87l\x9f\xe9\x94.\x9f\xe1\xe7\xf7u\xee\xfb\
\xe3j\xcf\x0ds\xe0\x94\x9e\xe3\x94\xfa\x19\xbdq\xb2S\
z\x8b\xed=j\xcf\x0b\x00Za{/\xa7\xf4\xf6\x19\
\x96\x80\xb1Szf\xedya \xb6\xc3)\xbdz\x86\
o\x98\x7f\xf1x|T\xedy\x01@\xab<\x1e\x1f\xed\
\x946\xcf\xf0s\xfd\x95\xb5\xe7\x84\x19\xb3\xdd9\xa5\xbf\
\x9e\xe1\xb7\xfe\xd7\xda\xde\xa5\xf6\xbc\x00\xa0u\xb6wu\
J\x7f\xee\xd9]-\xf0\xba\xb5\x87\x1ba\xd9\xd9\x1e9\
\xa5\xb7\xcc\xe8\x8dq\x99\xfb\xfe\xf8\xdas\x02\x00\xfc8\
\x8f\xc7\x8f\xf5\xea]Vg\xf1Y\xff\x0e\xce\xe9Zr\
\xb6wp\xce\xef\x9d\xc9\x1b\x22\xe7\x0fs\xc9\x08\x00,\
.\xdb\xfb8\xe7SgT\x02\xde\xcd\xbd\x02\x96\xd4\xda\
7\xffw\xcd\xe0M\xd0;\xa5\x97\xb1K\x08\x00\x16\xdf\
\xda\xf9^\xcf\xf7\xea\x89}\xd3~\xf1{?{\x02\x96\
\xcc\xda\x1b\xe0M3X\xfc\xbf\xe7\xf1\xf8\xb1\xb5\xe7\x03\
\x00(\xe3\xf1\xf8\x91N\xe9\xbb3X\x07\xdef{\xc8\
'\x16bV\xd6\x16\xffY\x9c\xf0w\xb6\xed\xfdj\xcf\
\x07\x000\x19\xdbwwJ\xe7\xcc`=x]\xed\xb9\
`\x1d<\x8bK\xfdV\x8f\xf7\xefZ{.\x00\x80\xe9\
\xd8\xde\xcd9\x9f2\x83\x12\xc0%\x82\x8b\xcc}\x7f\xf2\
\x0c~\xc9o\xe0\x98\x0f\x00l\x1ck\xe7\x84\xbdn\x06\
\xeb\xc3sj\xcf\x05[\xe1\xbe?\xce\xd3\xdd\xe1/;\
\xa5\x17\xd4\x9e\x07\x00`\x18N\xe9E\x9e\xee~\x01c\
\x8f\xc7G\xd7\x9e\x07~\xc4\xda\x83}\xae\x9br\xf1\xff\
\xed\xda\xf3\x00\x00\x0c\xcb)=\xcb)\xa5)\xd6\x8b\xef\
\xdb>\xac\xf6<\xa0\xb5\xeb>\xa7{\xaa_\xef\xbe\x7f\
Z\xedy\x00\x00\xe6\xc3}\x7f\xd2\x94{\x8c\xbf\xcd}\
a*\xb3\xbd\xe2\xbe\xff\xcc\x94\x8b\xff\x93j\xcf\x03\x00\
0_\xee\xfb'OU\x02r>\xdd\xf6\xa8\xf6<\x9a\
\xe5\x94\xfet\xaa\xdd\xfe}\xff\x8c\xdas\x00\x00\xd4\xe1\
\xbe\x7f\xda\x94\x87\x03\xfe\xb8\xf6\x1c\x9a\xe4\xbe\x7f\xca\x94\
\xc7\xfc\x9f]{\x0e\x00\x80\xba\xdc\xf7\xbf\xee\xc9O\x0c\
\xcc\xee\xfb\x13k\xcf\xa1)\xb6\xef\xe9\xe9N\xfa\xe3l\
\x7f\x00\x80\xa4\xff\xb8:`\xd2\xf5\xe4\x1a\xdb\xfb\xd7\x9e\
C\x13\xd6\x8e\xfb\x7fa\x8a_\xd6\xebk\xcf\x01\x00\xb0\
X\xbc\xfaH\xe1\xc9\xd6\x95\xbe?\x83\xf3\x01\xe6\xc0)\
\xbdb\xe2_R\xce\xa7r\x93\x1f\x00\xc0\xad\xd9\x1e9\
\xe7\xbf\x9b\xe2\xcb\xe5Kj\xcfaC\xb3}\xa4'?\
k\xf3,n\xef\x0b\x00\xd8\x16\xdb\xbby\xf2g\x07\x8c\
m\x1f^{\x0e%\x96\xe6\x11\xb7\xb6wV\xce\xe7K\
\xba\xe7\x04\xc3\xafT\xd7=(\x226\xcf:\x17\x00`\
\xe3\xb0\xbd\x9fr>[\xd2^\x13\x0c\xff'u\xdd\xa1\
\x11q\xd3\xacs\x0day\x1eq\x98\xf3\x1fj\xb2\xc5\
?)\xe7_f\xf1\x07\x00\xdc\x96\x88\xf8\xb6r~\x8a\
\xa44\xc1\xf0{)\xe7\xff>\xebLM\xb3}\xa8S\
\xbae\xc2\xdd2/\xac\x9d\x1f\x00\xb0\x5c\x9c\xd2\x8b\xa7\
8\x14p\xbf\xda\xf97\x04\xdb+\x13\x1f\x93Y}\xac\
\xef\xd2\x1c\xe6\x00\x00,\x06\xdb\xe1\x9cO\x9d\xf0\xaa\x80\
/sU\xc0\x0c8\xa5\xdf\x99\xb0\x85]\xca\xbd\x9a\x01\
\x00\x93Z{\xd6\xcce\x13\xaeA\xcf\xad\x9d\x7f\xa9\xd9\
\xde\xc3)]9\xc1_|v\xdf\x1fW;?\x00`\
\xb9y<>\xc6\x93\xdd)\xf0*\xdb{\xd6\xce\xbf\xb4\
\x9c\xd2_M\xd8\xbc^[;;\x00`cpJ\xaf\
\xdb\x88k\xd1\xc2\x1e\x1f\xb7}\x90r\xfeGI\xa57\
\xee\xb9D]wpD\x5c?D.\x00@[l\xef\
\xa2\x9c/\x90t\x8f\xc2\xa1\xbd\xba\xee~\x11\xf1\xd5!\
rMkq/\x03\xb4\xffT\xe5\x8b\xbf\x95\xf3\xc9,\
\xfe\x00\x80Y\x89\x88\x1b\x94\xf3$\xc7\xf4Wd\xf3\xc4\
\xc0\x12kw\xfc\x9bdw\xcb\xdf\xd4\xce\x0e\x00\xd8\x98\
\x9c\xd2;&Z\x9b\xec\x87\xd7\xce\xbe4\xdc\xf7\x9f\x9d\
\xe0/\xf9{\xb6\xf7\xa8\x9d\x1d\x00\xb01\xd9\xde\xdb)\
]U\xbc>\xe5|z\xed\xec[\xb3p\x87\x00<\x1e\
?N\x11\x93\xb4\xa5\x97D\xc4U3\x0f\x04\x00\x80\xa4\
\x88\xf8\x9e\xa4\x97\x15\x0f\xb4\x1f\xe3\xf1\xf8\x91\xb3\xce\xb3\
\xe1\xb8\xef\xbf8\xc1\xb7\xff\xf3\xb9\xe9\x02\x00`h\xb6\
79\xa5\x0b\x8b\xd7\xa9\xbe\xffl\xed\xec\x0b\xcd\xe3\xf1\
\xa3':\xbe2\x1e?\xaevv\x00@\x1b<\x1e?\
f\xc2s\x01\x8e\xa8\x9d}a9\xe7S&8\xb6r\
j\xed\xdc\x00\x80\xb68\xe7\x8fO\xb0^}\xb0v\xee\
\x85d\xfb\xdeN)\x15\xfe\x85f\xdb\x0f\xaa\x9d\x1d\x00\
\xd0\x16\xdb\x0ft\xf9\x1d\x02\xb3\xed\xfb\xd4\xce\xbe\xc5\xe2\
\x9c\x04\x98\xf3\x0bT\x9a'\xe2\x83\x11\xf1\x95a\x02\x01\
\x00\xb0u\x11q\x96\x22J\xf7@\x87r~\xde \x81\
&\xb0\x10w\x02\xb4\xbd\xa7r\xfe\x8e\xa4\x9d\x0a\x86e\
u\xdda\x11q\xc1P\xb9\x00\x00\xd8\x16\xdb\xf7S\xce\
g\xabl-\xbdQ]w\x97\x88\xb8z\xa8\x5c\xeb\xb5\
\x18{\x00r~\xba\xca\x16\x7f)\xe2C,\xfe\x00\x80\
Z\x22\xe2\xdc\x09\xf6\x02\xec\xac\x9c\x9f:H\xa0B\x8b\
\xb1\x07 \xa5\xafJ:\xa8hP\xd7\x1d\x19\x11g\x0e\
\x93\x08-\xb1\xbd\xa3r~\xa6\xec_V\xc4\xc1\x92v\
\xad\x9d\x09\x83\xb8^\xf6W\x15\xf1Nu\xdd\x1b\x22\xe2\
\x96\xda\x81\xb0\xfc<\x1e?R]\xf7\xe9\xc2a\x17\xc4\
ht\xc8 \x81\x0aT/\x00\xb6\x8fT\xce\x9f+\x1c\
\xf4\x95XYy\xf0@\x91\xd0\x10\xdbw\xd1\xea\x95$\
\x87\xd6\xce\x82\xb9:W]wBD\xfc[\xed X\
~\xee\xfb/*\xe2!E\x83\xba\xee\xf0\x88\xf8\xd2@\
\x91\xd6\x17\xa1\xe6\x8bK\x92r>y\x82Q\x7f2\xf3\
\x1ch\x8e\xed\x9d\x94\xf3G\xc5\xe2\xdf\xa2\xfb)\xe7S\
l\xefX;\x086\x84?+\x1e1\xd9\xda7SU\
\xf7\x00\xac=b\xf12I\xbb\x15\x0c\xbbT]\xb7_\
D\xf4C\xe5B\x1b\x9c\xd2\xefJ\xfa_\xb5s\xa0\xaa\
\xdf\x89\xd1h\xa1\x9f\xd9\x8e\xc5g{E9\x7fK\xd2\
O\x15\x0c\xbbN]\xb7OD\xdc8T\xae\xdbRw\
\x0f@J\xc7\xabl\xf1\x97\xa47\xb1\xf8cF\x9eV\
;\x00\xaa\xe3=\x80\xa9\xad\xadIo/\x1c\xb6\xbbR\
:z\x88<\xebU\xb7\x00t\xdd\x93\x0aGdu\x1d\
\x8f\xfc\xc5\xd4lw*=\xf1\x14\x1b\xd1\xc1k\xef\x05\
`:]\xf7FI\xb9hLD\xe9\x1a8S\xd5\xde\
\xf8\xb6w\x93\xfd\xf8\xa2A\x11\x9f\x88\x88K\x86I\x84\
\xc6\xec$iS\xed\x10\xa8n\x07\x95^\x82\x0clE\
D|S\x11\x9f)\x1c\xf6s\xb6\xab]uT\xaf\xf9\
\xae\xee\xfe\xdf\xb9hL\xceo\x1b&\x0c\x00\x00S\xca\
\xf9\xad\x85#vUJ\xc7\x0c\x11e=\xea\x15\x80\x88\
\x13\x0aG\xdc\xa0\xd1\xe8\x94A\xb2\x00\x000\xad\xd1\xe8\
\xef$\x95\x9d\xd4\x17q\xdc0an[\x95\x02\xb0v\
\xcc\xed\xa8\xa2A\x11\xa7F\xc4\xf5\xc3$\x02\x00`:\
\x11q\x9d\x22>^8\xecX\xdbU\xae\xc8\xab\xb5\x07\
\xe0A\x92\xeeT4\x22\xe7w\x0f\x13\x05\x00\x80\x19)\
_\xab\xf6U\xa5{\x91\xd4)\x009\x97\x1e\xf3\xb8Q\
\xa3\xd1\xc7\x06\xc9\x02\x00\xc0\xac\xac\x1e\xaa\xbe\xb9hL\
\xce\xc7\x0e\x13f\xfbVj\xbc\xa8\xec\xa3\x15\x05{<\
\x22\xfe!\x22n\x18.\x10p\x9bn\x88\xd1\x88g\x04\
,\x01\xa7\xf4\x03I\xbb\xd4\xce\x816E\xc4\xf5\xce\xf9\
s\xb2\xd7\x7f\x98\xdb>F\xd2\x1f\x0d\x97j\xeb\xe6\xbe\
\x07\xc0\xf6\xce\x8ax@\xe1 \xbe\xfd\x03\x00\x96\x83}\
Z\xd1\xf6\x11\x0f\xa9q[\xea\x1a\x87\x00\x1e\xac\xd5k\
o\xd7\xaf\xeb(\x00\x00\x80\xe5P\xbef\xed(\xa9\xec\
\x8b\xf1\x0c\xcc\xbf\x00\xe4\xfc\xb0\xc2\x11\xdf\x8c\x88o\x0c\
\x92\x05\x00\x80\x19\x8b\x88\x0b%\xfdk\xd1\xa0\x9c\x8f\x18\
&\xcd\xb6\xcd\xbf\x00D\x1cY8\xe2\xb3\x83\xe4\x00\x00\
`8e\x8f\xb9\x8fh\xa0\x00\xd8e\xcfL\xb6??\
P\x12\x00\x00\x86rf\xd1\xd6v\xe9\xde\xf1\xa9\xcd\xb5\
\x00\xd8\xdeO\xd2\x9eE\x83F\xa33\x86I\x03\x00\xc0\
@\xba\xaet\xed\xda\xdb\xf6\x9d\x07\xc9\xb2\x0d\xf3\xdd\x03\
\x90\xd2}\x0bG\x5c%\xe9\xebCD\x01\x00`@_\
\x95tM\xd1\x88\xbe?d\x98([7\xdf\x02\x10q\
X\xe1\xf6gG\x84\x07J\x03\x00\xc0 \x22\x22+\xe2\
\xdc\xa2A]w\xf0@q\xb6\xfer\xf3|1Ie\
\x93\xb3\xcf\x1f(\x07\x00\x00\xc3*_\xc36t\x018\
\xa8hk\xfb\x82\x81r\x00\x000\xac\xf25\xac\xf40\
\xf9T\xe6]\x00\x0e(\xdaz4b\x0f\x00\x00`9\
\x95\xafa?=H\x8em\x98[\x01\xb0\xbd\xb7\xa4\xdd\
\x0a\x86dI\x17\x0d\x14\x07\x00\x80\xa1](\xa9\xe4<\
\xb6\xdb\xdb\xbe\xe3Panm\x9e{\x00\xca\xbe\xfdK\
\x97F\xc4M\x83$\x01\x00``\x11\xf1\x03I\xdf+\
\x1c\xb6\xff\x00Q\xb6j~\x05 \xa5\xb2\x02`_2\
L\x10\x00\x00\xe6\xc4\xde\x5c\xb4}\xe9Z9\x85\xf9\x15\
\x80\x88\xfd\x0a\xb7/\xfbK\x03\x00`\xd1D|\xb3p\
\xfb\xfd\x07\xc9\xb1\x15\xf3<\x04p\xa7\xc2\xed/\x19\x22\
\x04\x00\x00stI\xe1\xf6\xa5k\xe5\xc4\xe6Y\x00\xf6\
*\xdc\xfe\xd2AR\x00\x000?\xdf-\xdc\xbe\xecv\
\xf9SX\x99\xd7\x0b)b/\xb9\xe0dH\xfb\x8a\xe1\
\xc2\xc0}\x7f\x9c\xba\xee\xd9k\x0fg*-g\xcb/\
\xe7\xd2\x11\xbb8%\xeeJ\xb9\x11\xe5\xfc\x03\xa7T;\
E\x0dW(\xe2\x8b\xca\xf9\xafbe\xe5\xa3\xb5\xc3l\
X\xf6\x15\x8aX\xff\xf6\x11s\xfb<\x9e\xdf\x1e\x80\x9c\
\xcb&E\x01\x18\x84\xed\x15\xa7\xf4VE\x9c\x22\xfb8\
\xb5\xb8\xf8\x03\x90\xa4\xbdd\x1f\xaf\x88S\x9d\xd2[l\
\xcf\xef\x0baKJ\xd7\xb2\xd2\xb5r\x0a\xf3<\x09p\
\x8f\xa2\xedWV\xae\x1c(I\xdbr~\x8d\xa4\x93j\
\xc7\x00\xb0P~U9\xbf\xbav\x88\x0die\xa5\xac\
\x00D\xcc\xed\x10\xc0<\xcf\x01\xd8\xa5p\xfb\xab\x07I\
\xd10\xdb\x07J\xfa\xad\xda9\x00,\xa4\xe7\xd9\xfe\xd9\
\xda!6\xa0\xd2\xb5\xact\xad\x9c\xd8<\x0b\xc0\x8e\x85\
\xdbs\x13\xa0Y\xcb\xf9\xc9\x92F\xb5c\x00XH\xa3\
\xb5\xcf\x08\xccV\xe9ZV\xbaVNl\x9e\x05`\x87\
\xc2\xedo\x1e$E\xcb\x22\xca\x1e\xc6\x04\xa0-|F\
\x0c\xa1t-\xa3\x00H\xbae\x90\x14m\xe3,v\x00\
\xdb\xe6\x92K\xb5\xb0N\x14\x00Q\x00\xea\xb3/\xac\x1d\
\x01\xc0B\xe33b\xf6(\x00*<\xf6\x1c\x11M^\
\x98;\xa8\xae\xfb\x7f\x92\xf8{\x05\xb05i\xed3\x02\
3\x14\x11}\xe1\x90\xb9\x9d\xa75\xcf\x02\x80\xca\x22\xe2\
\x22I\x7f^;\x07\x80\x85\xf4\xda\x88\xb8\xb8v\x08\xcc\
\x0f\x05\xa05]\xf7BIo\xab\x1d\x03\xc0By\x8b\
\xba\xeeE\xb5C`\xbe\x0a\xeeO8\x9d\xd2\xdb\xa8\xc6\
h4\xb7l-r\xdf\x1f\xab\xae{\x8e\xec\x07k\x8e\
\x0f\x9f\x00\xb00.W\xc4\x97\x94\xd2_\xc6\xa6M\xa7\
\xd5\x0e\xb3\x91-\xea\xfaG\x01\x00\x00`@\x8b\xba\xfe\
q\x08\x00\x00\x80\x06Q\x00\x00\x00h\x10\x05\x00\x00\x80\
\x06Q\x00\x00\x00h\x10\x05\x00\x00\x80\x06Q\x00\x00\x00\
h\x10\x05\x00\x00\x80\x06Q\x00\x00\x00h\x10\x05\x00\x00\
\x80\x06Q\x00\x00\x00h\x10\x05\x00\x00\x80\x06Q\x00\x00\
\x00h\x10\x05\x00\x00\x80\x06Q\x00\x00\x00h\xd0J\xed\
\x00X\x0e\xb6W\x94\xd2\x89\x8a8A\xf6\xfe\x8a\xd8\xa1\
v&\x00k\xec\x9b\x14q\x9e\xba\xeeo#\xe2\x8b\xb5\
\xe3`9\xcc\xe5\x99\xc3\xd2\xe2>\x0f\x19\xb7\xcd\xf6O\
+\xe7\x0fH:\xa4v\x16\x00\xb7\xe9\xcd\xea\xba\xe7D\
\xc4-\xb5\x83`\xd5\xa2\xae\x7f\xec\x01\xc0v\xd9\xdeW\
9\x7fZ\xd2\xddjg\x01\xb0.\xcfP\xce\xbbJ\xfa\
\xa5\xdaA\xb0\xd88\x07\x00\xdb\x97\xf3\x1f\x8b\xc5\x1fX\
6Oq\xdf\x9fP;\x04\x16\x1b\x05\x00\xdbd\xfb\xf6\
\x92\x9eR;\x07\x80\x09t\xddo\xd6\x8e\x80\xc5F\x01\
\xc0\xf6\x1c&\x89\x93\xfd\x80ed?\xa4v\x04,6\
\x0a\x00\xb6-\xa5=jG\x0001\xfe\xfdb\xbb(\
\x00\xd8\x1e\xae\xc4\x00\x96\x17\xff~\xb1]\x14\x00\x00\x00\
\x1aD\x01\x00\x00\xa0A\x14\x00\x00\x00\x1aD\x01\x00\x00\
\xa0A\xdc\x09\x10\xb3\x13\xf1iE\xbc\xb0v\x0c`\xc3\
\xb2\xffD\xf6\xa3j\xc7\xc0\xc6@\x01\xc0,]\x1d\x11\
g\xd7\x0e\x01lT\xce\xf9\xea\xda\x19\xb0qp\x08\x00\
\x00\x80\x06Q\x00\x00\x00h\x10\x05\x00\x00\x80\x06Q\x00\
\x00\x00h\x10\x05\x00\x00\x80\x06Q\x00\x00\x00h\x10\x05\
\x00\x00\x80\x06Q\x00\x00\x00h\x10\x05\x00\x00\x80\x06Q\
\x00\x00\x00h\x10\x05\x00\x00\x80\x06Q\x00\x00\x00h\x10\
\x05\x00\x00\x80\x06Q\x00\x00\x00h\x10\x05\x00\x00\x80\x06\
Q\x00\x00\x00h\x10\x05\x00\x00\x80\x06Q\x00\x00\x00h\
\x10\x05\x00\x00\x80\x06Q\x00\x00\x00h\x10\x05\x00\x00\x80\
\x06Q\x00\x00\x00h\x10\x05\x00\x00\x80\x06Q\x00\x00\x00\
h\x10\x05\x00\x00\x80\x06Q\x00\x00\x00h\x10\x05\x00\x00\
\x80\x06Q\x00\x00\x00h\x10\x05\x00\x00\x80\x06Q\x00\x00\
\x00h\x10\x05\x00\x00\x80\x06Q\x00\x00\x00h\x10\x05\x00\
\x00\x80\x06Q\x00\xd0\x14\xdb;:\xa5\xe7\xb9\xef\xbf\xe8\
\x94\xaewJ\xd7\xaf\xfd\xf7o\xdb\xde\xb1v\xbe\xa11\
\xff\xb6\xe7\x0fT\xe1\x94\x5c\xf2S;/$\xf7\xfd/\
\x14\xfd\xder~\x7f\xed\xcc\xdbc\xfb.N\xe9\x1f\xb7\
3\x87sm\xdf\xa5v\xce\xa10\xff\xe5\x9f\xbfs~\
?\x9f\xa3\xcbgQ\xd7?\xf6\x00\xa0\x09\xb6wT\xce\
\xa7J:t;\x9b\x1d\xa6\x9cO\xd9\x88\xdf\x04\x99\x7f\
\xdb\xf3\x07\xb6\x86\x02\x806\xe4\xfc,m\xff\xc3\x7f\x8b\
\xc3\x94\xf3\xc9C\xc7\x99;\xe6\xdf\xf6\xfc\x81\xad\xa0\x00\
\xa0\x0d\xf6\xaf\x0c\xb2\xed\xb2`\xfem\xcf\x1f\xd8\x0a\x0a\
\x00\xda\x10q`\xc1\xb6\xf7\x1d0I\x1d\xcc\xbf\xed\xf9\
\x03[A\x01@+v\x1bh\xdbe\xc1\xfc\x87\xd9\x16\
XZ\x14\x00\x00\x00\x1aD\x01\x00\x00\xa0A\x14\x00\x00\
\x00\x1aD\x01\x00\x00\xa0A\x14\x00\x00\x00\x1aD\x01\x00\
\x00\xa0A\x14\x00\x00\x00\x1aD\x01\x00\x00\xa0A\x14\x00\
\x00\x00\x1aD\x01\x00\x00\xa0A\x14\x00\x00\x00\x1aD\x01\
\x00\x00\xa0A\x14\x00\x00\x00\x1aD\x01\x00\x00\xa0A\x14\
\x00\x00\x00\x1aD\x01\x00\x00\xa0A\x14\x00\x00\x00\x1aD\
\x01\x00\x00\xa0A\x14\x00\x00\x00\x1aD\x01\x00\x00\xa0A\
\x14\x00\x00\x00\x1aD\x01\x00\x00\xa0A\x14\x00\x00\x00\x1a\
D\x01\x00\x00\xa0A\x14\x00\x00\x00\x1aD\x01\x00\x00\xa0\
A\x14\x00\x00\x00\x1aD\x01\x00\x00\xa0A\x14\x00\x00\x00\
\x1aD\x01\x00\x00\xa0A\x14\x00\x00\x00\x1aD\x01\x00\x00\
\xa0A\x14\x00\x00\x00\x1aD\x01\x00\x00\xa0A\x14\x00\x00\
\x00\x1aD\x01\x00\x00\xa0A\x14\x00\x00\x00\x1aD\x01\x00\
\x00\xa0A\x14\x00\x00\x00\x1aD\x01\x00\x00\xa0A\x14\x00\
\x00\x00\x1aD\x01\x00\x00\xa0A\x14\x00\x00\x00\x1aD\x01\
\x00\x00\xa0A\x14\x00\x00\x00\x1aD\x01\x00\x00\xa0A\x14\
\x00\x00\x00\x1aD\x01\x00\x00\xa0A\x14\x00\x00\x00\x1aD\
\x01\x00\x00\xa0A\x14\x00\x00\x00\x1aD\x01\x00\x00\xa0A\
\x14\x00\x00\x00\x1aD\x01\x00\x00\xa0A\x14\x00\x00\x00\x1a\
D\x01\x00\x00\xa0A\x14\x00\x00\x00\x1aD\x01\x00\x00\xa0\
A\x14\x00\x00\x00\x1aD\x01\x00\x00\xa0A\x14\x00\x00\x00\
\x1aD\x01\x00\x00\xa0A\x14\x00\x00\x00\x1aD\x01\x00\x00\
\xa0A\x14\x00\x00\x00\x1aD\x01\x00\x00\xa0A\x14\x00\x00\
\x00\x1aD\x01\x00\x00\xa0A\x14\x00\x00\x00\x1aD\x01\x00\
\x00\xa0A\x14\x00\x00\x00\x1aD\x01\x00\x00\xa0A\x14\x00\
\x00\x00\x1aD\x01\x00\x00\xa0A\x14\x00\x00\x00\x1aD\x01\
\x00\x00\xa0A\x14\x00\x00\x00\x1aD\x01\x00\x00\xa0A\x14\
\x00\x00\x00\x1aD\x01\x00\x00\xa0A\x14\x00\x00\x00\x1aD\
\x01\x00\x00\xa0A\x14\x00\x00\x00\x1aD\x01\x00\x00\xa0A\
\x14\x00\x00\x00\x1aD\x01\x00\x00\xa0A\x14\x00\x00\x00\x1a\
D\x01\x00\x00\xa0A\x14\x00\x00\x00\x1aD\x01\x00\x00\xa0\
A\x14\x00\x00\x00\x1aD\x01\x00\x00\xa0A\x14\x00\x00\x00\
\x1aD\x01\x00\x00\xa0A\x14\x00\x00\x00\x1aD\x01\x00\x00\
\xa0A\x14\x00\x00\x00\x1aD\x01\x00\x00\xa0A\x14\x00\x00\
\x00\x1aD\x01\x00\x00\xa0A\x14\x00\x00\x00\x1aD\x01\x00\
\x00\xa0A\x14\x00\x00\x00\x1aD\x01\x00\x00\xa0A\x14\x00\
\x00\x00\x1aD\x01\x00\x00\xa0A\x14\x00\x00\x00\x1aD\x01\
\x00\x00\xa0A\x14\x00\x00\x00\x1aD\x01\x00\x00\xa0A\x14\
\x00\x00\x00\x1aD\x01\x00\x00\xa0A\x14\x00\x00\x00\x1aD\
\x01\x00\x00\xa0A\x14\x00\x00\x00\x1aD\x01\x00\x00\xa0A\
\x14\x00\x00\x00\x1aD\x01\x00\x00\xa0A\x14\x00\x00\x00\x1a\
D\x01\x00\x00\xa0A\x14\x00\x00\x00\x1aD\x01\x00\x00\xa0\
A\x14\x00\x00\x00\x1aD\x01\x00\x00\xa0A\x14\x00\x00\x00\
\x1aD\x01\x00\x00\xa0A\x14\x00\x00\x00\x1aD\x01\x00\x00\
\xa0A\x14\x00\x00\x00\x1aD\x01\x00\x00\xa0A\x14\x00\x00\
\x00\x1aD\x01\x00\x00\xa0A\x14\x00\x00\x00\x1aD\x01\x00\
\x00\xa0A\x14\x00\x00\x00\x1aD\x01\x00\x00\xa0A\x14\x00\
\x00\x00\x1aD\x01\x00\x00\xa0A\x14\x00\x00\x00\x1aD\x01\
\x00\x00\xa0A\x14\x00\x00\x00\x1aD\x01\x00\x00\xa0A\x14\
\x00\x00\x00\x1aD\x01\x00\x00\xa0A\x14\x00\x00\x00\x1aD\
\x01\x00\x00\xa0A\x14\x00\x00\x00\x1aD\x01\x00\x00\xa0A\
\x14\x00\x00\x00\x1aD\x01\x00\x00\xa0A\x14\x00\x00\x00\x1a\
D\x01\x00\x00\xa0A\x14\x00\x00\x00\x1aD\x01\x00\x00\xa0\
A\x14\x00\x00\x00\x1aD\x01\x00\x00\xa0A\x14\x00\x00\x00\
\x1aD\x01\x00\x00\xa0A\x14\x00\x00\x00\x1aD\x01\x00\x00\
\xa0A\x14\x00\x00\x00\x1aD\x01\x00\x00\xa0A\x14\x00\x00\
\x00\x1aD\x01\x00\x00\xa0A\x14\x00\x00\x00\x1aD\x01@\
+\xae\x1ah\xdbeQ2\xa7+\x06KQ\xcf5\x05\
\xdbn\xc4\xf9\x03?\x81\x02\x806D\x9cU\xb0\xed9\
\x03&\xa9\xa3l\xfe_\x190I\x1d%\xbf\xd3\x8d8\
\x7f`+(\x00hC\xceo(\xd8\xf6\xcd\x03&\xa9\
\xa3l\xfe\xaf\x1f0I\x1d9\xbf\xa9`\xdb\x8d7\x7f\
`+(\x00h\xc3h\xf4\x01E|\xe06\xb7\x8b\xf8\
\xa8F\xa3w\xcf!\xd1|\xad\x7f\xfe\xef\x8b\x95\x95\x0f\
\xcd!\xd1|\x8dF\xefV\xc4\xc7ns\xbb\x8d:\x7f\
`+(\x00hBDX\x11O\x95\xf4\x8e\xedl\xf4\
~E<9\x22<\xbfd\xf3\xb1\xae\xf9KoW\xc4\
\xd3\xe6\x95i\x9e\x22\x22+\xe2I\xb7Q\x826\xec\xfc\
\x81\xadY\xa9\x1d\x00\x98\x97\x88\xb8Q\xd2\xd3l\xbf^\
9?]\xf6\xc1\x92B\x11\x17*\xe7w\xc6\xa6M\x9f\
\xac\x9dqH\xdb\x98\xbf\x14q\x81\xba\xeem\x11qf\
\xdd\x84\xc3\x8a\x88\xeb%=\xd1\xe3\xf1Q\xea\xba_\x91\
}\x1fIne\xfe\xc0\xadQ\x00\xd0\x9c\x888C\xd2\
\x19\xb5s\xd4\xd2\xfc\xfc7m:]\xd2\xe9\xb5s\x00\
\xb5q\x08\x00\x00\x80\x06Q\x00\x00\x00h\x10\x05\x00\x00\
\x80\x06Q\x00\x00\x00h\x10\x05\x00\x00\x80\x06Q\x00\x00\
\x00h\x10\x05\x00\x00\x80\x06Q\x00\x00\x00h\x10\x05\x00\
\x00\x80\x06Q\x00\x00\x00h\x10\x05\x00\x00\x80\x06\xcd\xb3\
\x00\xa4\x92\x8dm\x8f\x86\x0a\x02\x00\xc0<\xd8.}\xe6\
N\xd1Z9\x8dy\x16\x80[\x0a\xb7\xdfa\x90\x14(\
\xd1\x17nOi\x03\x86U\xf2oln\x0b\x09\xb6k\
\xc7\xc2\xedo\x1e$\xc5VP\x00\xb0m\xf6u\x85#\
v\x1b$\x07\x80-nW\xb0\xed\xb5\x83\xa5@\x09\x0a\
\x80\xca\x0b@\xe9_\x1afme\xa5\xac\x00\xe4\x5c\xf2\
\xe1\x04\xa0\x94]\xf2o\xec\xfb\x83\xe5@\x09\x0a\x80\xca\
'\xb5\xd3 )P\xa2\xec\x03$\xe2n\x03\xe5\x00\xb0\
j\xbf\x82m\xd9\x03\xb0\x18J\xd7\xb2\x0dY\x00n(\
\xdc\xfe\x8e\x83\xa4@\x89\x7f\x97\xe4\x82\xed\xf7\xb5}\x87\
\xa1\xc2\x00-\xb3\xbd\xa7\xa4\xbd\xd7= \xe2\xdf\x87K\
\x83\x02\xa5kY\xe9Z9\xb1\xf9\x15\x00\xfb\x8a\xa2\xed\
\xfb~\xaf\x81\x92`\x9d\x22\xe2zI\xffV8\xec\xe0\
!\xb2\x00\xcd\xeb\xfbC\x8a\xb6\xb7\xbf>P\x12\x94\xe8\
\xfb\xf5\x976I\xb2\xbf7P\x92\x9f0\xbf\x02\xd0u\
W\x16m\x1fA\x01X\x04\x11\x17\x17m\x9f\xf3\xa3\x06\
J\x02\xb4\xad\xeb\xca\xfem\xd9\x17\x0d\x94\x04%J\xd7\
\xb2\xd2\xb5r\x0a\x8b\xbb\x07\x80\x02\xb0\x18\xec\x0b\x0b\xb7\
?j\xa0$@\xdbJ\xffm\x8dF\x14\x80EP\xba\
\x96\x95\xae\x95S\x98\xe79\x00\xa5\xadf\xdfAR\xa0\
\x8c\xfd\xb9\xa2\xed#\x8e\xb0\xcd\xc9\x80\xc0\x0c\xd9\xbe\xbb\
\x22\x1eR0\xe4&Ig\x0f\x95\x07E\xf6)\xdc\xfe\
\xaaARl\xc5<\x0b\xc0\xe5\x85\xdb\x1f0H\x0a\x94\
\x19\x8d>-)\x17\x8c\xe8\x94\xf3S\x87\x8a\x034i\
\xf5\xdf\xd4\xfa?\xaf#\xce\x8c\x88\x1b\x87\x0b\x84\x02\xa5\
kY\xe9Z9\xb1y\x1e\x02\xf8V\xe1\xf6\xfb\x0f\x13\
\x04%\x22\xe2\x0aI\x17\x14\x0e{\xb6mn\xe4\x04\xcc\
\xc0\xda\xbf\xa5g\x16\x0e\xfa\xe40iP\xcc\xbeG\xe1\
\xf6\x9b\x07J\xf2\x13\xe6W\x00F\xa3K\x8a\xb6\x8f`\
\x0f\xc0\xe2\xf8p\xe1\xf6wSJO\x1b$\x09\xd0\x9a\
\x9c\x7fMe\xd7\xffK]w\xca0aP\xact-\
+]+\xa7\x10\xf3z!\xdb{+\xe7\x92]\x1bV\
\xd7\xed\xcan\xac\xfal\xff\x8cr\xbeXe\xef\x97o\
\xab\xeb\x0e\x8c\x88\x1f\x0c\x95\x0b\xd8\xe8l\xef\xa6\x9c/\
\x92t\xd7\x82a\xe7\xc6ht\xff\xa12a\xfd\xd6~\
\x7fewT\xed\xba=\x22\xe2\xea\x81\x22\xfd\xf8K\xcd\
\xe3E$)\x22\xbe'\xe9\xfa\x92!\x92\xee3P\x1c\
\x14\x88\x88o\xc8\xfeb\xe1\xb0\xfd\x94\xf3\x7f\x1f$\x10\
\xd0\x8a\x9c_\xa6\xb2\xc5_\x92\xde>@\x12L\xe6\xa0\
\xc2\xed\xaf\x9d\xd7\xe2/\xcd\xf7$@I\xfaf\xd1\xd6\
)\x95\xdd\xf8\x02Cz\xf3\x04c~\xcf\xf6\xe13O\
\x024\xc0\xf6\xc3$=\xbfp\xd8M\xea\xba\xff;D\
\x1eL \xa5\xd2\x1b\xa3\xfd\xcb 9\xb6a\xde\x05\xe0\
\xabE[GP\x00\x16\xc5h\xf4vI\xdf.\x1c\xb5\
I9\xbfg\xed\x16\xa6\x00\xd6\xc9\xf6\x1d\x95\xf3;%\
\x95>K\xfe\xcd\x111\xb7\xb3\xc8q\x1b\xca\xd7\xb0\xd2\
\x13\xae\xa72\xef\x02P69\x0a\xc0\xc2\x88\x88\xb1\xa4\
\xff=\xc1\xd0\xbb)\xa5\xf7\xd9\xe6\xe1N\xc0:\xd8\xde\
A\xf6{$\xed_8t\xac\xae{\xcd\x00\x910)\
\x9b\x02\xf0\x1f\xec\xf3\x0b\xb7\xbf\xbf\xed\xb9\x9d\xa8\x88\xdb\
\xd0uo\x94\xf4\xdd\xe2q\x11\x8f\x94\xfd\x0e\xdb\xa5\xdf\
f\x80\xa6\xd8^\x91\xfd\xae\x09\xef\xa8\xf9\xd6\x88\xb8d\
\xd6\x990\x19\xdb\x9d\x22\x0e+\x1a\x94\xf3\x06.\x00\xa3\
QY\x01X}\x8a\xd2\x81CDA\xb9\x88\xb8A\xf6\
\x7f\x9dh\xb0\xfdD\xd9\x1f\xb4\xbd\xcb\x8cc\x01\x1b\x82\
\xed]d\x7fP\xf6/L0\xfc\xfb\xea\xba\x97\xce<\
\x14\xa6q\x88\xa4\xdb\x17\x8dXY9o\x98([7\
\xd7\x02\x10\x11\xdf\x91Tv\x9f\xe3\x9c\x8f\x18&\x0d&\
2\x1a\xbdC\xf6g&\x1ak\x1f\xaf\x94N\xb7]z\
V3\xb0\xa1\xd9\xbe\x9bR\xfa\x94\xec\xe3'\xfc#^\
\x1c\x11\x97\xce4\x14\xa6\x93\xf3\xc3\x0aG\x5c\x1e\x11\x97\
\x0d\x92e\x1b\xe6}\x0e\x80\x14Qz9\x19\x05`\x81\
D\x845\x1a=W\xd2\xcd\x13\xfe\x01\x0fU\xce\xe7\xba\
\xef\x8f\x9bm2`9\xb9\xefOP\xce\xe7\x16\xde\xeb\
\xffG\xfe\x00\x7fE]\xf7\xd73\x8e\x85\xe9\x1dY\xb4\
u\xc4\x99\x03\xe5\xd8\xa6\xf9\x17\x00\xbbt\x92\x0f\x1f$\
\x07&\x16\x11\x17J\xfa\xbd)\xfe\x88\xbd\x14q\x8as\
\xfe\x88\xed\xb2;\x9c\x01\x1b\x84\xed\x9frJoW\xc4\
\x87%Mz\xa5\xcc\xf5\x1a\x8d\x9e\x16\x11i\x96\xd90\
\x13ek\x97\xfd\xf9\x81rl\xd3\xfc\x0b@\xd7\x95\x16\
\x80\x03l\xdfk\x90,\x98X\x8cF\x7f!i\xba\xeb\
\x8d\xed\xe3\x95\xf3?9\xa5\xd7sX\x00\xad\xb0\xbd\x8f\
Sz\x95r\xfe\x86\xa4\xe9n\x99m?+\x22.\x9e\
M2\xcc\x8a\xed\x83Tz\x03\xa7\xae;c\x984\xdb\
y\xc9y\xbf\xa0\xa4/\xabt\xf7q\xce\xc7\x0e\x13\x05\
S\xe9\xba\xe7H\x9a\xf6\x99\xe3;Jz\xa6r\xfe\x17\
\xe7\xfc\x01\xf7\xfd\x13l\xef<\x83t\xc0\xc2\xb0\xbd\xb3\
\xfb\xfe\xe7\x9d\xf3\x07\x95\xf3\xb7%\xbdH\xd2\xb4'\xc4\
\xbe6VV\xb8\xe9\xcf\x22*_\xb3n\x94t\xce\x10\
Q\xb6\xa7\xca%v\xee\xfb3\x15\xb1\xfe\x13$\x22>\
\x1e]w\xcc\x80\x910!\xdb\xfb)\xe73U~\xbb\
\xd2\xed\xb9I\x11\x9f\x97}\x86\xec\x0b5\x1a]\xac\xd5\
Gd~?\x22Jn'\x0d\xcc\x95\xed\xdd$\xddN\
\xd2>J\xe9^\x8a8P\x11\x0f\x97\xfdPI\xb3\xbb\
\x17F\xc4\xfb\x14\xf1\xe4\x88(yT7\xe6\xc49\x9f\
.\xfb1\xeb\x1f\xe0\xcf\xc4\xca\xca\xa3\x06\x8c\xb4Uu\
\x0a@J/\x91\xf4\x87\x05CnR\xd7\xed\xc5\x83e\
\x16\x93\xed\x03\x95\xf3\xe7$\xedQ;\x0b\xb0\xe1\xd9\x9f\
\xd1htlD\xdcT;\x0a~\x92\xed\xdd\x95\xf3\x15\
\x92J\x1e\x89\xfe\xfb1\x1a\xbdj\xa8L\xdbR\xe3\x10\
\x80\xd4u\x1f+\x1c\xb1\x93Rz\xfc Y0\xb5\x88\
\xb8P]\xf7X\xad~K\x070\x94\x88\xd35\x1a\xfd\
\x1c\x8b\xff\x02K\xe9\x04\x95-\xfe\x93\xac\x893Q\xa7\
\x00Hg\xabt\xb1\xe8\xba'\x0f\x13\x05\xb3\x10\x11\xe7\
\xa8\xeb\x0e\x97\xf4\x8d\xdaY\x80\x0d)\xe2\x83\x8a8!\
\x22\xca\x1e/\x8b\xf9*_\xab.\x95Tz\x93\xbc\x99\
\xa8R\x00\xd6\x8e[}\xa2h\x90}\x9c\xed\xdb\x0d\x93\
\x08\xb3\x10\x11\x9b\xd5u\x8f\x90\xfd\x85\xdaY\x80\x0d\xc4\
\x92^\xad\x88_\xe4\x9b\xffb\xb3};\xd9\x8f+\x1c\
\xf6\xb1\x88\xf0 \x81nC\xad=\x00\x92}J\xe1\x88\
\x9d\x94\xd2\xa4w\xc9\xc2\x9cD\xc4w5\x1a=B\xab\
\xe7xp\x82\x120\x9dke\x9f\x18\xa3\xd1\x8b8\xe1\
o\x09\xa4\xf4\xf3*=\xd9\xd3>u\x980\xb7\xad\xda\
\x83vl\xef\xa2\x9c/\x97\xb4\xeb\xba\x07E|\x22\xba\
\xee\xe8\xe1Ra\x96\xdc\xf7\xc7)\xe2\x0d\x92~\xaav\
\x16`\xe9D|J\x11\xbf\x1e\x11\xdf\xaa\x1d\x05\xeb\xe3\
\x9c?%\xbb\xe4l\xfe\xeb\xd4u\xfbD\xc4\x8d\x83\x85\
\xda\x8ej{\x00\x22\xe2\x06E|\xb4h\x90\xfdX\xdb\
?=P$\xccX\xac\xac\x9c\xaa\xae\xbb\x97V\xf7\x06\
\xdcR;\x0f\xb0$\xbe+\xfb$E\x1c\xc5\xe2\xbf<\
l\xdfC\xf6#\x0b\x87}\xb8\xd6\xe2/\xd5<\x04 \
I9\xbf\xbbpD(\xe7_\x1d\x22\x0a\x86\x11\x11?\
\x88\xd1\xe8e\xea\xba\x07\xad\xdd\xf2\xb4\xca\xb1.`\x09\
\x5c'\xe9\x7f\xaa\xeb~6VV\xde^\xeb\xb80&\
\x94\xf33U\xbaW\xdd.]\x03g\xaa\xda!\x00I\
\xb2\xbd\x93r\xbeL\xab7\xceX\xafK\xd5uw\x8f\
\x88\xf1P\xb90\x1c\xdb\x87(\xe7\x17K\xfaEI\xa3\
\xday\x80\x05p\xb5\xa4?W\xd7\xbd6\x22\xae\xaa\x1d\
\x06\xe5l\xaf\xac\xdd\xe1\xf1\xce\x05\xc3\xaeQ\xd7\xed\x1b\
\x11\x93=Xm\x06\xaa\xee\x01X;\xa3\xf5\x03\x85\xc3\
\xee\xbcv\xa2\x05\x96PD\x9c\x1f\xa3\xd1S\xd4u\xfb\
I\xfa\x1dI\xe7\xd6\xce\x04T\x90\x15q\xba\xec\x93\xd4\
uw\x8d\xd1\xe8\xa5,\xfeK,\xa5\x13U\xb6\xf8K\
\xd2{k.\xfeR\xe5=\x00\x92d\xfbak\xb7\x92\
-\x19tV\xac\xac<h\xa0H\x983\xdb\x07+\xe7\
\xc7*\xe2\xd1\xb2\x1f!i\xf7\xda\x99\x80\x01|G\xd2\
\xe9\xb2O\xd7h\xf4\xf7\x11\xc1\x8d\xb36\x08\xa7t\xb6\
\xa4\xfb\x17\x0d\xea\xba\x07G\xc4W\x86I\xb4>\xd5\x0b\
\x80$9\xa5\xafJ:\xa8hP\xd7\xfd\xa7\x88\xf8\xec\
0\x89P\x8b\xed\x15I\xf7RJ?\xab\x88{I\xba\
\xb7\x22n/iw\xd9w\xd4\xea\xe1\x22\x0e\x1d`\x11\
\xf5\xb2\xafU\xd7]#\xe9\x1a\xd9\x97I\xfa'\xe5|\
\x91VV.\x8a\x88\x7f\xab\x1d\x10\xb3\xe7\xf1\xf81\xea\
\xba\xd3\x0b\x87\x9d\x1f\xa3\xd1\xa1\x83\x04Z6N\xe9w\
\x9c\x92\x8b~r\xfeP\xed\xdc\x00\x80\xb69\xe7\x8f\x15\
\xaf_)=\xb7vniQ\xf6\x00\xd8{(\xe7\xef\
H*y\x0clV\xd7\xdd?\x22\xce\x1b*\x17\x00\x00\
\xdbb\xfb\x01\xca\xf9+*[KoP\xd7\xdd5\x22\
\xae\x1e*\xd7z\xd5\xbd\x0cp\xcd\xda\xc9/\x7f[8\
\xac\x93]\xf2DA\x00\x00f\xc7~\x85\xca\xbfH\xbf\
e\x11\x0c5\xc0\x14\x00\x00\x09\x84IDAT\x16\xff\
\x85b\xfb^N)\x15\xefJ\xb1\x1fR;;\x00\xa0\
-\xb6\x1f:\xc1\xae\xff\xde\xf6=kg\xdfb!\xf6\
\x00HRD\xfc\x93\x22J\x9f\x0f \xf6\x02\x00\x00\xe6\
n\xf5\xdb\x7f\x99\x88\x0fE\xc4?\x0f\x90f\xf9\xd9~\
\xc4\x04\x8d\xca\x1e\x8f\x8f\xa9\x9d\x1d\x00\xd0\x06\xf7\xfdq\
\x13\xadU\xf6Ckg_h\xee\xfb3'\xf8\x8b\xfd\
\xda\xda\xe5c\x00\x00\x0c\xc6\xf6&\xa7\xf4\xf5\xe2u\xaa\
\xef?];\xfb\xad-\xcc!\x80\xff`\xbfd\x82Q\
\x07*\xe7g\xcf<\x0b\x00\x00?*\xe7\xe7I\xbaw\
\xf1\xb8\xd1\xe8e3\xcf\xb2\x11\xb9\xef?=\xc1^\x80\
+m\xefU;;\x00`c\xb2\xbd\x8fS\xbaz\x82\
\xfb\xd6|\xbcv\xf6\xa5a\xfb\x88\x89\x8e\xaf\xa4\xf4\xb6\
\xda\xd9\x01\x00\x1b\x93Sz\xd7\x84\xc7\xfe\x0f\xaf\x9d}\
\xa9Lxw%{<>\xbavv\x00\xc0\xc62\xf1\
\x89\x7f9\x7f\xb8v\xf6mY\x88;\x01n\x8d\xed\xfb\
(\xe7\xf3$m*\x1c\xfa-u\xdd}#\xe2\xfa!\
r\x01\x00\xdab{W\xe5|\x81\xa4\x03\x0a\x87\x8e\xd5\
u\x07G\xc4\xc5C\xe4\x9a\xd6\xe2\x9d\x04\xb8&\x22.\
\x92\xf4\x86\x09\x86\xde]9\xff\xd1\xac\xf3\x00\x00\x1a\x95\
\xf3kT\xbe\xf8K\xd2\xeb\x16u\xf1_x\xb6\xef\xe8\
\x94\xae\x98`\xb7Kv\xdf\x1f_;?\x00`\xb9\xb9\
\xef\x8fuJy\x82u\xe8r\xdbw\xa8\x9d\x7f{\x16\
v\x0f\x80$\xad\xdd/y\x92;\xfd\x85\x22\xded\xfb\
N\xb3\xce\x04\x00h\x83\xed}\x15\xf16Mv\xb8\xfc\
\x0f\x22\xe2\x9aYgj\x8a\xed\x91\xfb\xfe+\x13\x9e|\
q\x8a\xed\x85=\xcf\x01\x00\xb0\x98lw\xce\xf9\xb4\x89\
\xd6\x9e\xbe\xff\x82\xed\x85\xfe\x82\xbd4l\x1f\xe2\x94n\
\x99\xf0\xd2\xc0\xdf\xaf\x9d\x1f\x00\xb0\x5c\x9c\xd2K&\x5c\
sn\xb6}P\xed\xfc\x1b\x8aS\xfa\xa3\x09\x7f\x19\x89\
g\x05\x00\x00\xd6\xcb\xe3\xf1QN\xa9\x9fp\xcdY\x9a\
\x07\xd4-\xcd\xeeq\xdb;*\xe7s%\xddg\x82\xe1\
W\xa9\xeb\x1e\x18\x11\x9bg\x9d\x0b\x00\xb0q\xd8\xbe\xbb\
r>K\xd2$w\x96\xbdX]wXD\xdc4\xeb\
\x5cCX\x9ac\x14\x11q\xb3\xba\xee\x19\x92\xfa\x09\x86\
\xef\xa1\x9c\xdfo{\xb7Y\xe7\x02\x00l\x0c\xb6wW\
\xce\x1f\xd2d\x8b\xffX]\xf7\xf4eY\xfc\xa5%*\
\x00\x92\x14\x11_\x90\xf4\xca\x09\x87\xdfO\xf6{xj\
 \x00\xe0\xd6l\x8fd\xbfS\xd2\xa1\x13\xfe\x11/\x8b\
\x88/\xcf2\x13n\xc5\xf6\xca\x84\x8f\x0c\xde\xf23\xc9\
\xcd\x85\x00\x00\x1b\x98S\xfa\x8b\x89\xd7\x95\xbe\xff\x9c\xed\
Q\xed94\xc1\xf6=\x9c\xd2\xb5S\x94\x80\x17\xd5\x9e\
\x03\x00`18\xa5\x17O\xb1\x9e\x5cm{\xbf\xdas\
h\x8a\xfb\xfe\x09\x9e\xec\xeeL^\x1b\xf7\x9c\xdas\x00\
\x00\xd4\xe5\x94\x9e;\xc5\xe2\x9f\xdd\xf7O\xac=\x87&\
9\xa5WO\xf9\x8b\xfb\x8d\xdas\x00\x00\xd4\xe1\xbe\x7f\
\xbaSJS\xac#\xff\xa3\xf6\x1c\x9ae{\xc59\x7f\
r\x8a_^\xef\xbe\x7fr\xedy\x00\x00\xe6\xcb}\xff\
\x14O~\xad\xbf\x9d\xf3\xc79\xee_\x99\xed\xbd\x9d\xd2\
\xb7\xa6,\x01'\xd5\x9e\x07\x00`>\xdc\xf7\xbf6\xd5\
\xe2\x9f\xd2f\xdb{\xd6\x9e\x07$\xd9>\xc8)]3\
\xd5\xe1\x80\x94\x9e_{\x1e\x00\x80a9\xa5gO\xb9\
\xdb\xffZ\xdb\x87\xd4\x9e\x07~\x84\xc7\xe3\xa3\x9d\xd2x\
\xca\x12\xc0\xd5\x01\x00\xb0Ay\xba\xb3\xfd\xed\x94n\xf1\
x|T\xedy`+\xdc\xf7\xcf\x98\xf2\x97k\xa7\xf4\
F\xdb\x9bj\xcf\x05\x000\x1b\xb6G\x9e\xe6:\xff\x1f\
\xfe\xfcf\xed\xb9`;\x9c\xd2+\xa7\xfe%\xe7|*\
\xb7\x0d\x06\x80\xe5g{w\xe7\xfc\xb1\x19,\xfeK\xf3\
\x90\x9f\xa69\xa5\xd7\xcd\xe0\x97}\xae\xed\xbb\xd7\x9e\x0b\
\x00`2\xb6\x0fpJ\xff8\x83\xf5\xe0\xcfj\xcf\x05\
\xebd;\x9c\xd2\x1bg\xf0K\xbf\xc2\xe3\xf1\xd1\xb5\xe7\
\x03\x00(\xe3\xf1\xf8QN\xe9\xb2\x19\xac\x03o\xb5\xbd\
T\xcf\xcdi\xde\xda1\x9fw\xcd\xe0\x97\x9f\x9d\xd2\xab\
x\x03\x00\xc0\xe2[\xfb\x02\xf8\x22Ow\x99\xdf\x96\xc3\
\xc1\xef\xe3\x01rK\xca\xf6&\xa7\xf4\xee\x19\x94\x80-\
\xe7\x05\xecS{N\x00\x80\xad\xb3\xbd\xafs>m&\
\x9f\xf9)\xbd\x8b\x13\xc2\x97\xdc\xda\x9e\x807\xcf\xe8\x0d\
q\xb9\xfb\xfe\x84\xdas\x02\x00\xfc\xb8\xb5K\xc1/\x9d\
\xd1g\xfd\xdf\xf2\xcd\x7f\x83X\xdb%4\x8b\x13\x03\xb7\
\x1c\x12x\x1dW\x09\x00@}\xb6wwJ\x7f\xe9\xc9\
\x1f\x0ew\xeb\x9f?\xb3\x1d\xb5\xe7\x85\x19\xf3,.\x11\
\xfc\xe1\xcf%\x1e\x8f\x8f\xa9='\x00h\x95\xfb\xfe8\
Ow+\xf8[\xffp\xa9\xdfF\xe6\xbe?\xd9\xd3\xdd\
1pk\xbb\x8a\xf6\xae=/\x00h\x85\xed}<\x9b\
\x93\xbc\xb7\xfc\xdc\xe2\xbe\xff\xb5\xda\xf3\xc2\x1cx<>\
\xca\xd3=;\xe0\xd6?W;\xa5\x17\xd9\xde\xa1\xf6\xdc\
\x00`\xa3Z;\xb1\xfb\xf9k\x9f\xb9\xb3\xfa\xfc\xfe\xbe\
\xfb\xfe\xd8\xdas\xc3\x1c\xd9>\xd4)}{\x86o\x22\
;\xa5\x0b\xb9o\x00\x00\xcc\x9e\xfb\xfe\xf1N\xe9\xeb3\
\xfe\xcc\xdel\xfb\xbe\xb5\xe7\x86\x0al\xef\xed\x9c?9\
\xe37\xd4\x96\xe7D?\xa4\xf6\xfc\x00`\xd9\xd9~\xa8\
s>}\xa0\xcfi\x1e\xe9\xdb\xb2\xb5\xcb\x04_\xe6\xe9\
\x1e\x0f\xb9\xad7\xd8\xdf\xdb~`\xed9\x02\xc0\xb2\xb1\
}\xb0s~\x8fgwv\xff\x96\x9f-7w\x1b\xd5\
\x9e#\x16\x84\xfb\xfe\x89\x9e\xedy\x01?|\xb3\xe5|\
\x8a\xc7\xe3G\xd6\x9e#\x00,:\x8f\xc7\x8fv\xce\x1f\
\x1d`\xe1\xb7S\xba\xda}\xff\x9fk\xcf\x11\x0b\xc8\xf6\
\xfe\xee\xfb3\x06x\xd3m\xf99\xcb}\xff\x14n0\
\x01\x00?d{\x93\xfb\xfe\x97\x9c\xd2\xd9\x83}\xfe\xf6\
\xfd?\xd8\xde\xaf\xf6\x5c\x17\x097;\xb8\x15\xdb#\xe5\
\xfc\x02I\xaf\x904\xd4m \xbf+\xe9m\xea\xba7\
F\xc4\xbf\x0c\xf4\x1a\x00\xb0\xd0l\xdfS9?U\xd2\
\xafK\xba\xdb@/\xd3Kz\xa5\xba\xee\x15\x11\x91\x06\
z\x8d\xa5D\x01\xd8\x06\xdb\x87+\xe7\xb7J\xba\xf7\x90\
/\xa3\x88O)\xe7\xb7i4\xfaPD|\x7f\xc0\xd7\
\x02\x80\xeal\xdf^)=A]w\x92\xecGj\xd8\
u\xe8\xeb\xea\xba\x93\x22\xe2\xcb\x03\xbe\xc6\xd2\xa2\x00l\
\x87\xed\x9d\x94\xf3\x1fHz\xa1\x86\xdb\x1b\xb0\xc5M\x8a\
8M9\xbf[\xa3\xd1)\x11q\xfd\xc0\xaf\x07\x00s\
a{w\xa5t\x82\xba\xeeI\xb2\x8f\x91\xb4\xe3\xc0/\
y\x8b\xa4?V\xd7\xbd2\x22n\x1e\xf8\xb5\x96\x16\x05\
`\x1dl\x1f\xac\x94\xde\xa8\x88y]\xda\xd7\xcb\xfe\x92\
\x22>\xa2\xae;]\xd29\x11\xe19\xbd6\x00L\xcd\
\xf6=\x94\xf3Q\x8a8A\xf6c5\xfc\xa2\xbf\xc59\
\xea\xba\x93#\xe2\x9c9\xbd\xde\xd2\xa2\x00\xac\xd3\xda\xb9\
\x01\xcf\x92\xf4rI\xf3\xbev\xf4_%}V\xd2\xe7\
\xd5u\x9f\x93\xf4\xb5\x88\xc8s\xce\x00\x00[e\xbb\x93\
t_\xe5\xfcpI\x0f\x93\xf4\x08Iw\x9ds\x8c\xef\
I\xfa\x83\xb5s\xab\xf8|\x5c\x07\x0a@!\xdb{(\
\xe7\x97Jz\x8e\xa4Zg\xf3_\xab\x88sd_ \
\xfb\x02\x8dF\xe7I\xba0\x22~P)\x0f\x80F\xac\
=\x09\xf5>J\xe9PE\x1c\xac\x88\x83e\xdf_\xd2\
\xed+E\x1aKz\x9d\xba\xee\xe5\x11qM\xa5\x0cK\
\x89\x020!\xdb\xf7\x91\xfd\x1a\xd9\x8f\xaf\x9d\xe5G\x5c\
&{\xb3\x226K\xda\xbc\xf6\xffW\xc8\xbeR++\
\x97K\xbaV\xd2\x0d\x92n\x96\x948\xe9\x10\x80\xed\xdb\
I\x1aiu\x17\xfd.\x92\xee\xa0\xbe\xdf[\x11{)\
bOI\xfbJ:@\xf6\x01\x8a8@\xd2\x9d*\xc6\
\xfdq\x11\x1fQ\xc4\x0b#\xe2\xe2\xdaQ\x96\x11\x05`\
J\xb6\x0f\x97\xfd\xdfd\x1f_;\x0b\x004\xc1>S\
\xa3\xd1\x8b#\xe2\xb3\xb5\xa3,3\x0a\xc0\x8cx<~\
\xa4\x22^\xae\x88\x87\xd7\xce\x02\x00\x1b\x92\xfd\x19\x8dF\
/\x89\x88\xcf\xd5\x8e\xb2\x11P\x00f\xcc\xf6\x03\x94\xf3\
\xf3%\xfd\xb2Vw\xab\x01\x00&\x97\x15\xf1QE\xbc\
*\x22\xce\xac\x1df#\xa1\x00\x0c\xc4\xf6\xcf(\xe7\xdf\
\x95t\x92\xa4\x9dk\xe7\x01\x80%s\x83\xa4\xb7\xaa\xeb\
\xfe4\x22\xfe\xb9v\x98\x8d\x88\x0200\xdb\xb7W\xce\
O\x96\xf4lI\x87\xd5\xce\x03\x00\x0b\xee\x22\xad\xde*\
\xfdM\x11qe\xed0\x1b\x19\x05`\x8el?D9\
\x9f,\xe9DI\xb7\xab\x9d\x07\x00\x16\xc4\xb5\x92\xde\xb3\
\xb6\xe8s\xdb\xde9\xa1\x00T`{G\xa5\xf48E\
\x9c(\xe9\x09\x92v\xaf\x9d\x09\x00\xe6\xecFE|R\
9\xbfW\xa3\xd1\xfb\x22\xe2\x86\xda\x81ZC\x01\xa8\xcc\
\xf6\xceJ\xe98E\x1c'\xe9\x18\xad^s\x0b\x00\x1b\
\xd1\xbfK:M\xf6\xa9\x1a\x8d>\x16\x117\xd6\x0e\xd4\
2\x0a\xc0\x02\xb1\x1d\x92\x0eS\xce\xc7\xc8>F\x11\x0f\
\x96\xb4S\xed\x5c\x000\xa1\x1b\xd7\x9ek\xf2qu\xdd\
i\x92\xce\xe3\xb9&\x8b\x83\x02\xb0\xc0l\xef \xe9\x81\
\xca\xf9\x08E\x1c)\xfbp-\xd2]\xb8\x00\xe0\xc7]\
\xae\x88/\xc8>C]w\xa6\xa4\xb3#\xe2\x96\xda\xa1\
\xb0u\x14\x80%c\xfb\xce\xea\xfb\x83\xd5u\x87J:\
X\xd2A\x92\xee!\xe9\x0eu\x93\x01h\xc85\x92\xbe\
)\xe9\xab\x92.P\xce\xe7ie\xe5\xab\x11qi\xe5\
\x5c(@\x01\xd8 l\xdfQ\xd2\x01J\xe9\x00E\xec\
'i\x1fI{)b/\xe5\xbc\xe7\xda=\xbdw\x94\
\xb4\x9b\xa4MZ}\x90\x11'\x1f\x02\xb8NR\xaf\xd5\
\x87\xea\x5c/\xe9f\xd9W\xaa\xebV\x9f#\xb2\xfa\x94\
\xbd\xcbe\x7fK\xa3\xd1fI\x9by\xe8\x0e\x00\x00\x00\
\x00\x00\x00\x00\x00\x00\x00\x00\x00\x00\x00\x00\x00\x00\x00\x00\
\x00\x00\x00\x00\x00\x00\x00\x00\x00\x00\x00\x00\x00\x00\x00\x00\
\x00\x00\x00\x00\x00\x00\x00\x00\x00\x00\x00\x00\x00\x00\x00\x00\
\x00\x00\x00\x00\x00\x00\x00\x00\x00\x00\x00\x00\x00\x00\x00\x00\
\x00\x00\x00\x00\x00\x00\x00\x00\x00\x00\x98\xde\xff\x07\x04\xf1\
\xfd:\xa8\xeeGV\x00\x00\x00\x00IEND\xaeB\
`\x82\
\x00\x00&)\
\x89\
PNG\x0d\x0a\x1a\x0a\x00\x00\x00\x0dIHDR\x00\
\x00\x02\x00\x00\x00\x02\x00\x08\x06\x00\x00\x00\xf4x\xd4\xfa\
\x00\x00\x00\x04sBIT\x08\x08\x08\x08|\x08d\x88\
\x00\x00\x00\x09pHYs\x00\x00\x0e\xc4\x00\x00\x0e\xc4\
\x01\x95+\x0e\x1b\x00\x00\x00\x19tEXtSof\
tware\x00www.inksca\
pe.org\x9b\xee<\x1a\x00\x00 \x00ID\
ATx\x9c\xed\xddy\xb4-eu\xae\xf1g\xd2\x08\
(\xa0 \x9d4\x8a\x22\x02F4*\x9d\xa2A\x02j\
\xf4\xda`\x14\xb1\x01QCP\xa3\x81\xc4\x1b\x95\xc4k\
4\x89\xc9\x00c\x1a\x8d&Q.\x17\xc5\x06\x95`\x08\
h@E\x10\xa2\x80\x88\x88\x1d\x82\x12\x09\x18\x1aA\x90\
\xbe?\xcc\xfbG\xad\x0d\xc7\x93\x03\x9cf\xad5\xab\xea\
{~c\xecq@a\xd5\xbb\xf7\xd8\xacz\xd7WU\
\xdf\x04I\x92$I\x92$I\x92$I\x92$I\x92\
$I\x92$I\x92$I\x92$I\x92$I\x92$\
I\x92$I\x92$I\x92$I\x92$I\x92$I\
\x92$I\x92$I\x92$I\x92$I\x92$I\x92\
$I\x92$I\x92$I\x92$I\x92$I\x92$\
I\x92$I\x92$I\x92$I\x92$I\x92$I\
\x92\x1eXT\x07\xe8\x9b\xcc\xdc\x10\xd8\x0e\xd8\x16\xd8f\
\xf2\xb5\x09\xb0\xf6b_\x0f-\x0b\xa8eq3p5\
p\x19p\x16p*pjD\xdcR\x9aJ\x92z\xa4\
\xf9\x02\x90\x99\xeb\x01\xbb\x03{\x00{\x02\x8f\xabM\xa4\
\x19\xb9\x168\x1c\xf8PD\xfcwu\x18I\xaa\xd6d\
\x01\xc8\xcc\xb5\x81\x97\x01\xaf\x03v\x05V\xadM\xa49\
\xba\x05x\x17\xf0\x81\x88XT\x1dF\x92\xaa4U\x00\
2s\x17\xe0\x0dt'\xff\xb5\x8b\xe3\xa8\xd6Y\xc0+\
\x22\xe2\x92\xea \x92T\xa1\x89\x02\x90\x99O\x07\xfe\x18\
xAu\x16\xf5\xca5\xc0\xbe\x11qRu\x10I\x9a\
\xb7U\xaa\x03\xccRf\xee\x92\x99'\x03\xdf\xc0\x93\xbf\
\xfe\xa7\x87\x03_\xcc\xcc?\xcd\xccQ\xff\xb7 IK\
\x1a\xe5\x0a@f>\x14\xf8s\xe0-\x8c\xbc\xe4hj\
N\xa4[\x0d\xb8\xb6:\x88$\xcd\xc3\xe8\x0a@f\xbe\
\x10\xf8G`\xf3\xea,\x1a\x9c\x9f\x01{G\xc47\xab\
\x83H\xd2\xac\x8d\xe6\xd3qf\xae\x9d\x99\x9f\x06\x8e\xc7\
\x93\xbfV\xcc\x16\xc0\xd72\xf3\x80\xea \x924k\xa3\
X\x01\xc8\xcc\xc7\x01\xc7\x02O\xa8\xce\xa2\xd1\xf8\x04\xf0\
F7\x0f\x924V\x83/\x00\x99\xf92\xe0\xff\x01\xeb\
Tg\xd1\xe8|\x07xiD\x5c\x5c\x1dD\x92\xa6m\
\xd0\x97\x002\xf3\x8d\xc0g\xf1\xe4\xaf\xd9x2p^\
f\xbe\xa4:\x88$M\xdb`\x0b@f\xbe\x83\xeef\
\xbf\xc1~\x0f\x1a\x84u\x81c3\xf3\xd0\xcct\xc7H\
I\xa31\xc8K\x00\x99\xf9^\xe0\x9d\xd59\xd4\x9c/\
\x03\xaf\x8e\x88_T\x07\x91\xa4\x955\xb8\x02\x90\x99o\
\x03\xdeW\x9dC\xcd\xfao\xbaG\x05\xcf\xaa\x0e\x22I\
+cP\xcb\xe7\x99\xf9r\xe0\xd0\xea\x1cj\xda\xe6t\
\x8f\x0a\x1e\x5c\x1dD\x92V\xc6`V\x002\xf3\x99t\
K\xb0kVg\x91&>\x05\xbc!\x22n\xae\x0e\x22\
I\xcbk\x10\x05 37\x07\xce\xa3\xdb\xbb]\xea\x93\
\xef\xd1=*xQu\x10IZ\x1e\xbd\xbf\x040\x19\
\xd2\xf2q<\xf9\xab\x9f\x9e\x08\x9c;\xd9\x8fB\x92\x06\
\xa3\xf7\x05\x008\x04\xf8\xcd\xea\x10\xd2\xfdX\x07\xf8\x5c\
f~ 3W\xaf\x0e#I\xcb\xa2\xd7\x97\x002s\
G\xbaQ\xbe\xbe\xa9j(N\x01^\x19\x11WU\x07\
\x91\xa4\xfb\xd3\xdb\x020Y\xfa?\x0b\xd8\xb1:\x8b\xb4\
\x9c.\x03^\x1e\x11gT\x07\x91\xa4\xfb\xd2\xe7K\x00\
\x07\xe0\xc9_\xc3\xb4\x19p\xdad\xb7JI\xea\xa5^\
\xae\x00d\xe6z\xc0\x85\xc0\x86\xd5Y\xa4\x95t4p\
`D\xdcT\x1dD\x92\x16\xd7\xd7\x15\x80?\xc5\x93\xbf\
\xc6\xe1\x95\xc0Y\x99\xb9Mu\x10IZ\x5c\xefV\x00\
2\xf3\xe1\xc0%\xc0C\xaa\xb3HSt#p@D\
|\xae:\x88$A?W\x00\x0e\xc6\x93\xbf\xc6g\x1d\
\xe0\xb3\x99\xf9\x11\x1f\x15\x94\xd4\x07\xbdZ\x01\xc8\xcc\x07\
\xd3}\xfa\xdf\xa0:\x8b4C\xff\x01\xec\x13\x11WT\
\x07\x91\xd4\xae\xbe\xad\x00\xfc\x0e\x9e\xfc5~\xcf\x04\xbe\
=\x99o!I%\xfaV\x00^[\x1d@\x9a\x93G\
\x00\xa7d\xe6;2\xb3W+q\x92\xda\xd0\x9b7\x9e\
\xcc\xdc\x16\xf8Qu\x0e\xa9\xc0\xbf\x01\xfbG\xc4\xf5\xd5\
A$\xb5\xa3O+\x00\xaf\xaa\x0e \x15y1pv\
f>\xa1:\x88\xa4v\xf4i\x05\xe0\x22`\xab\xea\x1c\
Kq\x17p\x1a\xf0y\xe0\x5c\xe0g\xc0\xcf#\xe2\xae\
\xd2T\x223\xb7\x00\x8e\x01v\xae\xce2%7\x01\xbf\
\x1b\x11\x9f\xa9\x0e\x22Is\x91\x99\xdbd\xff\xdc\x95\x99\
\x87g\xe6\xa6\xd5?\x1f\xdd\xb7\xcc|Pf~\xb8\xf6\
We\xea\x9c*(i\xe6\xfar\x09`\xb7\xea\x00K\
\xf81\xf0\x94\x88\xf8\xdd\x88\xb8\xbc:\x8c\xee[D\xdc\
\x11\x11o\x06\xf6\x03n\xa9\xce3%\x07\x01\xa7f\xe6\
f\xd5A$\x8dW_\x0a\xc0\xb3\xaa\x03,\xe6\x1b\xc0\
3\x22\xe2{\xd5A\xb4\xec\x22\xe2\x93\xc0S\x81\xf3\xab\
\xb3L\xc9\xae\xc0y\x99\xf9\xec\xea \x92\xc6\xa9/\x05\
\xa0/+\x00g\x00{D\xc4\xd5\xd5A\xb4\xfc\x22\xe2\
\x02\xe0\xe9\xc0q\xd5Y\xa6d\x03\xe0\xdf3\xf3\xed\xe9\
\xa3\x82\x92\xa6\xac\xfcM%3\x1f\x05\xfcWu\x0e\xba\
\x19\xee;D\xc4\x95\xd5A\xb4r&'\xcb\xb7\x01\x7f\
\x09\xacV\x1cgZ\x8e\x03^\xeb\xa3\x82\x92\xa6\xa5\x0f\
+\x00}\x99\x92\xf6zO\xfe\xe3\x10\x11\x19\x11\xef\x03\
\x9e\x03\xfc\xbc:\xcf\x94\xec\x05|+3\xb7\xaf\x0e\x22\
i\x1c\xfaP\x00\x1eW\x1d\x008-\x22\xbe\x5c\x1dB\
\xd3\x15\x11\xa7\x02O\xa1\xbb\xafc\x0c\xb6\xa6\xdb/\xe0\
\xf5\xd5A$\x0d_\x1f\x0a\xc0\xd6\xd5\x01\x80?\xa9\x0e\
\xa0\xd9\x98<\xc5\xb1;\xf0\xc1\xea,S\xb2&pD\
v\x8f>>\xa8:\x8c\xa4\xe1\xeaC\x01\xa8^\x01\xb8\
$\x22\xce(\xce\xa0\x19\x8a\x88;#\xe2`\xe0\x95t\
\x9b\xed\x8c\xc1\xef\x01\xa7g\xb7\x19\x92$-\xb7>\x14\
\x80\x8d\x8a\x8f\x7f|\xf1\xf15'\x93\x1d\xf6v\x00~\
X\x9deJv\x06\xbe\x93\x99\xcf\xad\x0e\x22ix\xfa\
P\x00\xd6.>\xfeW\x8a\x8f\xaf9\x8a\x88\x0b\x81\xa7\
\xd1m!<\x06\x0f\x07\xbe\x98\x99\xef\xf4QAI\xcb\
\xa3\x0f\x05`\x9d\xe2\xe3\x8fe\xe3\x18-\xa3\x88\xb8\x11\
\xd8\x07x+\xdd\xac\x87\xa1[\x15x/p|f\xae\
W\x1dF\xd20\x94\x7fb\xc8\xcc\x1b\xa8-\x01\xebD\
\xc4X\xae\x0bk9e\xe63\x81\xcf\x02\x8f\xa8\xce2\
%?\x05\xde\x04\x5cS\x1dDM\xb9\x83\xee\xfe\x9a\xeb\
\x80\x1b\x1d\x966\x0c}(\x00\x8b\xa8]\x89X5\x22\
\xee.<\xbe\x8ae\xe6&t%\xe07\xaa\xb3H#\
q\x1bp\x15p!p\x01\xf0\xa3\xc9_\x7f3\x22n\
\xae\x0c\xa6{\xf5\xa1\x00d\xe5\xf1#\xa2\xfcg\xa0z\
\x99\xb9\x1ap\x18\xf0\x87\xf4\xe0\xbf\x0bi\xa4\xee\x04\xce\
\x04\xbe\x0a\x9c\x0c\x9c\xedjA\x9d\xf27:\x0b\x80\xfa\
$3_\x04|\x1cxXu\x16\xa9\x01\xd7\x02\xff\x02\
\xfcSD\x9cW\x1d\xa65\xe5'?\x0b\x80\xfa&3\
\xb7\x05\x8e\x05\x1e_\x9dEj\xc8\xd9\xc0G\x81\xa3\x22\
\xe2\xce\xea0-(?\xf9Y\x00\xd4G\x99\xb9\x16\xf0\
\x8f\xc0k\x8b\xa3H\xad\xb9\x14\xf8[\xe0#\x11q[\
u\x981+?\xf9Y\x00\xd4g\x99y\x10\xf0~`\
\xf5\xea,Rc.\x01\xde\x03|<\x22J\xcf\x13c\
U~\xf2\xb3\x00\xa8\xef2s\x07\xba\xeb\x94\x8f\xaa\xce\
\x225\xe8\xeb\xc0\x1b\x22\xc2=[\xa6\xac\x0f\x1b\x01I\
\xbd\x16\x11\xe7\x00;\x01\xa7Vg\x91\x1a\xf4\x0c\xe0\xdc\
\xcc|\xb7\x03\xb0\xa6\xab\xfc\xd3\xaf+\x00\x1a\x8a\xcc\x5c\
\x15x\xd7\xe4\xcb\xf2,\xcd\xdf\xb9\xc0\xcb\x22\xe2\xe2\xea\
 cP~\xf2\xb3\x00hh2\xf3\x05\xc0Q\x80\xdb\
\xeeJ\xf3w\x0d\xf0\xea\x88\xf8Ru\x90\xa1\xf3S\x8c\
\xb4\x9c\x22\xe2\x0bt\x93\xf8\xbeW\x9dEj\xd0\xc3\x81\
\x7f\xcf\xcc?\xa9\x0e2t\x16\x00i\x05D\xc4O\xe8\
J\xc0\x11\xd5Y\xa4\x06\xad\x02\xfcef~83=\
\x8f\xad\xa0\xf2\xe5o/\x01h\xe82\xf35\xc0?\x03\
kUg\x91\x1a\xf4I\xe0un)\xbc\xfc\xcaO~\
\x16\x00\x8dAf\xeeD\xf7\xa8\xe0\x16\xd5Y\xa4\x06\x1d\
\x03\xbc\xca\x12\xb0|\x5c:\x91\xa6 \x22\xce\x06\x9e\x0c\
xc\x924\x7f{\x03\xffT\x1dbh,\x00\xd2\x94\
D\xc45\xc0\xf3\x80C\x00GLK\xf3u@f\xfe\
qu\x88!)_\xfe\xf6\x12\x80\xc6\xc8G\x05\xa5\x12\
\x09\xec\x1b\x11\x9f\xae\x0e2\x04\xe5'?\x0b\x80\xc6*\
3\x1fIwmr\xa7\xea,RCn\x07v\x8e\x88\
\xefV\x07\xe9;/\x01H3\x12\x11\x97\x02\xbb\x01\x87\
Wg\x91\x1a\xb2\x06\xf0\xe9\xc9DO\xdd\x0f\x0b\x804\
C\x11q[D\x1c\x08\xec\x0f\xdcR\x9dGj\xc4\xe3\
\x81\xbf\xae\x0e\xd1w\xe5\xcb\xdf^\x02P+2\xf3\xa9\
t\x8f\x0anY\x1cEjA\x02/\x8c\x88/V\x07\
\xe9\xab\xf2\x93\x9f\x05@-\xc9\xcc\x87\x02\x1f\x03\xf6*\
\x8e\x22\xb5\xe0\xa7\xc0\xafE\xc4m\xd5A\xfa\xc8K\x00\
\xd2\x1cE\xc4\xf5\xc0o\xd3=*\xb8\xa88\x8e4v\
\x8f\x01\xfe\xa8:D_\x95\x7f\xfau\x05@\xad\xca\xcc\
\xdd\x81\xcf\x00\x1bUg\x91F\xecV`\xbb\x88\xb8\xa4\
:H\xdf\xb8\x02 \x15\x89\x88S\xe9\x1e\x11<\xa7:\
\x8b4bk\x01\xef\xad\x0e\xd1G\xe5\x9f~]\x01P\
\xeb2s\x0d\xe0}\xc0A\xd5Y\xa4\x91Z\x04l\x13\
\x11\xffY\x1d\xa4O\x5c\x01\x90\x8aE\xc4\xed\x11q0\
\xb0\x1f>*(\xcd\xc2\xaa\xc0\x1fT\x87\xe8\x9b\xf2O\
\xbf\xae\x00H\xf7\xca\xcc'\x01\xc7\x02[Ug\x91F\
\xe6\x16`\xcb\x88\xb8\xba:H_\xb8\x02 \xf5\xc8d\
\xfb\xd2\x1d\x80\xcfUg\x91F\xe6\xc1\xc0\x1b\xabC\xf4\
I\xf9\xa7_W\x00\xa4\xa5\xcb\xcc\xbd\x80\x0f\x03\x9bV\
g\x91F\xe2'\x11\xf1\xb8\xea\x10}\xe1\x0a\x80\xd4S\
\x11q\x1c\xdds\xcc\xbf\x038\xd8DZy[g\xa6\
\xc3\xb9&\xca?\xfd\xba\x02 -\x9b\xcc|4\xb0;\
\xb0\x0b\xb0\x09\xb0!\xb0zi(\xa9\xb3&\xddJ\xd5\
\x10\xc6_\xff}D\xfcau\x88>(?\xf9Y\x00\
$i\x1c&\x13\xf8v\xa4\xdb\xed\xf2\xa5\xc0\xe6\xb5\x89\
\x96\xea\x0a`\xf3\x88\xb8\xbb:H\xb5\xf2\x93\x9f\x05@\
\x92\xc6'3W\x07^G\xb7\x09\xcf\x86\xc5q\x96\xf4\
\xeb\x93\x1bn\x9b\xe6=\x00\x92\xa4\xa9\x8b\x88;#\xe2\
\xa3\xc0v\xc0\xc9\xd5y\x96\xf0\xac\xea\x00}`\x01\x90\
$\xcdLD\x5c\x03<\x1f\xf8hu\x96\xc5\xecV\x1d\
\xa0\x0f\xca\x97\xbf\xbd\x04 I\xe3\x97\x99\x01|\x1ax\
Eu\x16\xe0Z`\xc3\xd6\xef\x03p\x05@\x924s\
\x11\x91\xf4\xe7\x91\xd6\xf5q\xb7M\x0b\x80$i>\x22\
\xe2\x16\xe05@\x1f>y7\xbf!\x90\x05@\x924\
7\x11\xf1=\xe0\x98\xea\x1cX\x00,\x00\x92\xa4\xb9\xfb\
\xb3\xea\x00\xc0\xd6\xd5\x01\xaaY\x00$Is\x15\x11?\
\x02\xce/\x8ea\x01\xa8\x0e Ij\xd2\x09\xc5\xc7_\
\xbf\xf8\xf8\xe5,\x00\x92\xa4\x0a\xa7\x14\x1f\x7f\x9d\xe2\xe3\
\x97\xb3\x00H\x92*\x5cX||\x0b@u\x00IR\
\x93~Q|\xfc\xe6\x0b@\xf9.x\xee\x04(I\xed\
\x99\xec\x0cX\xb9\x1f@FD\xd3\x1f\x82\x9b\xfe\xe6%\
I5&;\x03\x96F(>~9\x0b\x80$I\x0d\
\xb2\x00H\x92\xd4 \x0b\x80$I\x0d\xb2\x00H\x92\xd4\
 \x0b\x80$I\x0d\xb2\x00H\x92\xd4 \x0b\x80$I\
\x0d\xb2\x00H\x92\xd4 \x0b\x80$I\x0d\xb2\x00H\x92\
\xd4 \x0b\x80$I\x0d\xb2\x00H\x92\xd4\xa0\xd5\xaa\x03\
T\xcb\xcc\xf5\xaa3H\x924o\xe5\xd3\x90\xaa\xc7\x01\
K\x92\xda\xd4\xfa8x/\x01H\x92\xd4 \x0b\x80$\
I\x0d\xb2\x00H\x92\xd4 \x0b\x80$I\x0d\xb2\x00H\
\x92\xd4 \x0b\x80$I\x0d\xb2\x00H\x92\xd4 \x0b\x80\
$I\x0d\xb2\x00H\x92\xd4 \x0b\x80$I\x0d\xb2\x00\
H\x92\xd4 \x0b\x80$I\x0d\xb2\x00H\x92\xd4 \x0b\
\x80$I\x0d\xb2\x00H\x92\xd4 \x0b\x80$I\x0d\xb2\
\x00H\x92\xd4 \x0b\x80$I\x0d\xb2\x00H\x92\xd4 \
\x0b\x80$I\x0d\xb2\x00H\x92\xd4 \x0b\x80$I\x0d\
\xb2\x00H\x92\xd4 \x0b\x80$I\x0d\xb2\x00H\x92\xd4\
 \x0b\x80$I\x0d\xb2\x00H\x92\xd4 \x0b\x80$I\
\x0d\xb2\x00H\x92\xd4 \x0b\x80$I\x0dZ\xad:@\
\x0f\xfc\xb2:\x80$5j\xbd\xea\x00-\x8b\xea\x00\x99\
\x99\x95\xc7\x8f\x88\xf2\x9f\x81$\xb5\xc8\xf7\xffZ^\x02\
\x90$\xa9A\x16\x00I\x92\x1ad\x01\x90$\xa9A\x16\
\x00I\x92\x1ad\x01\x90$\xa9A\x16\x00I\x92\x1ad\
\x01\x90$\xa9A\x16\x00I\x92\x1ad\x01\x90$\xa9A\
\x16\x00I\x92\x1ad\x01\x90$\xa9A\x16\x00I\x92\x1a\
d\x01\x90$\xa9A\x16\x00I\x92\x1ad\x01\x90$\xa9\
A\x16\x00I\x92\x1ad\x01\x90$\xa9A\x16\x00I\x92\
\x1ad\x01\x90$\xa9A\x16\x00I\x92\x1ad\x01\x90$\
\xa9A\x16\x00I\x92\x1ad\x01\x90$\xa9A\x16\x00I\
\x92\x1ad\x01\x90$\xa9A\x16\x00I\x92\x1ad\x01\x90\
$\xa9A\x16\x00I\x92\x1ad\x01\x90$\xa9A\x16\x00\
I\x92\x1ad\x01\x90$\xa9A\x16\x00I\x92\x1ad\x01\
\x90$\xa9A\x16\x00I\x92\x1ad\x01\x90$\xa9A\x16\
\x00I\x92\x1ad\x01\x90$\xa9A\x16\x00I\x92\x1ad\
\x01\x90$\xa9A\x16\x00I\x92\x1ad\x01\x90$\xa9A\
\x16\x00I\x92\x1ad\x01\x90$\xa9A\x16\x00I\x92\x1a\
d\x01\x90$\xa9A\x16\x00I\x92\x1ad\x01\x90$\xa9\
A\x16\x00I\x92\x1ad\x01\x90$\xa9A\x16\x00I\x92\
\x1ad\x01\x90$\xa9A\x16\x00I\x92\x1ad\x01\x90$\
\xa9A\x16\x00I\x92\x1ad\x01\x90$\xa9A\x16\x00I\
\x92\x1ad\x01\x90$\xa9A\x16\x00I\x92\x1ad\x01\x90\
$\xa9A\x16\x00I\x92\x1ad\x01\x90$\xa9A\x16\x00\
I\x92\x1ad\x01\x90$\xa9A\x16\x00I\x92\x1ad\x01\
\x90$\xa9A\x16\x00I\x92\x1ad\x01\x90$\xa9A\x16\
\x00I\x92\x1ad\x01\x90$\xa9A\x16\x00I\x92\x1ad\
\x01\x90$\xa9A\x16\x00I\x92\x1ad\x01\x90$\xa9A\
\x16\x00I\x92\x1ad\x01\x90$\xa9A\x16\x00I\x92\x1a\
d\x01\x90$\xa9A\x16\x00I\x92\x1ad\x01\x90$\xa9\
A\x16\x00I\x92\x1ad\x01\x90$\xa9A\x16\x00I\x92\
\x1ad\x01\x90$\xa9A\x16\x00I\x92\x1a\xb4Zu\x00\
I\x9a\xb5\xcc\x5c\x17\xd8\x13x.\xb0=\xf0\x18`c\
\xe0:\xe0v\xe0\x22\xe0\x87\xc0\x97\x80/E\xc4\xcdE\
Q\xa5\xb9\x89\xea\x00\x99\x99\x95\xc7\x8f\x88\xf2\x9f\x81\xa4\
\xd9\xc8\xcc\xc7\x00o\x05^\x07<x\x19\xff\xb5[\x81\
#\x81\xbf\x8e\x88\xff\x9aQ4\xe1\xfb\x7f\xb5\xf2o\xde\
_\x00I\xd3\x96\x99k\x00\xef\x04\x0e\x01V_\xc1\x97\
\xb9\x13x\x1f\xf0\xe7\x11q\xc7\xb4\xb2\xe9^\xbe\xff\xd7\
*\xff\xe6\xfd\x05\x904M\x99\xb9%p\x02\xf0\x84)\
\xbd\xe4\xf7\x80}\x22\xe2\x82)\xbd\x9e&|\xff\xaf\xe5\
M\x80\x92F#3\x7f\x1d8\x83\xe9\x9d\xfc\x01\x9e\x08\
|33_2\xc5\xd7\x94\xcaY\x00$\x8dBf>\
\x0a8\x09x\xc4\x0c^~]\xe0\xd8\xcc<43W\
\x9d\xc1\xebKsW\xbe\xfc\xe1\x12\x90\xa4\x95\x95\x99k\
\x02g\xd3\xdd\xe1?k_\x06^\x15\x11\xd7\xcc\xe1X\
\xa3\xe6\xfb\x7f-W\x00$\x8d\xc1;\x99\xcf\xc9\x1f\xe0\
9\xc0w2s\xc79\x1dO\x9a\x89\xf2\xf6c\x03\x94\
\xb422s+\xe0|\xe0As>\xf4\xad\xc0\x1b#\
\xe2\xa89\x1fw4|\xff\xaf\xe5\x0a\x80\xa4\xa1{+\
\xf3?\xf9\x03\xac\x05|<3?\x92\x99\x15\xc7\x97V\
Jy\xfb\xb1\x01JZQ\x93\x1d\xfe.\x03\xd6.\x8e\
\xf2\x0d\xe0\xe5\x11qyq\x8eA\xf1\xfd\xbf\x96+\x00\
\x92\x86l\x0f\xeaO\xfe\x00\xbb\x02\xe7e\xe6\xee\xd5A\
\xa4ee\x01\x904d\xcf\xae\x0e\xb0\x98\x0d\x81/e\
\xe6[\xaa\x83H\xcb\xc2\x02 i\xc8\x9eT\x1d`\x09\
\xab\x03\xff\x90\x99\x9f\xca\xcce\x9d= \x95\xb0\x00H\
\x1a\xb2-\xab\x03\xdc\x87W\x01gL\x86\x11I\xbdd\
\x01\x904d\xebW\x07\xb8\x1fO\x02\xbe\x95\x99\xcf\xad\
\x0e\x22-\x8d\x05@\xd2\x90\xddY\x1d\xe0\x01\xac\x0f\x9c\
8\xd9B\xd8\xf7[\xf5\x8a\xbf\x90\x92\x86\xec\xb6\xea\x00\
\xcb \x80w\xd0\xcd\x12X\xb7:\x8c\xb4\xc0\x02 i\
\xc8\xae\xaa\x0e\xb0\x1c\xf6\x02\xce\xc9\xcciN*\x94V\
\x98\x05@\xd2\x90]Q\x1d`9m\x0d\x9c\x99\x99{\
W\x07\x91,\x00\x92\x86lh\x05\x00\xba\x8d\x8b>\x9b\
\x99\x1f\xc8\xcc\xd5\xab\xc3\xa8]\x16\x00IC6\xc4\x02\
\x00\xdd}\x01\x07\x01_\xc9\xcc\x8d\xab\xc3\xa8M\x16\x00\
IC6\xd4\x02\xb0`7\xba\xfb\x02v\xae\x0e\xa2\xf6\
X\x00$\x0d\xd9\xd0\x0b\x00\xc0\xe6\xc0i\x99y@u\
\x10\xb5\xc5\x02 i\xc8\xc6P\x00\x00\xd6\x00\x0ew\xb4\
\xb0\xe6\xc9\x02 i\xc8\xc6R\x00\x16\x1cH\xb7\x85\xf0\
\xa3\xaa\x83h\xfc,\x00\x92\x86ll\x05\x00\xe0\xa9t\
\xf7\x05\xecQ\x1dD\xe3f\x01\x904X\x11q\x13p\
Su\x8e\x19\xd8\x008)3\xdfQ\x1dD\xe3e\x01\
\x904tc\x5c\x05\x00X\x0d843\x8f\xce\xcc\x87\
T\x87\xd1\xf8X\x00$\x0d\xddX\x0b\xc0\x82W\xd0\xdd\
\x17\xb0Uu\x10\x8d\x8b\x05@\xd2\xd0\x8d\xbd\x00\x00<\
\x11873\xf7\xaa\x0e\xa2\xf1\xb0\x00H\x1a\xba\x16\x0a\
\x00\xc0\xba\xc0\xe7\x1d-\xaciY\xad:\x80$\xad\xa4\
V\x0a\x00\xdc;Zx\xfb\xcc\xdc7\x22~Y\x1dh\
eDDTgh\x99-R\xd2\xd0\xb5T\x00\x16<\
\x1f8;3\xb7\xaf\x0e\xa2\xe1\xb2\x00H\x1a\xba\x16\x0b\
\x00\xc0c\xe9n\x0e\xdc\xa7:\x88\x86\xc9\x02 i\xe8\
Z-\x00\xd0\x8d\x16\xfe\xccd\x0baG\x0bk\xb9X\
\x00$\x0d]\xcb\x05`\xc1\x81\xc0\xc9\x99\xb9Iu\x10\
\x0d\x87\x05@\xd2\xd0\xfd\x12\xb8\xbd:D\x0f\xfc\x06\xdd\
\x16\xc2\xbbT\x07\xd10X\x00$\x0dZD$\xf0\xf3\
\xea\x1c=\xb1\x19\xf0\xb5\xcc<\xb0:\x88\xfa\xcf\x02 \
i\x0c\xbc\x0cp\xaf5\x80\x8fd\xe6Q\x99\xb9Vu\
\x18\xf5\x97\x05@\xd2\x18X\x00\xfe\xa7\xfd\x80\xafg\xe6\
\x96\xd5A\xd4O\x16\x00Ic`\x01X\xba\xa7\x00\xdf\
\xca\xcc=\xab\x83\xa8\x7f,\x00\x92\xc6\xc0\x02p\xdf\xee\
\x19-\x9c\x99\xee\xbc\xa7{X\x00$\x8d\x81\x05\xe0\xfe\
\xad\x0a\x1c\x0a8ZX\xf7\xb0\x00H\x1a\x03\x0b\xc0\xb2\
\xd9\x87\xeeQ\xc1\xed\xaa\x83\xa8\x9e\x05@\xd2\x18X\x00\
\x96\xdd\xb6\xc0Y\x99\xf9\x92\xea \xaae\x01\x904\x06\
\x16\x80\xe5\xb3.p\xac\xa3\x85\xdbV~CHff\
\xe5\xf1\x1dG)\x0d_f\xaeJ\xb7\x1b\xe0\xaa\xd5Y\
\x06\xe8D\xe0\xd5C\x1f-\xac\xe5g\xf3\x934x\x11\
\xb1\x08\xb8\xba:\xc7@=\x8f\xeeQ\xc1'V\x07\xd1\
|Y\x00$\x8d\x85\x97\x01V\xdcV\xc073\xf3\xb5\
\xd5A4?\x16\x00Ica\x01X9k\x02G:\
Z\xb8\x1d\x16\x00IcQ]\x00\xee,>\xfe\xb4\x1c\
\x08|%37\xae\x0e\xa2\xd9\xb2\x00H\x1a\x8b\xea\x02\
p\x0cp\x18Pzc\xf3\x94\xec\x06|;3\x9fV\
\x1dD\xb3c\x01\x904\x16\xd5\x05`\xa3\x888\x04\xd8\
\x0b\xb8\xbe8\xcb4l\x06\x9c\x9a\x99\x07W\x07\xd1l\
X\x00$\x8dEu\x01x\x04@D\x1c\x0f\xec\x0c\x9c\
_\x1bg*\xd6\x00\xfe>3?\x91\x99\x0f\xae\x0e\xa3\
\xe9\xb2\x00H\x1a\x8b^\x14\x00\x80\x88\xb8\x10\xd8\x05\xf8\
|]\x9c\xa9\xda\x97n\xb4\xf0\xa3\xab\x83hz,\x00\
\x92\xc6\xa2\xba\x00\xac\x97\x99k.\xfcMD\xdc\x08\xbc\
\x0c8\x04XT\x96jz\x9eL\xb7_\xc0\xb3\xab\x83\
h:,\x00\x92\xc6\xe2Jjo\xc0\x0b\xe0W\xee\x9c\
\x8f\x88\x8c\x88\xc3\x80\x17\x00\xd7\x96\xa4\x9a\xae\x87\x03'\
:Zx\x1c,\x00\x92F!\x22n\x07\xaa\xb7\xb3}\
\xc4\xd2\xfe\xc7\x888\x89\xee\x13\xf49\xf3\x8d3\x13\x0b\
\xa3\x85\x8f\xcb\xcc\x87V\x87\xd1\x8a\xb3\x00H\x1a\x93\xea\
\xcb\x00K-\x00\x00\x11q)\xf0L\xe0\xc8\xf9\xc5\x99\
\xa9\x17\xd1\xed\x1e\xf8\xf8\xea Z1\x16\x00Ic\xd2\
\xdb\x02\x00\x10\x11\xb7E\xc4\xeb\x817\x00w\xcc'\xd2\
LmC7Z\xf8\xa5\xd5A\xb4\xfc,\x00\x92\xc6\xa4\
\xd7\x05`AD|\x14\xd8\x83\xfa\xbc\xd3\xb0\x0ep\xcc\
d\xb4\xb0\xd3\x18\x07\xc4\x02 iL\xaaO\xa8\xcbT\
\x00\x00\x22\xe2\xeb\xc0\x0e\xc0\x19\xb3\x8b37\x01\xbc\x03\
\xf8Bf\xae_\x1dF\xcb\xc6\x02 iL\x06S\x00\
\x00\x22\xe2r\xbamw\x0f\x9bM\x9c\xb9\xfb-\xe0\xbc\
\xcc\xdc\xb1:\x88\x1e\x98\x05@\xd2\x98\x0c\xaa\x00\x00D\
\xc4]\x93-\x84\xf7\x05n\x99~\xa4\xb9\xdb\x028=\
3__\x1dD\xf7\xcf\x02 iL\xae,>\xfer\
\x17\x80\x05\x11\xf1)`W\xe0\xe2\xe9\xc5)\xb3&p\
\xc4d\xb4\xf0\x83\xaa\xc3h\xe9,\x00\x92\xc6\xa4z\x05\
`\xc3\x95\xb9\x11.\x22\xce\x03v\x04\xbe<\xbdH\xa5\
\x0e\x04N\xc9\xcc\x15.F\x9a\x1d\x0b\x80\xa41\xa9.\
\x00\xab\x02\x1b\xae\xcc\x0bD\xc45\xc0\xf3\x81?\x03\xee\
\x9eF\xa8b\xbb\x02\xe7d\xe6\xd3\xab\x83\xe8WY\x00\
$\x8d\xc6d\xff\xfd\x9b\x8ac\xac\xf4\xa7\xdd\x88X\x14\
\x11\xefa<\xa3\x857\x05N\xcb\xccwT\x07\xd1\xbd\
,\x00\x92\xc6f\xb0\xf7\x01,)\x22N\x00v\x02~\
8\xad\xd7,\xb4\x1aphf~\xd2\xd1\xc2\xfd`\x01\
\x9046\xd5\x97\x01\xa6z\xbd;\x22~L7Z\xf8\
_\xa6\xf9\xba\x85^\x0d|\xc3\xd1\xc2\xf5,\x00\x92\xc6\
fT\x05\x00 \x22n\x02^\xcexF\x0b\xff:\xdd\
h\xe1\xe7T\x07i\x99\x05@\xd2\xd8\x8c\xae\x00\xc0\xaf\
\x8c\x16\xde\x13\xb8j\x16\xc7\x98\xb3\x87\x03'M\xb6\x10\
\xf6\x5cT\xc0\x1f\xba\xa4\xb1\x19e\x01X\x10\x11_\xa3\
\xdbB\xf8\xecY\x1egN\x16\xb6\x10v\xb4p\x01\x0b\
\x80\xa4\xb1\x19u\x01\x00\x88\x88\x9f\xd1m!|\xc4\xac\
\x8f5'/\x04\xce\xce\xcc_\xab\x0e\xd2\x12\x0b\x80\xa4\
\xb1\x19}\x01\x80{F\x0b\x1f\xc0xF\x0b?\x8en\
\xb4\xf0\xcb\xaa\x83\xb4\xc2\x02 il\xca\x0b@f\xc6\
\xbc\x0e6\x19-\xbc+p\xe9\xbc\x8e9Ck\x03\x9f\
\xcb\xcc\x0fd\xe6j\xd5a\xc6\xce\x02 il\xaa\x0b\
\xc0\x83\x80\xf5\xe6y\xc0\x888\x87\xee\xbe\x80S\xe6y\
\xdc\x19\x09\xe0 \xe0+\x99\xb9Qu\x981\xb3\x00H\
\x1a\x9bk\x81\xdb\x8b3\xcc}\xef\xfb\x88\xb8\x1ax.\
\xe3\x19-\xfc,\xba-\x84w\xaa\x0e2V\x16\x00I\
\xa3\x12\x11\x09\xfc\xbc8F\xc9\xf0\x9b\xc5F\x0b\xbf\x8a\
\xf1\x8c\x16>-3\x7f\xa7:\xc8\x18Y\x00$\x8dQ\
\xf5e\x80\xd2\xe9w\x11q4\xf0t\xe0\xa7\x959\xa6\
dM\xe0\xff:Zx\xfa,\x00\x92\xc6\xa8\xe9\x02\x00\
\x10\x11\xdf\x05\x9e\x0c\xfc[u\x96)9\x90n\x0b\xe1\
GV\x07\x19\x0b\x0b\x80\xa41j\xbe\x00\x00D\xc4\x0d\
\xc0K\xe8\xb6\x10\x1e\xc3h\xe1\x1d\xe8\xee\x0b\xf8\xcd\xea\
 c`\x01\x904F\x16\x80\x89\xc5\xb6\x10~\x11p\
]u\x9e)\xd8\x10\xf8\x92\xa3\x85W\x9e\x05@\xd2\x18\
Y\x00\x96\x10\x11_\xa4\x1b-\xfc\x83\xea,S\xb00\
Z\xf8S\x8e\x16^q\x16\x00Icd\x01X\x8a\x88\
\xf8\x09\xf04\xe0s\xd5Y\xa6\xe4U\xc0\x19\x99\xf9\x98\
\xea Cd\x01\x904F\x16\x80\xfb\x10\x117E\xc4\
>t[\x08\xdfY\x9dg\x0a\x9e\x04|'3_\x5c\
\x1ddh,\x00\x92\xc6\xa8\xba\x00\xac\x9d\x99k\x17g\
\xb8_\x93-\x84\xf7\xa4~\xcf\x84iX\x17\xf8WG\
\x0b/\x1f\x7fP\x92\xc6\xe8*`Qq\x86\xde\xae\x02\
,\x88\x88\xd3\xe9\xee\xac\xfffu\x96)X\x18-\xfc\
o\x99\xf9\xb0\xea0C`\x01\x904:\x11\xb1\x08\xb8\
\xba8F\xef\x0b\x00@D\xfc7\xddh\xe1\xc3\xab\xb3\
L\xc9\x0b\xe8F\x0b?\xa1:H\xdfY\x00$\x8dU\
\xf5e\x80A\x14\x00\x80\x88\xb8=\x22\x0e\x04\xf6\x07n\
\xad\xce3\x05[\x03gf\xe6\xde\xd5A\xfa\xcc\x02 \
i\xac,\x00\xcb)\x22\x8e\x02\x9e\x01\x5cR\x9de\x0a\
\x16F\x0b\x7f$3W\xaf\x0e\xd3G\x16\x00Ice\
\x01X\x01\x11q.\xdd}\x01_\xad\xce2%\x07\x02\
'g\xe6\xc6\xd5A\xfa\xc6\x02 i\xac\xae,>\xfe\
 \x0b\x00@D\xfc\x02\xf8-\xc63Z\xf87\xe8\xb6\
\x10\xde\xb9:H\x9fX\x00$\x8d\x95+\x00+a\xb1\
\xd1\xc2\xaf\x04n\xae\xce3\x05\x9b\xd3\x8d\x16>\xa0:\
H_X\x00$\x8d\x95\x05`\x0a\x22\xe23t\x97\x04\
~T\x9de\x0a\xd6\x00\x0e\xcf\xcc\xa32s\xad\xea0\
\xd5,\x00\x92\xc6\xca\x020%\x11q\x01\xb0\x0b\xf0\xaf\
\xd5Y\xa6d?\xe0?2\xf3Q\xd5A*\xf5\xa1\x00\
\x94\x8e\xa8t\xd7(i\xb4\xaa\x0b\xc0z\x99\xb9fq\
\x86\xa9\x99\x8c\x16~)\xe3\x19-\xfcT\xba\xfb\x02\xf6\
\xa8\x0eR\xa5\x0f'\xbf[\x8a\x8f\xdf\xfc2\x904R\
W\x00Yx\xfc\x00Fu\xe7\xf9b\xa3\x85_\x08\xfc\
\xb2:\xcf\x14l\x00\x9c\xd4\xeah\xe1>\x14\x80\x1b\x8b\
\x8f?\x9ae:I\xf7\x8a\x88\xdb\x81\xeb\x8ac\x8c\xf2\
\xfd%\x22\xfe\x9dn\xb4\xf0\xf7\xab\xb3L\xc1\xc2h\xe1\
\xa33\xf3!\xd5a\xe6\xc9\x02\x00\xbfV||I\xb3\
S}\x19`\x94\x05\x00 \x22.\xa2+\x01\x1f\xaf\xce\
2%\xaf\xa0\xbb$\xb0mu\x90y\xe9C\x01\xb8\xa9\
\xf8\xf8\xcf->\xbe\xa4\xd9\xb1\x00\xccPD\xdc\x16\x11\
\xafe<\xa3\x85\xb7\x05\xbe\x99\x99{U\x07\x99\x87>\
\x14\x80\xeaQ\x94\xff+3\xa38\x83\xa4\xd9\xb0\x00\xcc\
\xc1d\xb4\xf0\x1e\xd4o\xbe4\x0d\xeb\x02\x9foa\xb4\
p\x1f\xbe\xb9\x9f\x14\x1f\xff\x91t{_K\x1a\x1f\x0b\
\xc0\x9cD\xc4\x7f\xd0\xed\x17pVu\x96)X\x18-\
|Bf\xaeW\x1dfV,\x00\x9d\xbf\xaa\x0e i\
&,\x00s\x14\x11\x97\x01\xcf\x02>X\x1ceZ\x9e\
O7Zx\xfb\xea \xb3\xd0\x87\x02pau\x00\xe0\
\x19\x99\xf9\xfc\xea\x10\x92\xa6\xce\x020g\x93\xd1\xc2\x07\
\x03\xafa\x1c\xa3\x85\x1fKw_\xc0\xfe\xd5A\xa6\xcd\
\x02p\xaf#2s\xb3\xea\x10\x92\xa6\xca\x02P$\x22\
>\x01\xec\x0a\xfcWq\x94iX\x0b\xf8\xd8\xd8F\x0b\
\x97\x17\x80\x88\xb8\x14\xb8\xac:\x07\xb0\x09p\xec\x98v\
\xee\x92T^\x006\xcc\xccU\x8b3\x94\x89\x88\xef\xd0\
\xdd\x17\xf0\x95\xea,S\xb20Zx\x93\xea \xd3P\
^\x00&N\xab\x0e0\xb13pJfnT\x1dD\
\xd2TT\x17\x80U\x81\xa6\xdfO\x22\xe2\x1a\xe0yt\
\xa3\x85+wf\x9c\x96\x85\xd1\xc2\xbbT\x07YY}\
)\x00_\xab\x0e\xb0\x98\xa7\x01gd\xe6S\xab\x83H\
Z9\x11q#\xf5{\x8d4{\x19`AD,\x9a\
\x8c\x16\xde\x0b\xb8\xbe:\xcf\x14l\x06|-3\x0f\xae\
\x0e\xb22\xfaR\x00\xfa\xb2\x02\xb0`+\xba;??\
\x9e\x99\x8f\xac\x0e#i\xa5T?\x9b\xde|\x01X\x10\
\x11\xc7\xd3\xad\xb4\x9e_\x9de\x0a\xd6\x00\xfe~\xc8\xa3\
\x85{Q\x00\x22\xe2\xc7\xf4\xe3q\xc0\xc5\xadBw\x17\
\xeb\xc5\x99yzf\x1e\x9c\x99\xcf\xc8\xcc-3\xf3A\
\xd5\xe1$-\xb3\xea\xcb\x00\x16\x80\xc5D\xc4\x85t\xa3\
\x85\x8f\xad\xce2%\xfb\x01_\xcf\xcc-\xab\x83,\xaf\
\xd5\xaa\x03,\xe6h\xe0O\xabC,\xc5*\xc03'\
_\xf7\xc8\x1c\xc3\xa5,\xa9VD\xccc\x17N\x0b@\
\xcfD\xc4\x8d\x99\xb97\xf0v\xe0/\xe9\xee\x95\x18\xb2\
\xa7\x00\xdf\xca\xccWF\xc4\xc9\xd5a\x96U/V\x00\
&>Q\x1d@\xd2(Y\x00zh\xb1\xd1\xc2/\x00\
\xae\xad\xce3\x05\xf7\x8c\x16\x1e\xca\xf6\xf2\xbd)\x00\x93\
\xc9R\xdf\xae\xce!it,\x00=\x16\x11'\x01O\
\x06\xce\xa9\xce2\x05\xab\x02\x87\x02\xff\x9a\x99\xebV\x87\
y \xbd)\x00\x13GV\x07\x904:\xd5\x05`\x14\
\xcf\x8c\xcf\xd2d?\x98g2\x9es\xc0\x8b\xe9v\x0f\
\xdc\xae:\xc8\xfd\xe9\xd52Ef>\x98n\xd7\xa8\x0d\
\x8b\xa3H\x9a\x83y\xdc\x03\x90\x99\xcf\x01\xbe4\xeb\xe3\
\xdc\x8fK\x22b\xcb\xc2\xe3\xf7\xc2\xe4N\xf9\xf5\x80\x87\
M\xfe\xbc\xaf\xbf\xfem\xba\x89|cp\x1d\xf0\x9a\x88\
8\xa1:\xc8\xd2\xf4\xaa\x00\x00d\xe6\xbb\x81\xf7T\xe7\
\x904{s*\x00O\x00\xbe?\xeb\xe3\xdc\x8f;\x80\
5#b\xf0w\x0e/v\x12_\x91\xafVwYM\
\xe0\x8f\x22\xe2o\xab\x83,\xa9\x8f\x05`}\xe0\x12`\
\xed\xea,\x92fkN\x05`\x03\xe0\xeaY\x1f\xe7\x01\
l0\xd9\x11\xaf\xdcd\xbb\xf3M\x81\xf5\xf9\xd5O\xe0\
\xcb\xf2\xe9|\xe8w\xebWzwD\xfcyu\x88\xc5\
\xf5\xae\x00\x00d\xe6\xfb\x81\xff]\x9dC\xd2l\xcd\xa9\
\x00\x04p\x1bP\xb9\x7f\xc7\xf6\x11\xf1\x83\x8a\x03O\x0a\
\xd0\xcb\x81=\xe9\x9e\xbf\xf7\xa6\xc4:\xfbF\xc4\xa7\xaa\
C,\xe8k\x01X\x17\xb8\x00\x7fQ\xa5Q\x9b\xd3>\
\x00d\xe6%@\xe5\xae\x9e\xcf\x89\x88\xb9\x0e\xc4\xc9\xcc\
\xc7\xd2]N\xdd\x9b\xda\xf2\xa3{\xdd\x0a\xec\x18\x11?\
\xac\x0e\x02\xfd{\x0a\x00\x80\x88\xb8\x01xWu\x0eI\
\xa3Q\xfd$\xc0\xdc>\xccd\xe6\xea\x99\xf9\x17t\xdb\
\xed\xbe\x1aO\xfe}\xb2\x16\xf0\x0f\xd5!\x16\xf4\xb2\x00\
L\x1c\x09\x9c]\x1dB\xd2(4Q\x002sc\xe0\
\xeb\xc0\xff\x01F3\xb7~dv\xcf\xcc\x17W\x87\x80\
\x1e\x17\x80\x88\xb8\x1b\xf8=\xba;h%ieT\x17\
\x80\x99\xef\x05\x90\x99\x8f\x02\xce\x04v\x9a\xf5\xb1\xb4\xd2\
\x0e\xaa\x0e\x00=.\x00\x00\x11\xf1m\xfa9\x1f@\xd2\
\xb0\x8cz\x22\xe0\xe4\xe9\xa9\x13\x81G\xcf\xf28\x9a\x9a\
\xdd'\xf7h\x94\xeau\x01\x98\xf8k`0\xc3\x15$\
\xf5R\xf5\x0a\xc0\xac/\x01|\x04\xe8\xf5\xaes\xfa\x15\
\x01\xfcVu\x88\xde\x17\x80\xc9\xa5\x80\xfd\xa9\x7f\x8eW\
\xd2p\x8d\xb6\x00d\xe6~\xc0\xcbf\xf5\xfa\x9a\x99\xa7\
W\x07\xe8}\x01\x00\x88\x88\xcb\xe9&F\xddR\x9dE\
\xd2 \x8d\xb2\x00d\xe6z\xc0\xdf\xcc\xe2\xb55s\xdb\
W\x07\x18D\x01\x00\x88\x88\xb3\x81W\x02\x8b\xaa\xb3H\
\x1a\x9c\xea\x02\xb0vf\xcebw\xd3\xbf\xc2\xd9)C\
\xb5Au\x80\xc1\x14\x00\x80\x888\x1ex{u\x0eI\
\x83s\x15pwq\x86M\xa7\xf9b\x99\xb9\x13p\xe0\
4_Ss\xf5\xb0\xea\x00\x83*\x00\x00\x93\x81\x0a\xbd\
\xdaOYR\xbfE\xc4]\xd4\xdfG4\xb5G\x013\
s\x15\xba\x0de\x06\xf7\x1e\xae{\xdcP\x1d`\x90\xbf\
<\x11\xf1n\xe0\xf7\xe9\xa6,I\xd2\xb2\xa8\xbe\x0c0\
\xcd\xfb\x00\xde\x84\xcf\xfb\x0f\xdd\xb5\xd5\x01\x06Y\x00\x00\
\x22\xe2C\xc0\x1b\xa9_\xd6\x934\x0c\xa3(\x00\x93\xdd\
\xfe\xde;\x8d\xd7R\xa9\x1fU\x07\x18l\x01\x00\x88\x88\
\x8f\x02/\x05\xae\xaf\xce\x22\xa9\xf7FQ\x00\x80\xf7\xd3\
\x83\xeb\xc7ZigV\x07\x18t\x01\x00\x88\x88\xe3\x80\
\x1d\x80\xefUg\x91\xd4k\x83/\x00\x99\xb9\x1b\xdd\x80\
\x1f\x0d\xdfW\xab\x03\x0c\xbe\x00\x00D\xc4E\xc0\xd3\x80\
\xa3\xaa\xb3H\xea\xadA\x17\x80\xcc\x5c\x0d\xf8 =\x1d\
\xe3\xae\xe5\xf2\xdd\x888\xb7:\xc4(\x0a\x00@D\xdc\
\x12\x11\xfb\x03/\x02.\xad\xce#\xa9w\x06]\x00\x80\
\xb7\x02O\x9cF\x10\x95\xfbPu\x00\x18Q\x01X\x10\
\x11'\x00\x8f\x07\x0e\xc3M\x83$\xddk\xb0\x05 3\
\xb7\x00\xde5\xc5,\xaas>\xf0\xb1\xea\x100\xc2\x02\
\x00\x10\x117G\xc4!\xc0.\xc0I\xd5y$\xf5B\
\xf5D\xc0\xf52s\x8d\x15\xfcw?\x00\xccb'A\
\xcd\xd7\xdd\xc0[&\xfbR\x94\x1be\x01X\x10\x11\xe7\
D\xc4\xf3\x80'\x03\xc7\xe0\xbe\x01R\xcb.\xa7\xf6=\
 X\x81\xcd\x802\xf3\xb9\xc0K\xa6\x1fG\x05\xde\x1d\
\x11\xa7V\x87X\xd0\xd4\xcd$\x99\xb9#\xf0\xbb\xc0>\
\xc0\xba\xc5q\xa4\xe6E\xc4\x5c\xdf\x832\xf3Z`\xbd\
y\x1es\x09O\x8b\x88\xb3\x96\xf5\x1f\xce\xcc\xb5\x80\x1f\
\x00\x8f\x99]$\xcd\xc9\xa7\x81}#\xa27\x1fDG\
\xbd\x02\xb0\xa4\x88\xf8VD\x1cHw-n?\xe0d\
\xa0\x17K1\x92\xe6bh\xf7\x01\xfc1\x9e\xfc\xc7\xe0\
c\xc0\xfe}:\xf9Cc\x05`\xc1\xe4\x89\x81OF\
\xc4\xb3\xe96\xd4x6\xddM\x83\xdf\xc6\xcb\x04\xd2\x98\
\x0d\xa6\x00d\xe6\xd68\xfcl\xe8n\x02\xde\x1c\x11\xaf\
\xeb\xcbu\xff\xc5\xadV\x1d\xa0ZD\xdcL\xb7\x12p\
2\xdc3_{\x1b`\xbb\xc9\x9f\xdb\x00\x1b\x01\xeb\xd0\
\xdd\x84\xf30\xba\xcb\x07\xabV\xe4\x95\xb4R\x06S\x00\
\xe8\x1e\x15[\xd1\x9b\x06U\xebn\xe08\xe0m\x11\xf1\
\xd3\xea0\xf7\xa5\xf9\x02\xb0\xa4\x88\xf8%p\xd6\xe4K\
\xd2\xb8\x0c\xa2\x00d\xe6\xde\xc0sf\x9cE\xd3\xf73\
\xe0x\xe0\xc3\x11Q\xbe\xd7\xff\x03\xb1\x00HjI\xf5\
\xa3\x80\x0fX\x002s\x1d\xe0\xef\xe6\x90E\xcb\xee\x0e\
\xe0:\xe0\x97\x93\xaf\xeb\x16\xfb\xf32\xe0\x22\xe0\xfc\x88\
\xf8~Y\xc2\x15`\x01\x90\xd4\x92\xcb\x8b\x8f\xbf,+\
\x00\xef\x016\x9bq\x8e\x16\xdd\xc6\xbd'\xf0\xa5}\xdd\
z?\xff\xcc\x15}\xbb\x81o\x1a,\x00\x92Z\xd2\xeb\
\x15\x80\xcc|\x02\xf0\xfbs\xca2D\x0ft\x12\xbf\xaf\
\xafk\x22\xe2\xf6\x8a\xc0}f\x01\x90\xd4\x92\xea{\x00\
6\xca\xcc\xd5\x96vGxf\x06\xdd\x8d\x7f\xab\xcf?\
\xd6\x5c\xad\xe8I\xfc\xaa>\xdeI?d\x16\x00I-\
\xa9.\x00\xab\x00\x1b\xdeG\x8e\xd7\x02\xbb\xcd5\xcd\x8a\
q)}$\x9a\xda\x09P\x922\xf3&\xe0!\x85\x11\
\x9e\xba\xe4(\xd8\xcc\x5c\x1f\xb8\x80\xae\x1c\xf4\xc9\x07\x80\
\xa3YT\x19\x7f\x04\x00\x00\x05\x9aIDAT\xec\xc6\
\xb7\x88\xb8\xb36\x92\xa6\xc5\x15\x00I\xad\xb9\x12\xd8\xaa\
\xf0\xf8K\xbb\x0f\xe0\xaf\xe8\xdf\xc9\xff'\xc0!\x11q\
[u\x10\xcdF\x93;\x01JjZ\xf5e\x80_)\
\x00\x99\xb9\x03\xdd\x8c\x92\xbe9\xd8\x93\xff\xb8Y\x00$\
\xb5\xa67\x05 3W\x01>L\xff\xde\x8b?\x13\x11\
'V\x87\xd0l\xf5\xed\x97N\x92f\xad7\x05\x00\xf8\
=`\xa7\xaa \xf7\xe1F\xe0\x8f\xaaCh\xf6,\x00\
\x92Z\xd3\x8b\x02\x90\x99\x1b\x03\x7fQ\x9cei\xde\x1d\
\x11\x97U\x87\xd0\xecY\x00$\xb5\xa6\x17\x05\x00x?\
\xddp\xb1>\xf9\x01\xdd^\x04j\x80\x05@Rk\xca\
\x0b@f>\x13xuq\x8e%%\xf0\x16\x1f\xf3k\
\x87\x05@Rk\xaa\x0b\xc0\xc6\xc0?\xd3\xbf}X\x8e\
\x8c\x88\xd3\xaaCh~\xfa\xf6\x0b(I3\x95\x99\x1b\
\x00WW\xe7\xe8\x99k\x81m#\xc2\x9fKC\x5c\x01\
\x90\xd4\x9ak\xe8\xc6\xbb\xea^\x87x\xf2o\x8f+\x00\
\x92\x9a\x93\x99\x97\x02[T\xe7\xe8\x89o\x01\xbbD\xc4\
\xdd\xd5A4_\xae\x00HjQ\xf5}\x00}\xb1\x08\
x\x83'\xff6Y\x00$\xb5\xc8\x02\xd0\xf9PD|\
\xa7:\x84jX\x00$\xb5\xc8\x02\xd0\x0dEzOu\
\x08\xd5\xb1\x00Hj\x91\x05\x00\xde\x1a\x11\xd7U\x87P\
\x1d\x0b\x80\xa4\x16\xb5^\x00N\x07>S\x1dB\xb5,\
\x00\x92Z\xd4r\x01\xb8\x03xcDdu\x10\xd5\xb2\
\x00HjQ\xcb\x05\xe0\xfd\x11\xf1\xa3\xea\x10\xaa\xe7>\
\x00\x92\x9a\x93\x99\x9b\x02-N\xbc\xbb\x14x|D\xdc\
\x5c\x1dD\xf5\x5c\x01\x90\xd4\xa2\xab\xe8\x9e\x81o\xcd\xef\
{\xf2\xd7\x02\x0b\x80\xa4\xe6D\xc4]\xc0/\xaas\xcc\
\xd9\x89\x11q|u\x08\xf5\x87\x05@R\xabZ\xba\x0f\
\xe0V\xe0\xcd\xd5!\xd4/\x16\x00I\xadj\xa9\x00\xbc\
7\x22.\xae\x0e\xa1~\xb1\x00HjU+\x05\xe0'\
\xc0\xdfT\x87P\xffX\x00$\xb5\xea\xca\xea\x00s\xf2\
\xa6\x88\xb8\xbd:\x84\xfa\xc7\x02 \xa9U-\xac\x00|\
:\x22\xbeZ\x1dB\xfdd\x01\x90\xd4\xaa\xb1\x17\x80\x1b\
\x80\xb7U\x87P\x7fY\x00$\xb5j\xec\x05\xe0]\x11\
qyu\x08\xf5\x97;\x01JjRf>\x1a\xf8i\
u\x8e\x19\xf9>\xf0\x94\xc9~\x07\xd2R\xb9\x02 \xa9\
Uc]\x01\xb8\x1bx\x83'\x7f=\x10\x0b\x80\xa4&\
E\xc4m\xc0u\xd59f\xe0\x88\x888\xb3:\x84\xfa\
\xcf\x02 \xa9ec[\x05\xb8\x16\xf8\x93\xea\x10\x1a\x06\
\x0b\x80\xa4\x96\x8d\xad\x00\xbc=\x22Z\x9bq\xa0\x15d\
\x01\x90\xd4\xb21\x15\x80\xb3\x81#\xabCh8,\x00\
\x92Z6\x96\x02\xb0\x88\xee\xc6\xbf\xbb\xab\x83h8,\
\x00\x92Z6\x96\x02\xf0\xc1\x888\xaf:\x84\x86\xc5\x02\
 \xa9ec(\x00W\x02\x7fV\x1dB\xc3c\x01\x90\
\xd4\xb21\x14\x80?\x88\x88\xeb\xabChx,\x00\x92\
Z6\xf4\x02prD|\xb6:\x84\x86\xc9\xad\x80%\
5+3\xd7\x05\x86\xfa\xe9\xf9\x0e\xe0I\x11qAu\
\x10\x0d\x93+\x00\x92\x9a\x15\x117\x007W\xe7XA\
\xef\xf3\xe4\xaf\x95\xe1\x0a\x80\xa4\xa6e\xe6E\xc0V\xd5\
9\x96\xd3\xa5\xc0\xe3#b\xa8\xe5E=\xe0\x0a\x80\xa4\
\xd6\x0d\xf1>\x80\xb7x\xf2\xd7\xca\xb2\x00Hj\xdd\xd0\
\x0a\xc0q\x11qBu\x08\x0d\x9f\x05@R\xeb\x86T\
\x00n\x01\xdeZ\x1dB\xe3`\x01\x90\xd4\xba!\x15\x80\
\xbf\x88\x88\x8b\xabCh\x1c,\x00\x92Z7\x94\x02\xf0\
c\xe0\xef\xaaCh<,\x00\x92Z7\x94\x02\xf0\xa6\
\x88\xb8\xbd:\x84\xc6\xc3\x02 \xa9uC(\x00\x9f\x8c\
\x88S\xaaCh\x5c\xdc\x07@R\xd32s\x03\xe0\xea\
\xea\x1c\xf7\xe3\x06`\xbb\x88\xb8\xbc:\x88\xc6\xc5\x15\x00\
I\xad\xbb\x86n[\xdd\xbez\xa7'\x7f\xcd\x82+\x00\
\x92\x9a\x97\x99\x97\x02[T\xe7X\x8as\x81\x9d\x22b\
Qu\x10\x8d\x8f+\x00\x92\x04WV\x07X\x8a\xbb\x81\
7{\xf2\xd7\xacX\x00$\xa9\x9f7\x02\x1e\x1e\x11g\
U\x87\xd0xY\x00$\xa9\x7f\x05\xe0\x1a\xe0\xffT\x87\
\xd0\xb8Y\x00$\xa9\x7f\x05\xe0m\x11\xf1\x8b\xea\x10\x1a\
7\x0b\x80$\xf5\xab\x00|\x03\xf8Xu\x08\x8d\x9f\x05\
@\x92\xfaS\x00\xee\xa2\xbb\xf1/\xab\x83h\xfc,\x00\
\x92\x04\x97U\x07\x98\xf8`D|\xb7:\x84\xda\xe0>\
\x00\x92\x9a\x97\x99\x0f\x06n\xa4\xf6C\xd1\x15t;\xfe\
]_\x98A\x0dq\x05@R\xf3\x22\xe2\x16\xe0?\x8b\
c\x1c\xec\xc9_\xf3d\x01\x90\xa4\xce\xd7\x0a\x8f\xfd\xe5\
\x888\xa6\xf0\xf8j\x90\x05@\x92:G\x17\x1d\xf7v\
\xe0\xa0\xa2c\xaba\x16\x00I\xea\x9c\x0e\x5c\x5cp\xdc\
\xc3\x22\xe2\xc2\x82\xe3J\x92$\x80\xcc\xdc7\xe7\xeb\xa2\
\xcc\x5c\xb3\xfa\xfb\x96$\xa9i\x99\xb9Jf~{N\
'\xffE\x99\xb9g\xf5\xf7,I\x92\x80\xcc|lf\
^?\x87\x02pX\xf5\xf7*I\x92\x16\x93\x99{g\
\xe6]3<\xf9\x7f53W\xaf\xfe>%I\xd2\x12\
2s\x9f\xcc\xbcs\x06'\xff\xd33s\xed\xea\xefO\
\x92$\xdd\x87\xcc|Af^=\xc5\x93\xff\x11\xd9\xed\
:(I\x92\xfa,37\xcd\xcc/\xac\xe4\x89\xff\x8a\
\xcc|E\xf5\xf7\x22I\x92\x96Sf\xee\x9a\x99'e\
w\xf7\xfe\xb2\xfaYf\xbe\xddO\xfd\xea#\x87\x01I\
\xd2r\xc8\xccM\x80\x17\x01\xbf\x09l\x0d<v\xf2\x7f\
-\xa2\x1b(t>p\x1e\xf0\x05\xe0\xcc\x88\xb8\xbb\x22\
\xa7$I\x92$I\x92$I\x92$I\x92$I\x92\
$I\x92$I\x92$I\x92$I\x92$I\x92$\
I\x92$I\x92$I\x92$I\x92$I\x92$I\
\x92$I\x92$I\x92$I\x92$I\x92$I\x92\
$I\x92$I\x92$I\x92$I\x92$I\x92$\
I\x92$I\x92$I\x92$I\x92$I\x92$I\
\xd24\xfc\x7f1\xe0o\xb4\x94\x13 i\x00\x00\x00\x00\
IEND\xaeB`\x82\
\x00\x007K\
\x89\
PNG\x0d\x0a\x1a\x0a\x00\x00\x00\x0dIHDR\x00\
\x00\x02\x00\x00\x00\x02\x00\x08\x06\x00\x00\x00\xf4x\xd4\xfa\
\x00\x00\x00\x04sBIT\x08\x08\x08\x08|\x08d\x88\
\x00\x00\x00\x09pHYs\x00\x00\x0e\xc4\x00\x00\x0e\xc4\
\x01\x95+\x0e\x1b\x00\x00\x00\x19tEXtSof\
tware\x00www.inksca\
pe.org\x9b\xee<\x1a\x00\x00 \x00ID\
ATx\x9c\xed\xddw\xd8$U\x99\xfe\xf1\xfb\x99\x19\
\xd2\x90%GG\x90\x9cd\x15\x91 \xa2,\x82\x02\xae\
\xe4U\x0c+\x0afA1\xe0\x1aXqEw\x17\x15\
\x5cE1\xad\x22J\xd0U~\x08\x82\xa2\x12\x1c@\x17\
\x05\x81\x01$\x08\x03\x0e\x99!\x0d\x03\x93\xef\xdf\x1f\xd5\
#\xe3\xf8\xbe3o\x9f\xae\xeaS\xe1\xfb\xb9\xae\xbe\xf4\
\x1a\xde\xd3u\x9f\xae\xea\xaa\xa7+\x9c#\x01\x00\x00\x00\
\x00\x00\x00\x00\x00\x00\x00\x00\x00\x00\x00\x00\x00\x00\x00\x00\
\x00\x00\x00\x00\x00\x00\x00\x00\x00\x00\x00\x00\x00\x00\x00\x00\
\x00\x00\x00\x00\x00\x00\x00\x00\x00\x00\x00\x00\x00\x00\x00\x00\
\x00\x00\x00\x00\x00\x00\x00\x00\x00\x00\x00\x00\x00\x00\x00\x00\
\x00\x00\x00\x00\x00\x00\x00\x00\x00\x00\x00\x00\x00\x00\x00\x00\
\x00\x00\x00\x00\x00\x00\x00\x00\x00\x00\x00\x00\x00\x00\x00\x00\
\x00\x00\x00\x00\x00\x00\x00\x00\x00\x00\x00\x00\x00\x00\x00\x00\
\x00\x00\x00\x00\x00\x00\x00\x00\x00\x00\x00\x00\x00\x00\x00\x00\
\x00\x00\x00\x00\x00\x00\x00\x00\x00\x00\x00\x00\x00\x00\x00\x00\
\x00\x00\x00\x00\x00\x00\x00\x00\x00@\x87D\xee\x009\xd8\
^M\xd2\x8a\x92\x96\xcb\x9d\x05\x002yB\xd2\xcc\x88\
\x98\x95;\x08\xf2hu\x01\xd0;\xd0\xef!\xe9\xe5\x92\
\xb6\x95\xb4\xb9\xa4\x8d\xb3\x86\x02\x80zyF\xd2\xad\xbd\
\xd7\xef$]*\xe9\x86\x88X\x905\x15*\xd7\xba\x02\
\xc0\xf6\xf2\x92\x0e\x94\xf4&I{K\x1a\x9f7\x11\x00\
4\xce}\x92~ \xe9;\x11qS\xee0\xa8Fk\
\x0a\x00\xdb+Kz\xa7\xa4\x0fHZ's\x1c\x00h\
\x8b\x8b$\x9d\x14\x11\x93s\x07A\xb9ZQ\x00\xd8>\
@\xd2i\x926\xcc\x9d\x05\x00Z\xea\x02I\xef\x89\x88\
\xbbs\x07A9\x1a]\x00\xd8^W\xd2\x19*N\xf5\
\x03\x00\xaa5S\xd2\xb1\x11\xf1\xcd\xdcA0\xb8\xc6\x16\
\x00\xb6\xf7\x94t\x96\xa4u3G\x01\x80\xae\xf9\xbe\xa4\
\xa3#\xe2\xe9\xdcA\x90\xae\x91\x05\x80\xed\x03U\xdc\xa0\
\xb2|\xee,\x00\xd0Q\xff'i\xbf\x88x$w\x10\
\xa4i\x5c\x01`\xfb-\x92\xbe)i\x5c\xee,\x00\xd0\
qS$\xed\x19\x11\xd3s\x07A\xff\x1aU\x00\xf4n\
\xf6\xfb\xb1\xa4\x09\xb9\xb3\x00\x00$\x15g\x02\xf6\x8a\x88\
\xa7r\x07A\x7f\x1aS\x00\xd8\xdeA\xd2\xd5\x92V\xc8\
\x9d\x05\x00\xf07~\x14\x11\x87\xe6\x0e\x81\xfe4\xe24\
\xba\xed\x95$\x9d-\x0e\xfe\x00PG\x87\xd8~w\xee\
\x10\xe8O#\xce\x00\xd8>M\xc5 ?\x00\x80z\x9a\
%i\xfb\x88\xb8=w\x10\x8cM\xed\x0b\x00\xdb;I\
\xfa\xad\xca;[\xf1\x90\x8aa.\xef\x95\xc4#,\x00\
\xba(T\x8c\x98\xba\x8e\xa4\xe7\xaa\xbc\x89\xd1~\x1e\x11\
\xfb\x96\xf4^\xe8:\xdb\x93=\xb8[l\x7f\xc4\xf6\x96\
\xb9\xfb\x03\x00ub{\x05\xdb\xaf\xb1\xfd\x1d\xdb\xb3K\
\xd8\xdf\xbe:w\x9f\xd0\x02\xb6\xf7\x1cpC\xbc\xdf\xf6\
Q\xb6yj\x00\x00\x96\xc2\xf6\xa6\xb6\xcf\x1ep\xbf{\
U\xee~\xa0\x05l\xffl\x80\x8d\xf0\xb7\xb6\xd7\xcb\xdd\
\x07\x00h\x1a\xdbGz\xb0\xb3\x01/\xcd\xdd\x074\x98\
\xed\x0dl\xcfK\xdc\xf8~\xe6bZ`\x00@\x02\x17\
g`\x9fI\xdc\x07\x7f+w~4\x98\xed\x0f'n\
xSl\xaf\x92;?\x004\x9d\xed7&\xee\x87\x9f\
\xb0\xcdc\xdbHc\xfb\xb2\x84\x8dn\x8e\xed-rg\
\x07\x80\xb6\xb0\xfd\xad\xc4\x22\x80YZ\xd1?\xdb\xcb;\
\xed\xd4\xd3\x97sg\x07\x806\xb1\xbd\x9e\xed\xa7\x12\xf6\
\xc7'\xe5\xce\x8e\x06\xb2\xbd[\xc2\xc66\xd76S\x03\
\x03@\xc9l\x7f!a\x9f|y\xee\xdcX\xb2\xba\x0e\
\x05\xbcUB\x9b\xdfD\xc4\x03\xa5'\x01\x00\xfc(\xa1\
\x0d\x97ck\xae\xae\x05\xc0\xe6\x09m\xce/=\x05\x00\
@*Fc}\xa8\xcf6\xeb\xd8^\xad\x8a0(G\
]\x07\xc8Y3\xa1\xcdM\xa5\xa7h(\x17\x8f@n\
\xab\xa2\x90\xdaH\xd2J\x92\x96\x91\xf4\x98\xa4\xc7%\xdd\
*iJD<\x92-d\xc7\xf4.Om\xa3b\x9d\
\xac&iUIs$\xcd\x90t\x8f\xa4\xdbT\xac\x93\
\xb9\xd9Bv\x88\xed\xf1*\xce4n)i\x92\x8a\xef\
\xc8\xf2\x92\x9eT\xb1Nn\x93tsD\xfc%W\xc6\
:\x89\x88\x05\xb6o\x91\xb4v\x9fM\xd7T\xb1\xcfA\
\x0d\xd5\xb5\x00X9\xa1\xcd}\xa5\xa7h\x10\xdbkI\
z\x9d\xa4\xd7J\xdaE\xc5\xcel)M<E\xd2\xc5\
\x92\xbe\x17\x117V\x1c\xb1s\x5c\xccc\xf1\x06I\xaf\
Tq\xa0Y\x9a\x99\xb6'K\xfa\xb1\xa4s#\x82\x1d\
g\x89l\xaf(\xe9 I\x87Hz\x99\x8a\x22li\
m\xee\x92t\x89\xa4\xef\xab\xb8\xcc\xe8JC\xd6\xdb\xbd\
\x09mx$\x1b\xfd\xb1}A\xc2\x0d'\x9d\xbc\x01\xd0\
\xf6\x96.\xc6\xf0\x9e\x93\xf0\x99-\xea*\xdb\xfb\xdb\xae\
\xfd\x04Quf{\x9c\xed\xc3m_7\xe0\xfax\xc6\
\xf6i\xb6'\xe5\xeeS\xd3\xd9^\xd7\xf6\x7f\xda~r\
\xc0ur\xab\x8b\x11\xf2\x96\xc9\xdd\xa7\x1cl\x9f\x92\xf0\
\x991\x22 \xfac\xfb\xc2\x84\x0dm\x9d\xdc\xb9\x87\xc9\
\xf6\x8a\xb6?\xe7\xe2\xe9\x872]a{\xdb\xdc\xfdk\
\x22\xdb;\xba\x18\x82\xbaLsl\x9fj{\xa5\xdc\xfd\
k\x1a\xdb\x13l\x1f\xe3\xc1\x0f\xfc\x8b\xbb\xcd\xf6+s\
\xf7o\xd8\x9c\xf6$\xc0\x1e\xb9s\xa3aL\x01\xb0D\
\xb6_d\xfb\xcf\x09\x9f\xd1X\xcdq1{\x22g\x03\
\xc6\xc0v\xb88\xd0\x0cz\x16fIn\xb1\xbd}\xee\
\xbe6\x85\xed\x8dm_Y\xe1\xfa\xb0\xed\xd3m/\x9b\
\xbb\xaf\xc3b\x0a\x80\xd6\xa9\xebS\x00\x18\x85\xed7I\
\xbaR\xd2&\x15.f\x19I\x9f\x93\xf4\xbd.\xed\xe0\
R\xd8\x9e(\xe9\xa7\x92NQ\xf1\xb9UeKIW\
\xdb~M\x85\xcbh\x05\xdb\xbbK\xbaN\xd2\xae\x15/\
\xeahI\x97\xda~N\xc5\xcb\x01*A\x01\xd0 \xb6\
\xdf+\xe9;\x92\x86uP>B\xd2\xf9\xb6\x97\x1b\xd2\
\xf2\x1a\xc5\xf6\xca*n\x10\xdboH\x8b\x9c(\xe9\x7f\
m\xbfaH\xcbk\x1c\xdb\xfbJ\xfa\x85\xa4a\x1d\x94\
w\x95\xf4\x1bw\xe8\x0c$\xda\x83\x02\xa0!l\x1f\xa1\
\xe2W\xe6\xb0O\xcb\xef#\xe9\x5c\xdbu}b$\x8b\
\xde\x99\x91\x1f\xaa\xfa_\x99\x8b\x9b \xe9;\xb6\x0f\x1a\
\xf2rk\xcf\xf6\xce*\x06\xac\x19\xf6$4[K\xba\
\xc4<\xf3\x8e\x86\xa1\x00h\x00\x17\x8f\x93}[\xf9\xd6\
\xd7k$}2\xd3\xb2\xeb\xea\x14\x15\xc5Q\x0e\xe3%\
\x9da;e\xc4\xccV\xea\xfd\x02?O\xd2\x8a\x99\x22\
l\xa7\xe2\x92\x19\xf7\xcd\xa01(\x00j\xaew\x9a\xf9\
\x1c\x0d\xef\xb4\xffh>f\xfb\xe5\x993\xd4\x82\xed\x83\
%\xbd3s\x8c\x15%\x9d\xcd=\x1a\xc5M\x98\x92\xce\
\x92\x94\xfbQ\xe0\xfd%\xbd;s\x06`\xcc(\x00\xea\
\xefDI\xcf\xcb\x1dB\xc5\xb6\xf2u\x17\xa3\x0cv\x96\
\xedU$\x9d\x9a;G\xcf\xf6\x92\x8e\xcb\x1d\xa2\x06\x8e\
\x94T\x97\xe2\xf4$\xdb\x1b\xe4\x0e\x01\x8c\x05\x05@\x8d\
\xd9\xdeB\xd2{r\xe7X\xc4\xf3%\xbd7w\x88\xcc\
\xfeUR\x9dv\xf0\x1fwG\x07\xc1\x92$\x17\xe3#\
|6w\x8eE\xac,\x89ip\xd1\x08\x14\x00\xf5v\
\xbc\xea7\x5c\xf3q\xbdG\xdf:\xa7\xf7\xb8\xd7\xbbr\
\xe7X\xccDI\xef\xcf\x1d\x22\xa3\xb7KZ+w\x88\
\xc5\x1ca\xfb\xf9\xb9C\x00KS\xb7\x83\x0bzl\xaf\
)\xe9\xf5\x03\xbe\xcd\x1d*\xeeT\xbfA\xc5$'\xeb\
K\xdaS\xd2\x01J\x1f\xa3{\x1dI\xff\xac\xe2\xa6\xc4\
\xae9Ri\xf3T,4O\xd2\xaf$]\xa4b\xdd\
\xac&iGI\x87J\xdax\x80\xf7}\xbb\xed\x7f\x8b\
\x88g\x06x\x8f\xc6\xb1=N\x83\x9f\x91\xbaF\xc5L\
\xa2S$=\xa3b\xfb~\x89\xa4\x03\x95~O\xc1x\
\x15\xf7\x88py\x06\xe8\x97\x19\x09P\xb6\xdf\x93\xf0\x19\
,\xf4\x88\xed7\x8fvG\xb2\xed5l\x7fy\x80\xf7\
\xbft\xd8\x9fG\x1d\xd8\xbea\x80\xcf\xec\xd7\xb6G\x9c\
\x10\xc8\xc5\x90\xb5\xef\xb6=c\x80\xf7?|\xd8\x9fG\
n\xb6\xf7\x1c\xe0\xf3\xba\xdd\xf6+\x96\xf0\xde+\xd8>\
\xde\xf6\xec\xc4\xf7\xbf\xdf-{t\xd6\x8c\x04\x88a0\
\x05\x80l\xff2\xe13\xb0\xed\xa9\xb67\x1f\xe32\xde\
l{~\xc22\xe6\xbbc\xa3\x9f\xd9\xde$q}\xd8\
\xf67=\x86\x83\x81\x8b\xb9\x04\x1eL\x5c\xc6\x0f\x86\xf1\
9\xd4\x89\xd3&\xa7\xb1\x8b\x89\xaf\x96:\x13`o\x19\
{8\xbd0\xdb\xad\xea\xcf`\x98L\x01\xd0:\xdc\x03\
PC.F\xdeK\x19`\xe6iI\xff\x14\x11\xb7\x8d\
\xe5\x8f#\xe2\xbb\x92NHX\xce8\x15\x97\x12\xbad\
\xd4_\x8bK\xf1KIo\x8f\x88yK\xfb\xc3\x88\xb8\
N\xc5\xe5\x80\xa5\xfe\xed\x08^\xe1\xee=\x83\x9er\xe7\
\xff4I\xfbG\xc4\x13c\xf9\xe3\x88\xb8B\xd2\x9b\x13\
\x96#\xa5o3\xc0PP\x00\xd4\xd36J\x1b\xcd\xec\
\xd4\x88\xb8\xbe\xcf6\xff!iL\x05\xc3b^\x94\xd0\
\xa6\xc9^\x98\xd0f\x9e\xa4wE\xc4\xfc\xb16\xe8\x1d\
p\xbe\x93\xb0\xacu$m\x94\xd0\xae\x91\x5c<\x8e\x9a\
2k\xe5\x87\x22\xe2\xd1~\x1aD\xc4\x8fU\xcc\xf7\xd0\
\xaf\xae}G\xd00\x14\x00\xf5\xb4EB\x9b\x05\x92\xbe\
\xd4o\xa3\x88\x98\x9b\xd2Ni\x19\x9b,\xa5\xbf\x17D\
\xc4\xed\x09\xed\xbe\x90\xd0F\xea\xd6:\xd9L\xfd\xef\xbf\
\xee\x93tn\xe2\xf2R\xd6I\x97\xd6\x07\x1a\x88\x02\xa0\
\x9e\xd6OhsmD<\x90\xb8\xbc\x9f%\xb4\xd90\
qYM\x95\xf2\xec\xffE)\x0b\x8a\x88[$MM\
hZ\xa7\xf1\x09\xaa\x96\xd2\xd7\x8b#bA\xe2\xf2&\
\xabx\x92\xa6\x1f]Z\x1fh \x0a\x80zJy\xd4\
\xec\xce\x01\x96w\x8f\xfa\xbf\xee<\xc8\xe3pM4\xec\
u\xf2\xe7\x846\xa9\x8fv6\xd1J\x09mR.u\
I\x92z\xf7p\xdc\xd3g\xb3\x15m\x8fO]&P\
5\x0a\x80zJy|hv\xea\xc2z\xd7\xa8\xe7\xf6\
\xd9\xacU\x8f8\x8dA\xca\x8e<y\x9d$\xb6\xed\xd2\
\xc1&e\xfb\xebw\x1b_\xdc\xcc>\xff>\xd4\xadu\
\x82\x86\xa1\x00\xa8\xa7\x19\x09m\x92O7\xbax\xa4\xaf\
\xdf\x9b\x0e\xfb=\x1d\xdatO%\xb4I\xb9\x94\xb3P\
\xca\xfaL\xd9n\x9a*e}\x0czJ\xbe\xdf\xcb^\
\xb3\x22b\xce\x80\xcb\x04*C\x01PO\xd3\x13\xda\xec\
\xec\xf4\x89zR\x1e\xa7z8qYM\xf5HB\x9b\
=S\x16\xe4b\x14\xc8\x94;\xdc\xbb\xb4NR\xd6\xc7\
KS\x17f{\x13\xf5_@ti}\xa0\x81(\x00\
\xea)\xe5Z\xe5\x8a\x92\x0eK\x5c\xde[\x12\xda$_\
Om\xa8\x94\xfe\x1e\xe2b:\xe7~\xbdYi\xa7\x8e\
\xbb\xb4NnMh\xb3\x93\xed\xed\x13\x97\xf7\xb6\x846\
]Z\x1fh \x0a\x80z\xbaI\xc5c}\xfd\xfa\x94\
\x8b\xe9j\xc7\xcc\xf6\xde\x92\xf6KX\xd6\x8d\x09m\x9a\
lJB\x9b5U\xcc\x1e8f.F\xb4<>a\
YO+\xed\xc6\xc1F\x8a\x88\xc7T\x0c\xea\xd3\xaf/\
\xf4;`\x92\xedI\x92\xde\x97\xb0\xac\xae}G\xd00\
\x14\x005\x14\x11\xd3\x95\xb6\xf3\x98$\xe9L\xdb\xcb\x8e\
\xe5\x8f]\xccX\x96:\x84\xece\x89\xed\x9a\xea\xb2\xc4\
v\x1f\xb6}\xf0X\xfe\xd0\xc5,\x8b\xe7\xaa(\x1c\xfa\
ue\x07\xaf7_\x96\xd0f/I\x9f\x19\xeb\x1f\xdb\
^M\xd2\x8fU\x9ca\xebW'\xe7\xcc@sP\x00\
\xd4\xd7\xc5\x89\xed\x0e\x90t\x91\xed%^\xaf\xb4\xbd\x8f\
\xa4\xab\x95v\xb0\xb9=\x22\xeeH\x09\xd7`\x7fP\xda\
5\xddq\x92\xce\xb1}\xdc\x92\x1e\x09\xeb\x15c\x97I\
J\x1d;=i\xcc\x81\x86K\xed\xf3Gm\x9fn{\
\x89\x07u\xdb[K\xbaB\xc5\x8c\x8d\xfd\x9a\xa5\xee\x15\
\xc9h\x18\x0a\x80\xfa\xfa\xde\x00m_!\xe9\xd6\xde\xe4\
\x1d;\xdb^A*n.\xb3}\xa8\xed\x9f\xa9(0\
R\x0e\xfe\x92\xf4\xfd\x01\xb25R\xef9\xf0\xb3\x12\x9b\
\x8f\x97t\xb2\xa4\xebl\xbf\xd3\xf6sm\x8f\xb3\xbd\x92\
\xed\x97\xda>M\xc5%\x86\x9d\x12\xdf\x7f\xbe\xa4\xb3\x13\
\xdb6\xd9\xffS\xfa\x93\x0fG\xab\xf8\x8e\x1co{\xab\
\x85\xc5\x99\xed\x15]\xcc2\xf8\x0dI\x7f\x94\xb4]\xe2\
\xfb\x9f\x1f\x11]{R\x06\x18\x9c\x99\x0dP\x92d{\
r\xc2\xe70\x92\x05\xb6\x9f)\xe9\xbdf\xdb\x1ed\xee\
\xfa\xc6\xb2\xbdm\xef\xb3,\xc3\xac\x92\xde\xc7\xb6\x7f\x9c\
\xfb\xb3\xc9\xc5\xf6i%}\x86sl?\xea\xb4\xd91\
G\xb2W\xee\xcf\xa6lf6\xc0\xd6\xe1\x0c@\xbd\x9d\
T\xd2\xfb\x84\xa4\xd4G\x04\x17wFD\xf4;\x22Z\
+D\xc4\x14I\xe7\x97\xf4v\xcb\x95\xf4>\x92\xf4\xd9\
\x12\xdf\xabi>\xa7\xc1\x07\xf8\x91\xa4e$\xad\xaer\
\xf6\x89\xbf\x8d\x88_\x95\xf0>@\xa5(\x00j,\x22\
~&\xe9\xd7\xb9s,\xe2iI\xff\x9e;Df\xff\
\xaar\x0e8e9+\x22\xae\xc9\x1d\x22\x97^1\xfa\
\xd5\xdc9\x16aI\x1f\xcd\x1d\x02\x18\x0b\x0a\x80\xfa{\
\xb7\x8a\x1b\x8a\xea\xe0\x84\x88\xb8;w\x88\x9c\x22\xe2f\
\x15\xd7\xf3\xeb\xe0\x09I\x1f\xcc\x1d\xa2\x06>!\xe9\xde\
\xdc!z\xbe\x1b\x11\x97\xe5\x0e\x01\x8c\x05\x05@\xcdE\
\xc4\x9fT\x8f\x9d\xfc\xa5\x92\xbe\x98;DM\x9c\xa0\xe2\
\x09\x8a\xdc\xde\x15\x11\xf7\xe5\x0e\x91[\xeff\xbb#T\
\xdc\x0c\x99\xd3\x1d\x92\x8e\xc9\x9c\x01\x183\x0a\x80\x06\x88\
\x88\xafH\xfan\xc6\x08wIz]o\xd2\xa0\xce\x8b\
\x88\xb9\x92^/\xe9\xfe\x8c1N\x8e\x88\xd41\x1cZ\
'\x22.W\xda\x00JeyR\xd2\xc1\xdc\xf9\x8f&\
\xa1\x00h\x8e\xa3$]\x98a\xb9\x0fJ\xda'\x22\x1e\
\xcc\xb0\xec\xda\x8a\x88\xa9\x92^%\xe9\xf1\x0c\x8b?S\
\xd2\x873,\xb7\xd6\x22\xe2dI\x9f\xcf\xb0\xe8Y\x92\
\x0e\x8c\x88\x1b2,\x1bHF\x01\xd0\x10\xbd_\x9d\x07\
i\xb8\xcf{O\x95\xb4GD\xdc>\xc4e6FD\
\x5c/iw\xa5\x0dI\x9b\xea\x7f$\xbd%\x22<\xc4\
e6FD|P\xc3=\x13\xf0\xb8\x8a\x02\xb9N7\
\xeb\x02cB\x01\xd0 \xbd\xa1^\x8fPq\x0d\xba\xea\
\xd3\xf1\x97H\xda9\x22\x98\xd0d\x09\x22\xe2&I\xbb\
J\xba\xaa\xe2E\xcd\x96tLD\x1c\xd9\x1b\x94\x08\xa3\
\x88\x88\xff\x90\xf4F\xa5M\x19\xdc\x8f)\x92v\x8d\x88\
+*^\x0eP\x09\x0a\x80\x86\x89\x88\x05\x11q\xa2\x8a\
)|o\xa9`\x113$\x1d'i\xdf\x88x\xa8\x82\
\xf7o\x9d\x88\xf8\x8b\xa4\x97\xa9(\xcc\xaaxb\xe3\x0f\
*\x0e4_\xaa\xe0\xbd[)\x22\xce\x94\xf4\x22I\x97\
W\xf0\xf6\xf3T\xdc\x10\xbbsDT\xf1\x1d\x04\xba\xcb\
\x8c\x048&\xb6\x97\xb5}\xac\xed{\x13>\xaf\xc5\xcd\
v1>z\xbfs\x9ec\x11\xb67\xb5\xfd=\xdbs\
KX'w\xda~\x9b\x970\x87\x00\x96\xccv\xd8\xfe\
g\xdb7\x95\xb0>\x16\xd8\xfe\x89\xed\xd4\xe1\x81\x1b\xcd\
\x8c\x04\x88a0\x05@_l/o\xfb\x8d\xb6\x7f\xe1\
\xfe\x0f<7\xdb\xfe\x989\xf0\x97\xca\xf6&\xb6O\xb4\
\xfd\xe7>\xd7\xc7l\xdb?u1g\xc32\xb9\xfb\xd1\
\x16.\xe6^\xd8\xdf\xf6\xb9\xb6\x9f\xees\x9dL\xb3}\
\xb2\x8b\xc9\x81:\xcb\x14\x00\xad\xd3\xd7\xbc\xd8\xc3b\xfb\
BI\xaf\xee\xb3\xd9\xba\xdc\xa9.\xd9^E\xc5\xe9\xe8\
\x9d$m.iCI+KZV\xc5\xa3J\x0fI\
\xbaM\xc5\xf5\xcbK{w\xb3\xa3B\xb67\x93\xb4\xa7\
\xa4m%=_\xd2\xda*\xd6\xc9,\x15\xebd\x9a\xa4\
?I\xfa?I\xbf\x89\x88\x99y\x92v\x83\xed\xe5%\
\xed\xd2{m\xa1b\x1a\xed\x95%\xad\xa4b}<,\
\xe9NI7\xab\xb8\x84p\x137]\x16\x05\x80\xa4\xf7\
\xf7\xd9\xece\xdc#\x81\xbe\x983\x00\x00P+\x9c\x01\
h\x1fn\x02\x04\x00\xa0\x83(\x00\x00\x00\xe8 \x0a\x00\
\x00\x00:\x88\x02\x00\x00\x80\x0e\xa2\x00\x00\x00\xa0\x83(\
\x00\x00\x00\xe8 \x0a\x00\x00\x00:\x88\x02\x00\x00\x80\x0e\
\x9a\x90;@\x89\x1e\xb0;?X\x17\x00\x00c\xc2\x19\
\x00\x00\x00:\x88\x02\x00\x00\x80\x0e\xaak\x01\xc0,h\
\x00\x00T\xa8\xae\x05\xc0z\xb9\x03\x00\x00\x06V\xd7c\
\x0cT\xdf\x95\xb3Z\xee\x00\x00\x80\x81\xad\x9f;\x00F\
W\xd7\x02\x80K\x00\x00\xd0|+\xe7\x0e\x80\xd1\xd5\xb5\
\x00\x98\x9d;\x00\x00``\xd3s\x07\xc0\xe8\xeaZ\x00\
<\x92;\x00\x00``\x0f\xe5\x0e\x80\xd1\xd5\xb5\x00x\
0w\x00\x00\x00\xda\xac\xae\x05\x00C\xfa\x01\x00P\xa1\
\xba\x16\x00\x00\x00\xa0Bm\x9a\x0b\xe0\x06Iss\x87\
\x00\x80\x96\xdaP\xd2:\xb9C\xa0<m*\x00^\x19\
\x11\xdc;\x00\x00\x15\xb0\xfd\x05I\xef\xcf\x9d\x03\xe5\xe1\
\x12\x00\x00\x00\x1dD\x01\x00\x00@\x07Q\x00\x00\x00\xd0\
A\x14\x00\x00\x00t\x10\x05\x00\x00\x00\x1dD\x01\x00\x00\
@\x07Q\x00\x00\x00\xd0A\x14\x00\x00\x00t\x10\x05\x00\
\x00\x00\x1dD\x01\x00\x00@\x07Q\x00\x00\x00\xd0A\x14\
\x00\x00\x00t\x10\x05\x00\x00\x00\x1dD\x01\x00\x00@\x07\
Q\x00\x00\x00\xd0A\x14\x00\x00\x00t\x10\x05\x00\x00\x00\
\x1dD\x01\x00\x00@\x07Q\x00\x00\x00\xd0A\x14\x00\x00\
\x00t\x10\x05\x00\x00\x00\x1dD\x01\x00\x00@\x07Q\x00\
\x00\x00\xd0A\x14\x00\x00\x00t\x10\x05\x00\x00\x00\x1dD\
\x01\x00\x00@\x07Q\x00\x00\x00\xd0A\x14\x00\x00\x00t\
\x10\x05\x00\x00\x00\x1dD\x01\x00\x00@\x07Q\x00\x00\x00\
\xd0A\x14\x00\x00\x00t\x10\x05\x00\x00\x00\x1dD\x01\x00\
\x00@\x07Q\x00\x00\x00\xd0A\x14\x00\x00\x00t\x10\x05\
\x00\x00\x00\x1dD\x01\x00\x00@\x07Q\x00\x00\x00\xd0A\
\x13r\x07\xe8\x1a\xdb\x9bH:\x5c\xd2\xb6\x92\xd6\xce\x1c\
\xa7*3%\xfdY\xd2\x05\x11qi\xee0Kb;\
$\xed#\xe9U\x92&I\x9a\x985P5,\xe9A\
I\xd7K:;\x22\xa6e\xce\xb3D\xb6\xd7\x94t\x98\
\xa4\x9d%\xad#i|\xdeD\x95\x98%i\x9a\xa4_\
J:?\x22\xe6f\xce\x83\x0e\xa2\x00\x18\x12\xdb\x13$\
\x9d$\xe9XI\xcbd\x8e3,\x1f\xb0}\xb9\xa47\
\xd4\xf1\xa0c{3I?\x90\xf4\xa2\xdcY\x86\xe4\x0d\
\x92>m\xfb3\x92>\x13\x11\xce\x1dhq\xb6\x8f\x92\
t\xb2\xa4Urg\x19\x92wH\xba\xcd\xf6\x11\x11\xf1\
\xfb\xdca\xd0-\x5c\x02\x18\x82\xde\xaf\xcc3$}H\
\xdd9\xf8/\xf42IW\xd9^7w\x90E\xd9\xde\
T\xd2U\xea\xce\xc1\x7f\xa1\xe5%}Z\xd2\x7f\xe7\x0e\
\xb28\xdb\x1f\x92\xf4uu\xe7\xe0\xbf\xd0\xe6\x92.\xb7\
\xfd\xe2\xdcA\xd0-\x14\x00\xc3\xf1FI\xaf\xcb\x1d\x22\
\xa3\x8dT\xec\xd8k\xa1W\x90}O\xd2\x9a\xb9\xb3d\
\xf4n\xdb\xfb\xe5\x0e\xb1\x90\xed\x1d$}.w\x8e\x8c\
&J\xfa\x81\xedes\x07AwP\x00\x0c\xc7\xf1\xb9\
\x03\xd4\xc0\x01\xb6\xb7\xc9\x1d\xa2\xe7\xa5\x92v\xc9\x1d\xa2\
\x06\xea\xb4]~H\xec\x8f6\x95th\xee\x10\xe8\x8e\
\xae\x7f\xe1*g{#I[\xe5\xceQ\x13\xaf\xcc\x1d\
\xa0g\x9f\xdc\x01jbW\xdb+\xe7\x0e\xd1\xc3:)\
\xf09`h(\x00\xaa\xb7a\xee\x005\xb2Q\xee\x00\
=\xac\x93\xc28I\x1b\xe4\x0ea{yu\xfbr\xcc\
\xa2\xea\xf2\x1dA\x07P\x00T\x8fkz\xcf\xaa\xcbg\
\xd1\xb5\x1b1\x97\xa4\x0e\xeb\x84\xf5\xf1\xac:\xac\x0ft\
\x04\x05\x00\x00\x00\x1dD\x01\x00\x00@\x07Q\x00\x00\x00\
\xd0A\x14\x00\x00\x00t\x10\x05\x00\x00\x00\x1d\xc4\x5c\x00\
\xf5t\x9a\xa4\x8f\xe7\x0e\xb1\x14/\x92\xf4\x8b\xdc!\x86\
h'\x15\x13\x1c\xd5\xd9\x97%\xbd>w\x88!\xb9R\
\xd2\x01\xb9C,\xc5r\x92\xee\xcf\x1d\x02\x18\x0d\x05@\
=\xcd\x8a\x88\xc7r\x87X\x12\xdb3rg\x18\xb2'\
\x1b\xb0Nf\xe7\xce0Ds\x1b\xb0>\x96\xcb\x9d\x01\
X\x12.\x01\x00\x00\xd0A\x14\x00\x00\x00t\x10\x05\x00\
\x00\x00\x1dD\x01\x00\x00@\x07Q\x00\x00\x00\xd0A\x14\
\x00\x00\x00t\x10\x05\x00\x00\x00\x1dD\x01\x00\x00@\x07\
Q\x00\x00\x00\xd0A\x14\x00\x00\x00t\x10\x05\x00\x00\x00\
\x1dD\x01\x00\x00@\x07Q\x00\x00\x00\xd0A\x14\x00\x00\
\x00t\x10\x05\x00\x00\x00\x1dD\x01\x00\x00@\x07Q\x00\
\x00\x00\xd0A\x14\x00\x00\x00t\x10\x05\x00\x00\x00\x1dD\
\x01\x00\x00@\x07Q\x00\x00@5\x16\x0c\xa9\x0d\x90\x84\
\x02\x00\x00*\x10\x11s%=\xd6g\xb3\x07\xab\xc8\x02\
\x8c\x84\x02\x00\x00\xaa\xf3\x9b>\xff\xfe\x8aJR\x00#\
\xa0\x00\x00\x80\xea|\xa5\x8f\xbf}\x5c\xd2\xf7\xab\x0a\x02\
,\x8e\x02\x00\x00*\x12\x11\xbf\x90\xf4\x9d1\xfe\xf9{\
#bz\x85q\x80\xbfA\x01\x00\x00\xd5z\xbb\xa4o\
,\xe1\xbf\xcf\x92tTD\x9c9\xa4<\x80$iB\
\xee\x00\x00\xd0f\x111G\xd2\xd1\xb6\xcf\x90t\xb4\xa4\
]$\xad&\xe9>I\xbf\x94\xf4\xa5\x88\xb8;cD\
t\x14\x05\x00\x00\x0cADL\x9649w\x0e`!\
.\x01\x00\x00\xd0A\x14\x00\x00\x00t\x10\x05\x00\x00\x00\
\x1dD\x01\x00\x00@\x07Q\x00\x00\x00\xd0A\x14\x00\x00\
\x00t\x10\x8f\x01\x02@\x05l\xaf \xe9y\x92&\xf5\
^kIZC\xd2\x9a\xbd\xff]K\xd2\xaa\x92V\x90\
\xb4|\xaf\xd9*\x92\xc6/\xf26OK\x9a\xdd\xfb\xff\
O\xf4\xfe\xff\xf4\xde\xeb\x91E\xfe\xf7>Iw\xf5^\
\xf7G\x04\xb3\x0ab\xa9(\x00\x00`\x00\xb6\xd7\x91\xb4\
\xbd\xa4\x1d$m'is\x15\x07\xfcuKx\xfb\x89\
\xbd\x97$\xad>\xc66sl\xdf\xad\xa2\x18\xb8I\xd2\
\x0d\x92n\x94tSD\xcc*!\x13Z\x82\x02\x00\x00\
\xc6\xc8\xf6*\x92v\xed\xbd^\xa2\xe2\xa0\xbfv\xd6P\
\x7foYI\x9b\xf5^\xaf\x5c\xe4\xdf\xe7\xd9\xbe]\xd2\
\xb5\x92\xaeR1(\xd1M\x111\x7f\xf8\x11Q\x07\x14\
\x00\x00r{Z\xd2|\xfd\xed\xa9\xef\xa5\x99QQ\x96\
\xbfa\xfb9\x92\xf6\x96\xf42I\xbbI\xdaV\xcd\xbd\
wj\x82\xa4\xadz\xaf#z\xff\xf6\xa4\xed\xab%]\
)\xe9\x12I\xd7P\x10t\x07\x05\x00\x80\xac\x22b\xbe\
\xed;U\xfcb\x1d\xab[\xab\xcac{\x1bI\xfbK\
\xfaG\x15\x07\xfee\xaaZV\x0d\xac\x22i\x9f\xde\xeb\
DI\xd3m\xffZ\xc5\x1c\x05\x17F\xc4\xbd9\xc3\xa1\
Z\x14\x00\xf5\xb4\xbf\xed\x8dr\x87X\x8a5r\x07\x18\
\xb2Sm\x0f\xe5W\xe7\x00v\xca\x1d`\x00?\x92\xf4\
\xd1>\xff\xbe\x14\xb6\xc7Iz\xa9\xa4\xc3$\x1d\xa4r\
\xae\xdd7\xd5\x1a\x92\x0e\xed\xbd\x16\xd8\xfe?I\xe7J\
\xfaa\xd6T\xa8\x04\x05@=m\xde{\xa1>\xf6\xcd\
\x1d\xa0\xe5>/\xe9\xad\x1a\xdb\xf5\xf4\x1fG\xc4\xef\x06\
Y\x98\xedPq\x1d\xff0I\x87HZ\x7f\x90\xf7k\
\xa9q*\xeesx\x89\xa4\x93%\xdd\x9f7\x0e\xcaF\
\x01\x00 \xbb\x88\x98n\xfb I\x17\xaax4n4\
\xd7\xaa(\x14\x92\xd8^]\xc5\xaf\xdb\xf7\xaa\xb8\x9e\x8f\
\xb1\x19'i\x83\xdc!P\xae\xa6\xde\xcc\x02\xa0e\x22\
\xe2JI;K\xbax\x84\xff<K\xc5Y\x82\x97F\
\xc4\xe3\xfd\xbc\xaf\xedq\xb6\xf7\xb6}\xae\xa4\x07$\x9d\
.\x0e\xfe\x00g\x00\x00\xd4GD\xdc*\xe9U\xb67\
VQ\x0c\xac\xaab\x90\x9b+\x22\xe2\xa9~\xde\xcb\xf6\
r\x92\x0e\x97\xf4\x11I[\x97\x9d\x15h:\x0a\x00\x00\
\xb5\x13\x11\xf7H\xba'\xa5\xad\xed5U\x5c&x\x9f\
\xb8\xb6\x0f\x8c\x8aK\x00\xd5s\xee\x005R\x97\xcf\xa2\
.9\xea\xa05\x9f\x85\xedum\x9f\xaa\xa2p\xf8\x9c\
8\xf8\xd7\xc1?\xf6\x9e\xb2@\x0dq\x06\xa0z\xd3s\
\x07\xa8\x91Gr\x07\xe8y4w\x80\x1ay8w\x80\
A\xf5~\xf1\x7fX\xd2\xbb\xf5\xec\xb0\xb9M1C\xc5\
\xf68_\xd2\x02\x15\xe3\xfd/j\x19I+\xf5\xfe\xff\
DI\xcfQ1\xd2_S|B\xd2A\xb6OP\xf1\
\xf4Fk\x0a\xce6\xa0\x00\xa8\xdem\x92\x1e\x97\xb4Z\
\xee 5pM\xee\x00=\xbf\xcf\x1d\xa0&\xee\x95\xf4\
`\xee\x10\xa9l\xaf*\xe9\x83\x92\x8e\x91\xb4r\xe68\
\x8b\x9b+i\xea\x08\xaf\xfb\xf4\xec$>\xd3#bN\
\xbfol{e\x15\x13\x0a-\x9c\x5chc=;\xe1\
\xd0$I\x9b\xa8^\xc3\x13o\xa3b\xdc\x86\xebl\x7f\
\x22\x22.\xcc\x1d\x08\x05\x0a\x80\x8aE\xc4\x5c\xdbgJ\
zO\xee,\x99\xdd-\xe9W\xb9C\xf4\x9c\xa7b\x07\
\xdc\xb5\xc1\x8c\x16\xf7\xcd&\xfe\x22\xb3=^\xc55\xfe\
O\xab\x1e\x07\xba\x87%]'\xe9z=;\xf1\xce-\
)\x07\xf7\xb1\x88\x88\x19*\xce\x1c\xdc5\xda\xdf\xd8^\
C\xcfNN\xb4\xbd\x9e\x9d\xac(\xe7\xa8\x86;J\xba\
\xc0\xf6%\x92\xde\x1f\x117e\xcc\x02I\x91;\xc0H\
l_(\xe9\xd5}6[7\x22j\xf9k\xa6w\x8a\
\xf2ZIu\x1f\xdd\xaf*\x0b$\xbd6\x22~\x9a;\
\xc8B\xb6\xdf,\xe9;\xb9sd\xf4'I;\xf5{\
g}n\xb6\xf7\x94\xf4EI/\xc8\x18\xe3Ozv\
2\x9d\xabzO.\xd4\x9e\xed\x89*F\x8b\xdc]\xcf\
Nh\x94\xeb\xcc\xe4<\x15\x8fc\x9e\x10\x11\x5c&\xcd\
\x84\x02`Hlo-\xe9\x02\x15\xf3\x83w\xc9\x1cI\
\xef\x8a\x88o\xe5\x0e\xb28\xdb\xc7I\xfaOu\xeff\
\xd8\x9b%\xed\x1f\x11\xa3\xfe\x82\xac\x1b\xdb\x1bJ:E\
\xd2\xc1\x19\x16\xff\xb8\x8a\xb1\xf1/\x96tQD\xdc\x97\
!C\xe9zgRv\x92\xf4\xaa\xde\xeb\x85\x1a\xfew\
\xe11\x15\xf7\x09|5\x22\x16\x0cy\xd9\xa8#\xdb\x17\
\xba\x7f\xeb\xe4\xce\xbd4\xb6W\xb1\xfdo\xb6\xefH\xe8\
_\xd3<n\xfbL\x17\x85Om\xd9\xfe\x07\xdb?\xb4\
\xfdT\xd6Ok8n\xb1\xfd\x11\x17\xbf\x04\x1b\xc1v\
\xd8~\xa7\xed'\x86\xfcYM\xb3}\x8a\xed=lw\
\xe2R\xa9\xed\xb5l\xbf\xd9\xf6\x05\xb6g\x0f\xf9\xf3\xbe\
\xd25\xdfW\xb4\x11g\x002q\xb1\x13^G5]\
\x07\x03z2\x22\xear\xc7\xff\x98\xb9(\x22W\xcc\x9d\
\xa3\x02\x0b$=\x18\x11\xcf\xe4\x0e\xd2\x0f\xdb[H\xfa\
\x86\x8a\x89z\x86\xe1A\x157\xab\x9d+ir\x97\x7f\
\x91\xba\x182\xf9@\x15s%\xec\xa5\xe1\xdc/6G\
\xd2I\x92>[\xd5\xfd\x13h\x00\xb7\xf4\x0c\x00\x80\xa5\
\xb3=\xde\xf6\xf1\xb6\x9f)\xe9\xd7\xe5\x92\xcc\xb7\xfd3\
\xdb\xafuG~\xe9\xf7\xcb\xf6\xfa\xb6?f\xfb\xce!\
\xac\x0f\xdb\x9eb\xfbE\xb9\xfb\x8dLL\x01\x00t\x92\
\xed\xe7\xda\xbe\xbc\xcc\xa3\xc9(\xee\xb3\xfd)\x17C\x0e\
c\x0c\x5c\xcc\xa9\xf0J\xdb?qQ8Ui\x8e\x8b\
\x22\xb0k\xf7\xe7\xc0\x14\x00@\xe7\xd8>\xc4\xf6\xf42\
\x8f\x22#\xb8\xd5\xf61\xb6\x97\xcf\xdd\xdf&\xb3=\xc9\
\xf6Wm?]\xf1\xfa\xba\xca\xf6&\xb9\xfb\x8b!2\
\x05\x00\xd0\x19\xb6W\xb2}F\xa9\x87\x8d\xbf\xf7K\xdb\
\xfb\xd8n\xe3=7\xd9\xd8^\xcd\xc5\x8d\xa5\xf7W\xb8\
\xee\x1e\xb5}H\xee\xbebHL\x01\x00t\x82\xed\xcd\
l\xdfX\xea\xe1\xe2oM\xb6\xfd\xf2\xdc\xfdl;\xdb\
\xcb\xd9>\xda\xd5\x16\x02\xa7\xdb\xce9\x90\x11\x86\xc1\x14\
\x00@\xeb\xd9\xde\xdf\xf6c\xa5\x1e\x22\x9eu\xb5\xed\x03\
r\xf7\xb1kl\xaf\xe8\xe2\x8c@U\x97r\xae\xb0\xbd\
n\xee~\xa2B\xa6\x00\x00Z\xcb\xc5\xb3\xfd\x1fq5\
7\x92\xddc\xfbM\xe6T\x7fV..\x0d|\xce\xd5\
\x8c'0\xcd\xf6.\xb9\xfb\x88\x8a\x98\x02\x00h%\x17\
\xbf\x10\xcf/\xf5pP\x98a\xfb\xa3\xe6\xe6\xbeZ\xb1\
\xbd\x95\xed\x8b*X\xdf\xb3l\xbf>w\xffP\x01S\
\x00\x00\xadc{=\xdb\xbf/\xf50P\xf8\xbe\xed\xf5\
r\xf7\x0f\xa3sq\xb9\xe7\xae\x92\xd7\xfb\x02\xdb\x1f\xcf\
\xdd7\x94\xcc\x14\x00@\xab\xd8\xde\xc6\xf6\xd4Rw\xff\
\xf6\xbd\xb6\x0f\xcc\xdd7\x8c\x8d\xed\x89..\x0b\xcc+\
y;\xf8\x1fss`{\x98\x02\x00h\x0d\xdb\xafp\
17DY\xe6\xdb\xfeo\xdb+\xe7\xee\x1b\xfag{\
g\xdb7\x94\xb8=\xd8\xf6%l\x0f-a\x0a\x00\xa0\
\x15\x5c\x9c\xfa-sH\xdf\xbbm\xef\x91\xbb_\x18\x8c\
\xedem\x7f\xd6\xe5\xde\x08\xfa;\x17s\x18\xa0\xc9L\
\x01\x004\x9e\xed\xc3\x5c\x0c\xe9Z\x96\x1f\xda~N\xee\
~\xa1<\xb6w\xb1\xfd\xe7\x12\xb7\x91\x9b\xcc\xfd \xcd\
f\x0a\x00\xa0\xd1\x5cL+[\xd6\xb5\xde'l\xbf)\
w\x9fP\x0d\xdb\xab\xdb>\xb7\xa4m\xc5.\xa6\xbd\xde\
 w\xbf\x90\xc8\x14\x00@c\xd9>\xca\xe5\x9d\xda\xbd\
\xc9\xc5\xb4\xc0h9\xdb\xefuyg\x8c\xee\xb4\xbdQ\
\xee>!\x81)\x00\x80F\xb2\xfd\x06\x97w\xf0?\xcf\
\xf6\xaa\xb9\xfb\x84\xe1\xb1\xbd\x9b\x8b\x99\x1a\xcbp\xbb\xb9\
\x1c\xd0<\xa6\x00\x00\x1a\xc7\xf6\xc1\xb6\xe7\x96\xb0\xe3\x9e\
k\xfb\x83f4\xbfNr1^\xc4\xe4\x12\xb6#\xbb\
x\xda`\x8d\xdc}B\x1fL\x01\x004\x8a\x8by\xe2\
g\x95\xb0\xc3\x9ea{\xff\xdc\xfdA^.\x9e\x12\xf8\
n\x09\xdb\x93m_g\x9e\x0eh\x0eS\x00\x00\x8da\
\xfb\xa5.g^\xf8i\xb6_\x90\xbb?\xa8\x07\x17s\
F|\xca\xc5\x88\x7f\x83\xba\xdc\x0c\x13\xdd\x0c\xa6\x00\x00\
\x1a\xc1\xf6\xa6\xb6\x1f*a\x07}\xa3\xed\x8ds\xf7\x07\
\xf5\xe3\xe2\x89\x922&\x15:\xc7\xf6\xb8\xdc\xfd\xc1R\
\x98\x02\x00\xa8=\xdbk\xd9\xbe\xa3\x84\x1d\xf3\x15\xb6W\
\xc9\xdd\x1f\xd4\x97\xed}l\xcf,a[;)w_\
\xb0\x14\xa6\x00\x00j\xcd\xf6\xf2\xb6\xaf,a\x87|\xa9\
\xed\x95r\xf7\x07\xf5\xe7\xe2R\xd3\x13%ls\xef\xcc\
\xdd\x17,\x81)\x00\x80\xdarqm\xf6\x9c\x12v\xc4\
\xe7\x9b\xeb\xb2\xe8\x83\xed\x17\xdb\x9e>\xe0v7\xd7\xf6\
\xde\xb9\xfb\x82Q\x98\x02\x00\xa8-\xdb\x1f\x19p\x07l\
\xdb?23\xb8!\x81\xed\xedm?2\xe0\xf6\xf7\x88\
\xedI\xb9\xfb\x82\x11\x98\x02\x00\xa8%\x173\xfb\x0d:\
\xc4\xef\xcfm/\x97\xbb/h.\xdb/\xb0\xfd\xe8\x80\
\xdb\xe1\x1fmO\xcc\xdd\x97\x9c\xb8#\x12\xc0\x98\xb8\xb8\
K\xfflI\xe3\x07x\x9b_KzmD\xcc.'\
\x15\xba(\x22\xfe(\xe9\xd5\x92\x9e\x1a\xe0mv\x90t\
z9\x89P\x1as\x06\x00\xa8\x15\x177\xfd]3\xe0\
/\xae\xc9\xb6W\xcc\xdd\x17\xb4\x87\xed\xbd<\xf8t\xd3\
\xef\xc8\xdd\x0f,\xc2\x14\x00@\xad\xd8\xfe\xe2\x80;\xd9\
[\xcchlKd{'\xdb_sQh\xfd\xc9\xf6\
\xafl\x7f\xc8\xf6j\xb9\xb3\xd5\x99\xedC<\xd8\xfc\x13\
\xb3lo\x9f\xbb\x1f\xe81\x05\x00P\x1b\xb6\xf7\xf6`\
\xa3\xb1=l\xfb\xf9\xb9\xfbQW.\x86\xbd\xfd\xda\x12\
>\xe3\x87m\xef\x93;g\x9d\xd9\xfe\xf0\x00\xdb\xa7m\
O\xb1\xbdB\xee~@\x14\x00@]\xd8^\xd3\x83\xcd\
\xce\xf6\xb4\xed]r\xf7\xa3\xcel\x9f9\x86\xcfq\x8e\
\xed=sg\xad3\xdb_\x1e`;\xb5\xedSr\xf7\
\x01\xa2\x00\x00\xea\xc2\xc5\x94\xbc\xa9\xe6\xdb>0w\x1f\
\xea\xcc\xf6\x81}|\x9ew\x99\xa7'Fe{\x82\xed\
\x8b\x06\xd8^\x17\xd8\xde7w?:\xcf\x14\x00@v\
\xb6\xdf:\xc0\xce\xd4\xb6O\xcc\xdd\x87\xba\xb3}Y\x9f\
\x9f\xe9a\xb93\xd7\x99\xed\xd5=\xd8\xf0\xd4\xf7\xdb~\
N\xee~\x0c\x0b\x8f\x01\x02\xf8;\xb6\xd7\x95\xf4_\x03\
\xbc\xc5%\x92>UR\x9cV\xb2=^\xd2n}6\
\xdb\xb3\x82(\xad\x11\x11\x8fI:P\xd2\xcc\xc4\xb7\x18\
t\xbbo\x14\x0a\x00\x00#\xf9\x8a\xa4\xd4\xbb\xf6\xef\x96\
\xf4\xba\x88\x98_b\x9e6ZC\xd2\x84>\xdb\xacW\
E\x906\x89\x88\x1b%\x1d5\xc0[\xbc\xc5\x1d\x19*\
\x98\x02\x00\xc0\xdfpq\xdd\xfe\xa0\xc4\xe6\xb3U\x0c\xf4\
3\xbd\xc4Hm\xd5\xef\xc1_\x1al\x10\xa6\xce\x88\x88\
\xb3T\x14\xb1I\xcd%}\xd5\x1d\x18%\x90\x02\x00\xc0\
_\xb9x\xe6\xfc\xcb\x03\xbc\xc5\xf1\xbdQ\xda\x80\xdc>\
(iJb\xdbM%\xfd[yQ\xea\x89\x02\x00\xc0\
\xa2>%i\xfd\xc4\xb6\x97H:\xb5\xc4,@\xb2\x88\
\x98%\xe9\x9f%=\x93\xf8\x16\xef\xb7\xbdm\x89\x91j\
\x87\x02\x00\x80$\xc9\xf6V\x92R\xe7J\x7fD\xd2\x9b\
#\xc2%F\x02\x06\x12\x117I\xfahb\xf3\x09\x92\
Z=6\x00\x05\x00\x80\x85>/)u\x8a\xde\xa3#\
\xe2\xfe2\xc3\x00%\xf9\x92\xa4_$\xb6\xdd\xcb\xf6\x01\
e\x86\xa9\x13\x0a\x00\x00\xb2\xbd\x9f\xa4W%6?7\
\x22~Rf\x1e\xa0,\xbd\xb3RG+}\xe6\xc0/\
\xba\xa5\x030\xa5\xdc\x85\x8a\x01\xb8\x18\xb0\xe8 I\xdb\
JZ+s\x9c\xaa\xcc\x94t\xa7\xa4\x0b\x22\xe2\xba\xdc\
a\x96\xc6\xf6KT\x1c\xfc&Ij\xf2x\xe0\x0f\xab\
\xb8\xe9\xe9\xc7\x11\xf1\xe0X\x1b\xd9^F\xd2\xc9\x89\xcb\
|T\xd21\x89m\x81\xa1\x88\x88\xbbm\x7fR\xd2\x17\
\x12\x9ao*\xe9=*\xce\x90\xa1jn\xe1H\x80\xb6\
\xc3\xf6\xbf\xda\x9e9\xc0(UMt\x9e\xed5s\x7f\
\xfe#\xb1\xbd\xa1\xed_f\xfe|\xaa0\xd3\xf6Gm\
\xc7\x18?\x87\xb7\x0d\xb0\xac\x7f\xa9x5\xb5\x96\xed\xf5\
\x13>\xef\xf3s\xe7n*\xdb\xe3l_\x95\xb8\x9d?\
b{\x95\xdc}(\x1b\x97\x00\x86\xe7k\x92>#\xa9\
\xf5\xcf\x96.\xe6\x9f$]\xe9\x9a\x0d\xafi{CI\
\xbf\x95\xb4W\xee,\x15\x98(\xe9$I\xa7-\xed\x0f\
m/+\xe9\xe3\x89\xcb\xf9\xb5\xa4\xef&\xb6\x05\x86*\
\x22\x16Hz\x87\xa4y\x09\xcd\xd7\x90tl\xb9\x89\xf2\
\xa3\x00\x18\x02\xdb\x87\xaa\xb8\x06\xd5U\x9bk\x0c\x07\xa3\
!\xfb\x8e\xa4\x0dr\x87\xa8\xd8;l\x1f\xb2\x94\xbf9\
J\xd2s\x13\xde{\xbe\xa4c\xb9\xeb\x1fM\x12\x117\
\xa8\xf81\x96\xe2\x03u\xfb!3(\x0a\x80\xe1\xf8X\
\xee\x005p\x98\xed\xcds\x87\x90\xfez\xcd\xbf\x8d\xbf\
\xfcG2\xea\xb6g{yI\xc7'\xbe\xef\xd7zC\
\xae\x02\xa1\x12\x83T\x00\x00\x16\xbcIDATM\xf3\
II)#U\xae*\xe9\x03%g\xc9\x8a\x02\xa0b\
\xb6\xd7\x97\xb4C\xee\x1c5\x10\x92\xea2\xd5f\xea\xdd\
\xeeM\xf4\x82\xde68\x92wH\xda0\xe1=\x1f\x93\
tBz$ \x9f\xde\x84A\xa9\x13U\x1d\xe3\x9a\xde\
\xd3\x94\x82\x02\xa0z\x1b\xe7\x0eP#)\xa7\x9a\xab\xd0\
\xb5u\xf2w\xfduq\xe7\x7f\xea\xaf\x99O1\xd6?\
\x1a\xee\xab\x92nNh\xb7\x92\xa4w\x95\x9c%\x1b\x0a\
\x80\xea\xb5\xf2\xf9\xd1Du\xf9,\x96\xcd\x1d`\xc8f\
\x8c\xf0o\x87K\xda(\xe1\xbd\xeeQ\xfa5T\xa0\x16\
\x22b\x9e\xa4O$6\x7f\xb7\xed&?.\xfcW\x14\
\x00@\xbb\xcd\x90t\xc7\x08\xff\x9e\xfa\xeb\xff\xc4\x88\x98\
=@\x1e\xa0.~\x22\xe9\x9a\x84vkKzc\xc9\
Y\xb2\xa0\x00\x00\xda\xed\xfb\x8b\x1f\xb0m\xef%i\xc7\
\x84\xf7\xbaC<\xf6\x87\x96\xe8=\xc1\x92z/\xc0q\
\xb6\x1b\x7f\xfcl|\x07\x00\x8c\xea>\x8d<\xa5\xe9 \
\xd7\xfeS\x9e\xa1\x06j)\x22.\x94tuB\xd3\xcd\
%\xed_r\x9c\xa1\xa3\x00\x00\xdai\x9a\xa4W/>\
$\xb0\xedIJ{\x1a\xe3\x0eIg\x95\x90\x0b\xa8\x9b\
O'\xb6{G\xa9)2\xa0\x00\x00\xda\xe5>I\xff\
)i\x87\x88\xb8~\x84\xff\xfe6\xa5}\xef\xbf\x18\x11\
\xf3\x07J\x06\xd4PD\x5c$i\xa4\xef\xca\xd2\xecc\
\xbb.O6%a2\xa0z\xfa\xb6\x8aa\x83\xeb\xec\
\x05\x92\xfe7w\x88!\xda[\xc5\x04Gu\xf6TD\
<4\xda\x7f\xb4=A\xd2\xbf$\xbc\xef\xa3\xe2\xda?\
\xda\xedT\x15\xfb\xdd~\x8c\x93\xf4\x16\x8d|\x99\xad\x11\
(\x00\xea\xe9\xf1\x88\xa8\xf5\xc1\xc6\xf6\xda\xb93\x0c\xd9\
_\xea\xbeN\xc6`?\xa5\x0d\x7f\xfc\x95\x88\x98Yv\
\x18\xa0F\xbe/\xe9\xdf%\x8d6h\xd6h\xdej\xfb\
\xd3M=;\xc6%\x00\xa0;\xde\x96\xd0f\xb6\xa4\xaf\
\x94\x1d\x04\xa8\x93\x88\x98\xa3\xb4\xed|C\xd5g\x84\xd3\
\xbeQ\x00\x00\x1d\xd0\x1b\xbe4eG\xf5\x93\xc5o$\
\x04Z\xea[\x92\xe6&\xb4;\xa2\xec \xc3B\x01\x00\
t\xc3!J\xbb\xe4\xf7\x8d\xb2\x83\x00u\xd4+t\x7f\
\x9a\xd0\xf45\xb6W,;\xcf0P\x00\x00\xddpX\
B\x9b;%]Vr\x0e\xa0\xceR\x0a\xde\x15\xd5\xd0\
\x09\xc6(\x00\x80\x96\xb3\xbd\x8e\xa4=\x12\x9a~=\x22\
\x16\x94\x9d\x07\xa8\xb1_H\xba;\xa1\xdd\xe1e\x07\x19\
\x06\x0a\x00\xa0\xfd\x0e\x964\xbe\xcf6\xf3%\x9dQA\
\x16\xa0\xb6z\x05o\xca#\xaf\xaf\xb6\xbdR\xd9y\xaa\
F\x01\x00\xb4\xdfA\x09m~\x13\x11\xf7\x97\x9e\x04\xa8\
\xbfs\x12\xdaLT\x03\x9f\x06\xa0\x00\x00Z\xacws\
\xd2\xee\x09M\xcf.;\x0b\xd0\x04\x11q\xb3\xa4)\x09\
M)\x00\x00\xd4\xca?JZ\xae\xcf6\xf3UL\x95\
\x0atU\xcaY\x80W\xdb\x8e\xd2\x93T\x88\x02\x00h\
\xb7\x94_%\x97.iHa\xa0\x03R\x0a\x80\xf5$\
mWv\x90*Q\x00\x00\xed\xf6\xca\x846\xe7\x95\x9e\
\x02h\x90\x88\xb8]\xd2-\x09M\x1bu\x19\x80\x02\x00\
h)\xdb[J\xda$\xa1\xe9\xc5eg\x01\x1a\xe8\xa2\
\x846\x14\x00\x00j!\xe5\xd9\xff\xdb\x22\xe2\xcf\xa5'\
\x01\x9a'\xa5\x10~\x89\xedeKOR\x11\x0a\x00\xa0\
\xbdvKh\x93\xf2\xab\x07h\xa3+$=\xd5g\x9b\
\x15$\xedXA\x96JP\x00\x00\xed\xb5KB\x9b\x9f\
\x97\x9e\x02h\xa0\x88\x98\xad\xb4\xa1\xb0S\x1e\xbb\xcd\x82\
\x02\x00h\xa1\xde\xf0\xbf\x9b\xf5\xd9l\xbe\xa4\xc9\x15\xc4\
\x01\x9a\xea\xf2\x846)g\xde\xb2\xa0\x00\x00\xda)e\
't}D\xcc(=\x09\xd0\x5cW&\xb4\xa1\x00\x00\
\x90\xd5\x8b\x12\xda\x5cUz\x0a\xa0\xd9\xae\x954\xab\xcf\
6k\xdb~n\x15a\xcaF\x01\x00\xb4\xd3\x0e\x09m\
8\xfd\x0f,\xa2w\x1f\xc05\x09M\xb7/;K\x15\
(\x00\x80vJ\x19\x91\xec\xb7\xa5\xa7\x00\x9a/\xe52\
\x00\x05\x00\x80\xe1\xb3\xfd\x1cI\x1b\xf5\xd9\xec\xd1\x88H\
\x99\x07\x1dh\xbb?&\xb4i\xc4\x90\xc0\x14\x00@\xfb\
\xa4\xfc\xfa\xb8\xbe\xf4\x14@;\xdc\x90\xd0\x863\x00\x00\
\xb2\xd86\xa1\xcd\x8d\xa5\xa7\x00\xda\xe1v\xf5\x7f#\xe0\
f\xb6\xfb\x9d\x85s\xe8(\x00\x80\xf6y~B\x9b\x94\
_9@\xebE\xc4<I7\xf7\xd9l\x82\xa4I\xe5\
\xa7)\x17\x05\x00\xd0>\x93\x12\xdaL);\x04\xd0\x22\
)g\xc8\x9eWz\x8a\x92Q\x00\x00\xed\x93\xb2\xe3\xb9\
\xa3\xf4\x14@{\xdc\x99\xd0fR\xd9!\xcaF\x01\x00\
\xb4O\xbf\x83\x90\xcc\x88\x88\xe9\x95$\x01\xda\xe1\xae\x84\
6\x93\xca\x0eQ6\x0a\x00\xa0Ez\x8f\x00\xae\xdag\
\xb3\xa9\x15D\x01\xdadjB\x1b.\x01\x00\x18\xaa\x8d\
\x13\xdaL-;\x04\xd02)g\x00R\xbe\x8bCE\
\x01\x00\xb4\xcb\x9a\x09m\xa6\x96\x1d\x02h\x99\xfb$\xcd\
\xe9\xb3\xcdZU\x04)\x13\x05\x00\xd0.);\x9d\x07\
KO\x01\xb4HD,\x90\xf4H\x9f\xcd\xd6\xa8\x22K\
\x99(\x00\x80vI\xd9\xe9p\x03 \xb0t\xfd\x16\x00\
\xab\xda^\xa6\x92$%\xa1\x00\x00\xda%\xe5\x12@\xbf\
;6\xa0\x8b\xfa-\x94C\xd2s\xaa\x08R\x96\x09\xb9\
\x03\x00(\x15g\x00\xdam}\xdb\x87\xe6\x0e\xd1\x87\x87\
$]\x13\x11O\xe7\x0eR\x82\x94ByM\xd5\xf8\x12\
\x1b\x05\x00\xd0.\xab$\xb4\xa1\x00h\x8e\x17J:7\
w\x88>\xcd\xb4\xfdMI'D\xc4\x13\xb9\xc3\x0c \
\xe5{\xd2\xef#\xb9C\xc5%\x00\xa0]R& \x99\
Yz\x0a\xe0Y+J:F\xd2U\xb6\xd7\xcb\x1df\
\x00)\xdf\x93eKOQ\x22\x0a\x00\xa0]Rv8\
\xfd>\xde\x04\xa4\xd8Z\xd2\xb9\xb6#w\x90D)\xdf\
\x93Z\xcf\x08H\x01\x00\xb4K\xca\x0egv\xe9)\x80\
\x91\xed.\xe9\xb5\xb9C$J\xf9\x9ep\x06\x00\xc0\xd0\
p\x06\x00uwX\xee\x00\x89Zw\x06\x80\x9b\x00\xeb\
io\xdb\xa7\xe7\x0e\xb1\x14k\xe7\x0e0d'\xda~\
<\xd3\xb2\x9f\x91t\x83\xa4\xf3\x22\xe2\xd1\xa5\xfc-\x05\
\x00\xean\xeb\xdc\x01\x12\xa5\x9c\x01\xa0\x00@\xdf\xb6\xeb\
\xbdP\x1fu\xf8\xd5\xf2E\xdb\x9f\x8c\x88Ss\x07A\
)\xbaz\xf3eS\xcf<;\xa1M\xad\xefwh\xea\
\x8a\x00\xbah\x15I\xa7\xd8>y\x09\x7f\x93\xf2k\xbe\
\xd6\xd7)\xdb\xaa\xf7H\x5cm\x9f\x11\xaf\xd0m\xb9\x03\
$J\xf95?\xab\xf4\x14%\xa2\x00\x00\x9a\xe78\xdb\
\xaf\x1e\xe5\xbfQ\x004\xcb\xff\xe6\x0e\x90AS\xfb\x9c\
R\x00\xd4\xfa\xf2\x1a\x05\x00\xd0L\x9f\x18\xe5\xdf)\x00\
\x9a\xe5\xb3\x92\x9e\xcc\x1db\x88\xae\x93tN\xee\x10\x89\
R\xbe'\xb5~\xc2\x86\x02\x00h\xa6\x9dm\x8f4\xee\
\x7f\xeb\xeeTn\xb3\x88\x98&\xe9p\x157z\xb6\xdd\
_$\x1d\x12\x11\xf3s\x07I\xd4\xbaGl)\x00\xaa\
\x97r\xe3\x08\xb04!i\xa3\x11\xfe=e\x873q\
\xc0,\x18@D\x5c,i7IW\xe6\xceR\x91\xf9\
\x92\xce\x92\xf4\xe2\x88\xb83w\x98\x01\xa4|Oj}\
\x09\x80\xa7\x00\xaa\xb7\xb4\xc7\xb6\xba\xa4.\xb3\xce\xb5e\
\x9d\x8ct\x17y\xca\xe9\xe4\xda\xcf[\xdev\x11q\x9d\
\xa4\xddmo!\xe9\xc5\x92\xd6\x914>o\xaa\x81\xcd\
\x93t\x8f\xa4\xdfD\xc4\x03\xb9\xc3\x94 e\xa6\xcdZ\
\xcf}@\x01P\xbd;$=%i\xa5\xdcAj\xe0\
\xba\xdc\x01z\xea\x92c\x10\x8fK\xbak\x84\x7fO\x9d\
\xb1\x0c5\x10\x11\xb7J\xba5w\x0e\x8c(\xa5P\xae\
\xcb\x8f\x9e\x11q\x09\xa0b\x111K\xd2\xd9\xb9s\xd4\
\xc0}\x92~\x91;D\xcfy\xaaye>\x06gF\
\xc4\xdc\x11\xfe=e\xc62\xce\x00\x00K\xd7o\xa1l\
I\x8fU\x11\xa4,\x14\x00\xc3q\x82\xba\xf9\xbc\xefB\
\x96\xf4\xfe\x88\xa8\xc5\x8dN\xbd\xd1\xf4>\x9a;\xc7\x00\
\xee\x95t\xe2(\xff\x8d3\x00@5\xfa-\x94\x9f\x8c\
\x88Z\xdf\x03@\x010\x04\x11q\x9f\xa4\xfd%\xdd\x9f\
;K\x06\xf3%\x1d\x17\x11\xb5\x9a\xc3<\x22\xbe*\xe9\
\xdf\xd5\xbc\x9b4\xa7I\xda/\x22\x1e\x1e\xe5\xbf\xa7\x9c\
\x01Xk\x80<@\xeb\xf5f0\xec\xb7PN\xf9.\
\x0e\x15\x05\xc0\x90D\xc4\xef%\xed \xe9TI\xa3\xed\
\xbc\xdbd\xb6\xa4\x0b$\xed\x1a\x11_\xcc\x1df$\x11\
\xf1\x09I\xaf\x90t\x89\x8a\x1b\x96\xea\xecAI\x9f\x97\
\xf4\x82\x88\xb8~\x09\x7f\x97r\x06`RR\x22\xa0;\
\xd6S\xff\x8f\x01\xd6\xfa\xfa\xbf\xc4M\x80C\xd5\xfb\xd5\
v\xac\xed\xe3T\xdc\xe5\xbb\x8e\xdaY\x84=!iZ\
\xef\xfe\x87Z\x8b\x88\xcb$]f{\xa2\xa4\x0d%\xad\
\x9c7\xd1\xdfY\xa0\xe2\xe0\xff@D,\x18\xc3\xdf\xff\
%a\x19\x93\x12\xda\x00]2)\xa1\xcd=e\x87(\
\x1b\x05@\x06\xbd\x810\xee\xeb\xbdP\x03\x11\xf1\xb4\x9a\
;F\xf9_E\xc4\xc3\xb6\xfb}\xea\xe4yU\xe5\x01\
Z\x22\xe5;2\xb5\xec\x10ek\xe3\xafO\xa0\xeb\xa6\
\xf6\xf9\xf7\xab\xd8^\xbd\x8a @K\xa4\x14\x00#=\
\xa6[+\x14\x00@\xfbLMh\xb3i\xd9!\x80\x16\
\xe1\x0c\x00\x80F\x98\x9a\xd0f\xbb\xb2C\x00-\xb2}\
B\x1b\xce\x00\x00\x18\xba;\x12\xdaP\x00\x00#\xb0=\
N\xd2\xd6}6\x9b/\xce\x00\x00\xc8`JB\x9b\x94\
_8@\x17l\xa6\xfe'\x02\xba\xa3.\x03\x9f-\x09\
\x05\x00\xd0>K\x1a'`4;\x94\x9e\x02h\x87\x94\
\xe2\xf8\x86\xd2ST\x80\x02\x00h\x99\x88xD\xfd\x8f\
:\xb9\xa6\xed\xf5\xab\xc8\x034\x5cJ\x01\x90r\x16n\
\xe8(\x00\x80vJ\xf9\x05\xb2k\xe9)\x80\xe6\xdb-\
\xa1M\xcaY\xb8\xa1\xa3\x00\x00\xda)\xa5\x00H\xd9\xd1\
\x01\xade{\x82\xa4\x9d\x12\x9a\xdeXv\x96*P\x00\
\x00\xed\xf4\xfb\x846\x14\x00\xc0\xdf\xfa\x07\xf57\xaa\xa6\
T\xcc\x01P\xfbG\x00%\x0a\x00\xa0\xad&'\xb4\xd9\
\xd1v\xbf;;\xa0\xcdR\x8a\xe2\xab\x22\xa2\x11\xb3\x8c\
R\x00\x00-\xd4\x9b\x82zj\x9f\xcd&HzI\xf9\
i\x80\xc6ziB\x9b\xabJOQ\x11\x0a\x00\xa0\xbd\
\xaeLh\xb3O\xe9)\x80\x06\xb2\xbd\x8c\x8a\xe9\xc2\xfb\
\xf5\x9b\xb2\xb3T\x85\x02\x00h\xaf\x94\x02\xe0U\xa5\xa7\
\x00\x9ai7I\xab\xf6\xd9f\xb6\xa4k+\xc8R\x09\
\x0a\x00\xa0\xbdR~\x89lc{\xe3\xd2\x93\x00\xcd\xb3\
oB\x9b\xff\x8b\x88Y\xa5'\xa9\x08\x05\x00\xd0^7\
I\xba7\xa1]\xca\x8e\x0fh\x9b\x94\xb3a?/=\
E\x85(\x00\x80\x96\xea\xdd\x89|qB\xd3\x7f*;\
\x0b\xd0$\xb6')m\x82\xac\x94\xef[6\x14\x00@\
\xbb\xa5\xec\x90\xf6\xb6\xfd\x9c\xd2\x93\x00\xcdq\xb8\xa4\xe8\
\xb3\xcd\xc3\x92\xae\xab Ke(\x00\x80v\xfb\x85\xa4\
\xb9}\xb6YF\xd2k+\xc8\x024\xc5\xe1\x09m.\
\x8a\x88\x05\xa5'\xa9\x10\x05\x00\xd0b\x11\xf1\xa4\xa4\xdf\
&4M\xd9\x01\x02\x8dg\xfb\xf9\x92vLh\xda\xa8\
\xd3\xff\x12\x05\x00\xd0\x05?Ih\xf3\x0a\xdbk\x95\x9e\
\x04\xa8\xbf\x94\xe2w\xb6\xa4\x9f\x95\x1d\xa4j\x14\x00@\
\xfb\xfdPR\xbf\xa7&'H:\xa2\x82,@m\xd9\
\x0eIoNhzqD<Qv\x9e\xaa\xb5\xa9\x00\
\xe8\xf7\x86\x0d\xa0\x13\x22b\x9a\xa4\xab\x13\x9a\xbe\xbd\xb7\
C\x04\xba\xe2e\x926KhwN\xd9A\x86\xa1\xae\
\x05@\xca@\x0a\xdc\xb5\x0c\x8c\xee\xdc\x846[J\xda\
\xb5\xec @\x8d\x1d\x95\xd0f\x96\xa4\x0b\xcb\x0e2\x0c\
u-\x00f$\xb4Y\xaf\xf4\x14@{\x9c+i~\
B\xbb\x94\x1d\x22\xd08\xb6W\x93t`B\xd3\x0b{\
7\xdb6N]\x0b\x80\xe9\x09m6/=\x05\xd0\x12\
\x11\xf1\x80\xa4K\x13\x9a\x1e\xca\x98\x00\xe8\x88\xb7HZ\
!\xa1\xdd\x0f\xca\x0e2,u-\x00nOhs@\
\xe9)\x80v\xf9fB\x9b\x89\x92\xdeYv\x10\xa0N\
l\x8f\x97\xf4\x9e\x84\xa6\x0fJ\xfai\xc9q\xba\xcd\xf6\
\x9e\xee\xdf\xac\xde)\x1c\x00#\xb0\xbd\xac\xed\x87\x12\xbe\
[\x0f\xda^>w~\xa0*\xb6_\x9f\xf0\xbd\xb0\xed\
\xcf\xe6\xce>\x88\xba\x9e\x01\xf8\x83\xfa\x1f\xbdl9I\
\x1f\xae \x0b\xd0\x0a\x111G\xd2\x19\x09M\xd7\x16\x8f\
\x04\xa2\xdd\x8eIhcI\xdf.;\x08$\xd9\xbe:\
\xa1\x1a\x9bi{\xc3\xdc\xd9\x81\xba\xb2\xbd\xa5\xed\x05\x09\
\xdf\xad\x9b\xcc#\x81h!\xdb/O\xf8>\xd8\xf6\xaf\
sg\x1fT]\xcf\x00Hi\xc3*N\x94t\x8e\xed\
\xe5\xca\x0e\x03\xb4AD\xfcI\xd2e\x09M\xb7\x96t\
p\xb9i\x80Z\xf8Db\xbb\xaf\x95\x9a\x02\xcf\xb2\xbd\
i\xe2/\x15\xdb\xfe\xae\xed:\x177@6\xb6\xf7O\
\xfc^M\xe1{\x856\xb1\xfd\x8a\xc4\xef\xc2]\xb6'\
\xe4\xce\xdfj\xb6\xafH\x5c9\xb6}\xbe\xed\x95s\xf7\
\x01\xa8\x1b\xdb\xe1\xe2\x94~\x8a\xd7\xe5\xce\x0f\x94\xc5\xf6\
\xe5\x89\xdf\x83\xf7\xe5\xce\xdez\xb6\x0fH\x5c9\x0b\xdd\
b\xfbU\xb9\xfb\x01\xd4\x8d\xed\xb7%~\xa7n3\xbf\
|\xd0\x02\xb6\xf7M\xfc\x0e<j{\xa5\xdc\xf9[\xcf\
\xc5/\x95?&\xae\xa4E]j\xfb\x08\xdb\xab\xe7\xee\
\x13P\x07\xb6\x97\xb7\xfd@\xe2\xf7\x89\xd1\x01\xd1h\xb6\
\xc7\xd9\xfeC\xe2\xf6\x7fR\xee\xfce\xa9\xfd]\xbd\xb6\
\xf7\x92\xf4\xcb\x92\xden\x9e\xa4\xeb%\xdd'i\x9a\xa4\
F\x0e\xdf\x08\x94d\x17I{$\xb4{P\xd2\x16M\
\x9c\xfd\x0c\x90$\xdbGJ\xfaVB\xd3g$m\x1a\
\x11\xf7\x97\x1c)\x8b\xda\x17\x00\x92d\xfb,I\xff\x9c\
;\x07\x80\xbf:9\x22>\x94;\x04\xd0/\x17\xf7\x86\
\xdd\xaa\xb4\xf9c\xbe\x10\x11\xc7\x95\x1c)\x9b\xa6\x14\x00\
kI\xbaN\xd2\x06\xb9\xb3\x00\x90$\xcd\x91\xb4]D\
\xdc\x96;\x08\xd0\x0f\xdb\xff))\xa5x\x9d\xa9\xe2\xd7\
\xff\x83%G\xca\xa6\x11\x8f\xf4D\xc4\xc3\x92^\xaf\xe2\
\x14>\x80\xfc\x96\x95\xf4\x85\xdc!\x80~\xd8\xde\x5ci\
\xa3\xfeI\xd2\x7f\xb7\xe9\xe0/5\xa4\x00\x90\xa4\x88\xb8\
B\xc5\xa4$\xce\x9d\x05\x80$i?\xdb\x87\xe5\x0e\x01\
\x8c\x85\x8b\x91,OSQ\xbc\xf6\xeb)\xb5\xb0\xe0m\
L\x01 I\x11\xf1MI\x1f\xcb\x9d\x03\xc0_}\xc9\
L\x17\x8cfx\x9b\xa4\xbd\x12\xdb\xfeW\xefLt\xab\
4\xe2\x1e\x80\xc5\xd9>FE5\xd6\xa8\x02\x06h\xa9\
\xff\x89\x88#s\x87\x00Fc{]I7KJy\
\x14|\x9a\x8a\xa7^\x9e.7U~\x8d<\x80F\xc4\
\xa9\x92^'iF\xee,\x00\xf4/\xb6\xf7\xce\x1d\x02\
X\x82\xd3\x94v\xf0\x97\xa4\x0f\xb5\xf1\xe0/5\xf4\x0c\
\xc0B\xb6\xb7\x90t\xb6\xa4\x17\xe4\xce\x02t\xdc\xbd\x92\
v\x88\x88\xe9\xb9\x83\x00\x8b\x1a\xe0\x99\x7fI\xbaJ\xd2\
\xee\x11\xd1\xca{\xcf\x1ay\x06`\xa1\x88\xb8U\xd2\x8b\
%}X\xc5M\x1a\x00\xf2\xd8@\xd27r\x87\x00\x16\
e{SI\xa7$6_ \xe9\xd8\xb6\x1e\xfc\xa5\x86\
\x17\x00\x92\x14\x11s#\xe2\xbf$m)\xe9TI\xad\
<U\x034\xc0\x81\xb6\xdf\x96;\x04 I\xb6\x97\x91\
\xf4\x03I\xa9\x93\xc2}=\x22\xae)1R\xed4\xfa\
\x12\xc0Hl\xaf-\xe9M\xbd\xd7v\x99\xe3\x00]3\
S\xd2\x0b{g\xe7\x80ll\x7fV\xd2\xf1\x89\xcd\xef\
\x95\xb4M\xdb\x87\xbbn]\x01\xb0\xa8\xde=\x02{I\
z\x99\xa4\xed%m\xa2\xb4g@\x81\xae\x99')u\
\xd6\xbf[%\xbd8\x22\x98k\x03Y\xd8>@\xd2y\
J?\xcb}`D\x9cWb\xa4Zju\x01\xb08\
\x17\xd3\x98\xae\xa7\xe2\x94\xd0\xc2\x17\x80g\xcdS1\xd9\
\xcf\x1cI\x7f\x94\x94:\xed\xe9y\x92\x0ej\xf3\xf5S\
\xd4\x93\xed\xcd$]#i\xd5\xc4\xb7\xf8QD\x1cZ\
b$\x00h\x16\xdb\xefO\x9c.u\xa1\x0f\xe6\xee\x03\
\xba\xc5\xf6\x8a\xb6o\x1c`\x9b}\xd4v\xca$A\x00\
\xd0\x1e.\xe6L\xff\xf5\x00;\xd3\xb9f|\x00\x0c\x89\
\xed\xb0}\xee\x00\xdb\xab\xcd\xd0\xd6\x00P\xb0\xbd\x81\xed\
G\x06\xd8\xa1>a{\xfb\xdc\xfd@\xfb\xd9\xfe\xdc\x80\
\x07\xff\xff\xc9\xdd\x07\x00\xa8\x15\xdb\x07\x0d\xb8c\x9df\
{\xc3\xdc\xfd@{\xd9~\xeb\x80\xdb\xe8\x9fm\xaf\x92\
\xbb\x1f\x00P;\xb6\xbf=\xe0\x0e\xf6\x0f\xb6So(\
\x04Fe{\x1f\x17\x97\x9bR\xcd\xb5\xbdK\xee~\x00\
@-\xd9^\xc9\xf6\xcd\x03\x16\x01?\xb7\xbd\x5c\xee\xbe\
\xa0=l\xefl\xfb\xc9\x01\xb7\xcb\x8f\xe4\xee\x07\x00\xd4\
\x9a\xed\xcdm?>\xe0\xce\xf6<\x17#\xb4\x01\x03\xb1\
\xbd\x9d\xed\xe9%l\x8f\x9dz\x1c\x1e\x00\x92\xd8~\x8d\
\xed\x05\x03\xeet\x7fh{|\xee\xbe\xa0\xb9lof\
\xfb\xfe\x01\xb7\xc3[m\xa7\x8e\x15\x00\x00\xddc\xfb\xb3\
\x03\xeexm\xfb\x9b\xb6\x1b?\x17\x09\x86\xcf\xf6&\xb6\
\xff2\xe0\xf6\xf7\xa4\xed\xads\xf7\x05\x00\x1a\xc5\xf6x\
\xdb\x17\x0f\xb8\x03\xb6\xed3\xcc\x99\x00\xf4\xc1\xf6V\xb6\
\xef\x1dp\xbb[`\xfb\xe0\xdc}\x01\x80F\xb2\xbd\xb2\
\xed?\x0e\xb8#\xb6\xed\xf3\xcd\x8d\x81\x18\x03\xdb;\xda\
~\xa8\x84m\x8e\x9b\xfe\x00`\x10\xb67\xf2\xe0\xbf\xc6\
l\xfbB\xdb+\xe4\xee\x0f\xea\xcb\xf6.\xb6\x1f+a\
[;=w_\x00\xa0\x15\x5c\xfc*\x9bQ\xc2\x8e\xf9\
j\x17Sy\x03\x7f\xc3\xf6\xbe\x1e\xfcQ?\xdb\xbe\xc8\
\xc5\x84p\x00\x802\xd8\xde\xcf\x83\x0d\xc4\xb2\xd0\xed.\
fr\x03$I\xb6\xdfg{^\x09\xdb\xd6\xb5\xb6\x99\
\xfd\x15\x00\xcaf\xfb\x90\x92v\xd4\xd3m\xef\x91\xbb?\
\xc8\xcb\xc5\x8d\xa6\x83\x8e\xed\xbf\xd0m\xb6\xd7\xcd\xdd'\
\x00h-\xdbGy\xf01\x02l\xfb\x19\xdbG\xe6\xee\
\x0f\xf2\xb0\xbd\xba\xed\x0bJ\xd8\x8el\xfbN3\x0f\x05\
\x00T\xcf\xf6{K\xdaq\xdb\xc5c\x82\xdc\x1c\xd8!\
\xb6w\xb0}GI\xdb\xcf4\xdb\x9b\xe4\xee\x13\x00t\
\x86\xed\x7f-i\x07n\xdb\xbf\xb3\xbdQ\xee>\xa1z\
\xb6\x8f\xb0=\xb3\xa4\xed\xe6\x01\xdb[\xe5\xee\x13\x00t\
\x8e\xed\x0f\xba\x9c\xcb\x01v\xf1\xec\xf7\x01\xb9\xfb\x84j\
\xd8\x9eh\xfbk%m+v1J\xe0\x16\xb9\xfb\x05\
\x00\x9de\xfbh\xdb\xf3K\xdc\xb1\x9fa{\xc5\xdc\xfd\
Bylok\xfb\x86\x12\xb7\x91\xbblo\x9a\xbb_\
\x00\xd0y\xb6_\xe7r\x1e\x11\x5c\xe8\x16\xdb;\xe6\xee\
\x17\x06c;l\x1fc{v\xc9\xdb\xc6\x06\xb9\xfb\x06\
\x00\xe8\xb1}\xa0\xed\xa7K\xdc\xd1\xcf\xb6\xfdof\x08\
\xe1Fr1\x9e\xff\xe4\x12\xb7\x07\xbb\xb8Wd\xad\xdc\
}\x03\x00,\xc6\xf6\xce\xb6\x1f,y\xa7\x7f\x9b\xed\x97\
\xe7\xee\x1b\xc6\xc6\xf62\xb6?b{V\xc9\xdb\xc1O\
lO\xcc\xdd?\x00\xc0(lo\xeab\x0e\xf62\xcd\
\xb7\xfde\xdb\xab\xe5\xee\x1fFg{w\xdbSJ^\
\xf7\xb6}\x8a\x99Q\x12\x00\xea\xcf\xc5 /\x97Up\
 \x98\xee\xe2\x9a2c\xbd\xd7\x88\xed\x0d\x5c\xdc\xbcY\
\xd6\x13!\x0b\xcd\xb3\xfd\xbe\xdc\xfd\x03\x00\xf4\xc1\xf6r\
\xb6O-\xf9\x80\xb0\xd0-\xb6\xf7\xcd\xdd\xc7\xae\xb3\xbd\
\x82\x8b\xd3\xfdeL\x14\xb5\xb8\xe9\xacc\x00h0\xdb\
G\xba\x18\xf6\xb7\x0a\x17\xd8\xfe\x87\xdc}\xec\x1a\xdb\xcb\
\xda~\xa7\x8bQ\xf8\xaap\xad\xed\xe7\xe5\xee'\x00`\
@.\xa6\x13\xbe\xb3\xa2\x83\x85m_b\x1e\x1b\xac\x9c\
\xedq\xb6\x0fuy\xc3\xf8\x8e\xe4Ls\xb3\x1f\x00\xb4\
\x87\xed5]\xde\xe4/#\x99o\xfb\x5c\xdb/\xca\xdd\
\xd7\xb6\xb1\xbd\xbc\x8b\x01\x9fn\xafp\xfd=m\xfb\xed\
\xb9\xfb\x0a\x00\xa8\x88\xed7\xb9\xbc\xb1\xe0G3\xd9\xc5\
/U\xee\x1c\x1f\x80\xedU]\xdctyo\xc5\xebk\
\x8a\xed\xeds\xf7\x17\x00P1\xdb\xdb\xd8\xbe\xbe\xe2\x83\
\x8a]\xdc,\xf8^\xdb\xab\xe7\xees\x93\xd8~\xa1\x8b\
q\xfb\xab.\xd4\x16\xd8\xfe\xbc\x19\xec\x09\x00\xba\xc3\xc5\
S\x02\x9fw\xf1\xa8W\xd5\x9e\xb1\xfd=\xdb{\xd8\x8e\
\xdc}\xaf#\x17\xbf\xf6\xdfi\xfb\x0fCX\x1fv1\
\x99\xcf\xde\xb9\xfb\x0d\x00\xc8\xc4\xc5\xe8\x81eN\x14\xb3\
4\xb7\xd9>\xd1\xf66\xb9\xfb\x9e\x9b\x8bk\xfb\xaf\xb5\
}\x96\xab\xff\xb5\xbf\xd0\xc2A\x9dV\xc9\xdd\x7f\x00@\
f.\x86\x8f\xfd\xb8\xcb\x1f>vi\xa6\xd8\xfe\x84;\
T\x0c\xb8xv\x7f\x7f\x17\x03\xf7<1\xe4\xcf\xfb&\
\xdb\xbb\xe6\xfe\x0c\x00\x005c{K\xdb\xbf\x1e\xf2A\
i\xa1\xbbm\x9f\xeebR\xa3\x95s\x7f\x16e\xb2\xbd\
\xb9\x8b\x9b\xf9.v\xb9\x136\x8d\xd5\xd3\xb6O0\xd7\
\xfa\xb3\xe0\x9a\x17\x80\xc6\xb0}\xb0\xa4\xff\x92\x94k0\
\x98\xb9\x92\xae\x91t\xa5\xa4\xc9\x92\xae\x8a\x88G2e\
\xe9\x8b\xedq\x92\xb6\x96\xb4\xbb\xa4\xdd$\xbdT\xd2s\
s\xc5\x91\xf4CI\x1f\x8e\x88\xbb3e\xe8<\x0a\x00\
\x00\x8db{yI\x1f\x90\xf4QI+e\x8e#I\
\x7f\x92\xf4\x07I7J\xbaA\xd2\x8d\x111-g \
\xdb\xcbJ\xdaJ\xd2v\xbd\xd7\x0e\x92v\x96T\x87I\
\x93\xae\x95tlD\xfc&w\x90\xae\xa3\x00\x00\xd0H\
\xb6\xd7\x97\xf4IIGJZ&s\x9c\xc5=*\xe9\
6IS%\xdd\xd5\xfb\xdf\xa9\x92\xee\x934]\xd2\xf4\
\x88\x98\x93\xfa\xe6\xbdK\x11kHZG\xd2\x86\x92&\
\xa98+2I\xd2&\x92\x9e\xaf\xfa}&S%}\
J\xd2\x19\x11\xb1 s\x16\x88\x02\x00@\xc3\xb9\x18\x1b\
\xfe\x93\x92\xde \xa9I\xb3\x01\xce\x90\xf4\x88\x8abA\
\x92\x9eRq\x89a\xbe\xa4\xa7%-\xbc\xdf`%\x15\
\x07\xf3\xe5T\x1c\xf4\xd7\x90\xb4\xecP\x93\x0ef\x9a\xa4\
\xcfH\xfa\xf6 E\x0f\xcaG\x01\x00\xa0\x15lo.\
\xe9\x04I\x87Kb\xa4\xbf\xfc\x1e\x90\xf49I\xa7G\
\xc4\xac\xdca\xf0\xf7(\x00\x00\xb4J\xef\x8c\xc0\xb1\x92\
\xde*i\xc5\xccq\xba\xe8\x0eI_\x96\xf4\xf5\x88x\
&w\x18\x8c\x8e\x02\x00@+\xd9^U\xd2\xbfH\xfa\
\x90\xa4\x0d\xf2\xa6\xe9\x84+%\x9d*\xe9\xc7\x111?\
w\x18,\x1d\x05\x00\x80V\xeb=5p\x88\xa4\xa3T\
<\xfa\xc6~\xaf<OJ\xfa\x81\xa4oD\xc4\xb5\xb9\
\xc3\xa0?|\x11\x00t\x86\xed\xcdT\x5c\x1ax\x8b\xa4\
\xb53\xc7i\xb2?H\xfa\xba\xa4\x1fD\xc4S\xb9\xc3\
 \x0d\x05\x00\x80\xce\xe9='\xff*\x157\x0c\x1e\xa0\
z\x8c'Pw\xb7I:G\xd2\xd9\x11qs\xee0\
\x18\x1c\x05\x00\x80N\xeb]\x22\xd8[\xd2\xa1\x92\x0e\x14\
\xc5\xc0\xa2\xee\x91t\x9e\xa4\x1fF\xc4\xe4\xdcaP.\
\x0a\x00\x00\xe8\xb1\xbd\x82\x8aar\xff\xb1\xf7za\xde\
DC7O\xd2\xef$\xfdT\xd2/%]\x1b\x11\xce\
\x1b\x09U\xa1\x00\x00\x80Q\xd8\xdeT\xc5\xa5\x82\x97\xa9\
(\x0c\xd6\xcb\x9b\xa8t\xf3U\x0c_<Y\xc5\x01\xff\
W\x1113o$\x0c\x0b\x05\x00\x00\x8cQ\xaf \xd8\
\xad\xf7z\x89\x8a\xf1\xf6\xeb6\xe4\xee\x92<\xaab,\
\xfe+{\xaf\xdfF\xc4\x8c\xbc\x91\x90\x0b\x05\x00\x00$\
\x1ae\xd2\x9d\xcd$m\xa4\xbc\x85\xc1\x93\x92\xee\x94t\
\xb3\x8a_\xf8\xb5\x98\xa4\x08\xf5B\x01\x00\x00%\xb3=\
^\xc5$=\x0b'\xe8\x99$i-Ik\xf6\xfew\
\x8dE^\xcb\xf7\xf1\xd6\x8f\xab\x98?`\xfa\x22\xafG\
$\xdd\xabE&\x1e\x8a\x88GG{\x03`!\x0a\x00\
\x00\xa8\x01\xdb\xab\xa9\xd8'/+i\xa2\x8a\x83\xbd$\
\xcdbH]\x00\x00\x00\x00\x00\x00\x00\x00\x00\x00\x00\x00\
\x00\x00\x00\x00\x00\x00\x00\x00\x00\x00\x00\x00\x00\x00\x00\x00\
\x00\x00\x00\x00\x00\x00\x00\x00\x00\x00\x00\x00\x00\x00\x00\x00\
\x00\x00\x00\x00\x00\x00\x00\x00\x00\x00\x00\x00\x00\x00\x00\x00\
\x00\x00\x00\x00\x00\x00\x00\x00\x00\x00\x00\x00\x00\x00\x00\x00\
\x00\x00\x00\x00\x00\x00\x00\x00\x00\x00\x00\x00\x00\x00\x00\x00\
\x00\x00\x00\x00\x00\x00\x00\x00\x00\x00\x00\x00\x00\x00\x00\x00\
\x00\x00\x00\x00\x00\x00\x00\x00\x00\x00\x00\x00\x00\x00\x00\x00\
\x00\x00\x00\x00\x00\x00\x00\x00\x00\x00\x00\x00\x00\x00\x00\x00\
\x00\x00\x00\x00\x00\x00\x00\x00\x00\x00\x00\x00\x00\x00\x00\x00\
\x00\x00\x06\xf4\xff\x01\xe5\x7f\x88\xb1\xf0\xea\xcb\xfd\x00\x00\
\x00\x00IEND\xaeB`\x82\
"

qt_resource_name = b"\
\x00\x03\
\x00\x00p7\
\x00i\
\x00m\x00g\
\x00\x0a\
\x08\x94`G\
\x00s\
\x00e\x00a\x00r\x00c\x00h\x00.\x00p\x00n\x00g\
\x00\x08\
\x08\xc8Xg\
\x00s\
\x00a\x00v\x00e\x00.\x00p\x00n\x00g\
\x00\x0c\
\x0cS\xbf'\
\x00a\
\x00d\x00d\x00-\x00l\x00i\x00s\x00t\x00.\x00p\x00n\x00g\
\x00\x09\
\x0a\xc5\x87'\
\x00a\
\x00l\x00t\x00e\x00r\x00.\x00p\x00n\x00g\
\x00\x08\
\x00\xa7Y'\
\x00l\
\x00i\x00s\x00t\x00.\x00p\x00n\x00g\
\x00\x0f\
\x08\xa7\xcf\xc7\
\x00b\
\x00a\x00c\x00k\x00-\x00b\x00u\x00t\x00t\x00o\x00n\x00.\x00p\x00n\x00g\
\x00\x07\
\x0d\xb3W\x87\
\x00f\
\x00t\x00p\x00.\x00p\x00n\x00g\
\x00\x08\
\x0cXY'\
\x00m\
\x00e\x00n\x00u\x00.\x00p\x00n\x00g\
\x00\x0d\
\x01a\xdd\x07\
\x00m\
\x00a\x00i\x00n\x00_\x00i\x00c\x00o\x00n\x00.\x00p\x00n\x00g\
\x00\x09\
\x08\x9b\xa0G\
\x00t\
\x00r\x00a\x00s\x00h\x00.\x00p\x00n\x00g\
\x00\x0a\
\x0ah\x0eg\
\x00c\
\x00u\x00r\x00s\x00o\x00r\x00.\x00p\x00n\x00g\
\x00\x0c\
\x07\x17\x80'\
\x00s\
\x00c\x00h\x00e\x00d\x00u\x00l\x00e\x00.\x00p\x00n\x00g\
"

qt_resource_struct = b"\
\x00\x00\x00\x00\x00\x02\x00\x00\x00\x01\x00\x00\x00\x01\
\x00\x00\x00\x00\x00\x00\x00\x00\
\x00\x00\x00\x00\x00\x02\x00\x00\x00\x0c\x00\x00\x00\x02\
\x00\x00\x00\x00\x00\x00\x00\x00\
\x00\x00\x00r\x00\x00\x00\x00\x00\x01\x00\x00\xd4F\
\x00\x00\x01\x90;\x7fW\xf1\
\x00\x00\x00\xd6\x00\x00\x00\x00\x00\x01\x00\x01S\x00\
\x00\x00\x01\x89\xees\x14>\
\x00\x00\x01(\x00\x00\x00\x00\x00\x01\x00\x01\xa7\xa4\
\x00\x00\x01\x90:+bc\
\x00\x00\x00\x0c\x00\x00\x00\x00\x00\x01\x00\x00\x00\x00\
\x00\x00\x01\x90:O\xb0R\
\x00\x00\x00\xf6\x00\x00\x00\x00\x00\x01\x00\x01W`\
\x00\x00\x01\x909\xc9\x1a?\
\x00\x00\x00\x88\x00\x00\x00\x00\x00\x01\x00\x00\xf71\
\x00\x00\x01\x90N\xcf\x07\x90\
\x00\x00\x00&\x00\x00\x00\x00\x00\x01\x00\x00[2\
\x00\x00\x01\x90<i\xd2\x8f\
\x00\x00\x01\x0e\x00\x00\x00\x00\x00\x01\x00\x01\x81w\
\x00\x00\x01\x90<m\x16i\
\x00\x00\x00Z\x00\x00\x00\x00\x00\x01\x00\x00\x9d\x92\
\x00\x00\x01\x90:%\xfa}\
\x00\x00\x00<\x00\x00\x00\x00\x00\x01\x00\x00\x8b\xe7\
\x00\x00\x01\x909\xc6\xe0Y\
\x00\x00\x00\xc0\x00\x00\x00\x00\x00\x01\x00\x01B\xb7\
\x00\x00\x01\x909\xcb\xcd;\
\x00\x00\x00\xac\x00\x00\x00\x00\x00\x01\x00\x01\x1d\x90\
\x00\x00\x01\x90:*c\x82\
"

def qInitResources():
    QtCore.qRegisterResourceData(0x03, qt_resource_struct, qt_resource_name, qt_resource_data)

def qCleanupResources():
    QtCore.qUnregisterResourceData(0x03, qt_resource_struct, qt_resource_name, qt_resource_data)

qInitResources()
